{
	"__comment": "Designed by Progical",
	"textures": {
		"0": "block/dark_oak_trapdoor",
		"1": "ctm/trapdoors/dark_oak/front",
		"2": "ctm/trapdoors/dark_oak/side",
		"particle": "block/dark_oak_trapdoor"
	},
	"elements": [
		{
			"from": [0, 0, 14],
			"to": [16, 3, 16],
			"faces": {
				"north": {"uv": [0, 1.5, 16, 2], "texture": "#0"},
				"east": {"uv": [0, 0, 2, 3], "texture": "#2"},
				"south": {"uv": [0, 0, 16, 3], "texture": "#1"},
				"west": {"uv": [14, 0, 16, 3], "texture": "#2"},
				"up": {"uv": [0, 0, 16, 2], "rotation": 180, "texture": "#0"},
				"down": {"uv": [0, 0, 16, 2], "texture": "#0"}
			}
		},
		{
			"from": [0, 0, 0],
			"to": [16, 3, 2],
			"faces": {
				"north": {"uv": [0, 0, 16, 3], "texture": "#1"},
				"east": {"uv": [14, 0, 16, 3], "texture": "#2"},
				"south": {"uv": [0, 14, 16, 14.5], "texture": "#0"},
				"west": {"uv": [0, 0, 2, 3], "texture": "#2"},
				"up": {"uv": [0, 14, 16, 16], "rotation": 180, "texture": "#0"},
				"down": {"uv": [0, 14, 16, 16], "texture": "#0"}
			}
		},
		{
			"from": [0, 0, 2],
			"to": [2, 3, 14],
			"faces": {
				"north": {"uv": [0, 0, 2, 3], "texture": "#missing"},
				"east": {"uv": [14, 2, 14.5, 14], "rotation": 90, "texture": "#0"},
				"south": {"uv": [0, 0, 2, 3], "texture": "#missing"},
				"west": {"uv": [2, 0, 14, 3], "texture": "#2"},
				"up": {"uv": [14, 2, 16, 14], "rotation": 180, "texture": "#0"},
				"down": {"uv": [0, 2, 2, 14], "texture": "#0"}
			}
		},
		{
			"from": [14, 0, 2],
			"to": [16, 3, 14],
			"faces": {
				"north": {"uv": [0, 0, 2, 3], "texture": "#missing"},
				"east": {"uv": [2, 0, 14, 3], "texture": "#2"},
				"south": {"uv": [0, 0, 2, 3], "texture": "#missing"},
				"west": {"uv": [1.5, 2, 2, 14], "rotation": 90, "texture": "#0"},
				"up": {"uv": [0, 2, 2, 14], "rotation": 180, "texture": "#0"},
				"down": {"uv": [14, 2, 16, 14], "texture": "#0"}
			}
		},
		{
			"from": [6, 0, 6],
			"to": [10, 3, 10],
			"faces": {
				"north": {"uv": [0, 0, 3, 3], "texture": "#missing"},
				"east": {"uv": [0, 0, 3, 3], "texture": "#missing"},
				"south": {"uv": [0, 0, 3, 3], "texture": "#missing"},
				"west": {"uv": [0, 0, 3, 3], "texture": "#missing"},
				"up": {"uv": [6, 6, 10, 10], "rotation": 180, "texture": "#0"},
				"down": {"uv": [6, 6, 10, 10], "texture": "#0"}
			}
		},
		{
			"from": [10, 0, 6],
			"to": [14, 3, 10],
			"faces": {
				"north": {"uv": [2, 9.5, 6, 10], "texture": "#0"},
				"east": {"uv": [0, 0, 4, 3], "texture": "#missing"},
				"south": {"uv": [10, 6, 14, 6.5], "texture": "#0"},
				"west": {"uv": [0, 0, 4, 3], "texture": "#missing"},
				"up": {"uv": [2, 6, 6, 10], "rotation": 180, "texture": "#0"},
				"down": {"uv": [10, 6, 14, 10], "texture": "#0"}
			}
		},
		{
			"from": [2, 0, 6],
			"to": [6, 3, 10],
			"faces": {
				"north": {"uv": [10, 9.5, 14, 10], "texture": "#0"},
				"east": {"uv": [0, 0, 4, 3], "texture": "#missing"},
				"south": {"uv": [2, 6, 6, 6.5], "texture": "#0"},
				"west": {"uv": [0, 0, 4, 3], "texture": "#missing"},
				"up": {"uv": [10, 6, 14, 10], "rotation": 180, "texture": "#0"},
				"down": {"uv": [2, 6, 6, 10], "texture": "#0"}
			}
		},
		{
			"from": [6, 0, 10],
			"to": [10, 3, 14],
			"faces": {
				"north": {"uv": [0, 0, 4, 3], "texture": "#missing"},
				"east": {"uv": [6, 2, 6.5, 6], "rotation": 90, "texture": "#0"},
				"south": {"uv": [0, 0, 4, 3], "texture": "#missing"},
				"west": {"uv": [10, 9.5, 14, 10], "texture": "#0"},
				"up": {"uv": [6, 2, 10, 6], "rotation": 180, "texture": "#0"},
				"down": {"uv": [6, 2, 10, 6], "texture": "#0"}
			}
		},
		{
			"from": [6, 0, 2],
			"to": [10, 3, 6],
			"faces": {
				"north": {"uv": [0, 0, 4, 3], "texture": "#missing"},
				"east": {"uv": [6, 10, 6.5, 14], "rotation": 90, "texture": "#0"},
				"south": {"uv": [0, 0, 4, 3], "texture": "#missing"},
				"west": {"uv": [10, 9.5, 14, 10], "texture": "#0"},
				"up": {"uv": [6, 10, 10, 14], "rotation": 180, "texture": "#0"},
				"down": {"uv": [6, 10, 10, 14], "texture": "#0"}
			}
		},
		{
			"from": [10, 0.5, 10],
			"to": [14, 2.5, 14],
			"faces": {
				"north": {"uv": [0, 0, 4, 2], "texture": "#missing"},
				"east": {"uv": [0, 0, 4, 2], "texture": "#missing"},
				"south": {"uv": [0, 0, 4, 2], "texture": "#missing"},
				"west": {"uv": [0, 0, 4, 2], "texture": "#missing"},
				"up": {"uv": [2, 2, 6, 6], "rotation": 180, "texture": "#0"},
				"down": {"uv": [10, 2, 14, 6], "texture": "#0"}
			}
		},
		{
			"from": [2, 0.5, 10],
			"to": [6, 2.5, 14],
			"faces": {
				"north": {"uv": [0, 0, 4, 2], "texture": "#missing"},
				"east": {"uv": [0, 0, 4, 2], "texture": "#missing"},
				"south": {"uv": [0, 0, 4, 2], "texture": "#missing"},
				"west": {"uv": [0, 0, 4, 2], "texture": "#missing"},
				"up": {"uv": [10, 2, 14, 6], "rotation": 180, "texture": "#0"},
				"down": {"uv": [2, 2, 6, 6], "texture": "#0"}
			}
		},
		{
			"from": [10, 0.5, 2],
			"to": [14, 2.5, 6],
			"faces": {
				"north": {"uv": [0, 0, 4, 2], "texture": "#missing"},
				"east": {"uv": [0, 0, 4, 2], "texture": "#missing"},
				"south": {"uv": [0, 0, 4, 2], "texture": "#missing"},
				"west": {"uv": [0, 0, 4, 2], "texture": "#missing"},
				"up": {"uv": [2, 10, 6, 14], "rotation": 180, "texture": "#0"},
				"down": {"uv": [10, 10, 14, 14], "texture": "#0"}
			}
		},
		{
			"from": [2, 0.5, 2],
			"to": [6, 2.5, 6],
			"faces": {
				"north": {"uv": [0, 0, 4, 2], "texture": "#missing"},
				"east": {"uv": [0, 0, 4, 2], "texture": "#missing"},
				"south": {"uv": [0, 0, 4, 2], "texture": "#missing"},
				"west": {"uv": [0, 0, 4, 2], "texture": "#missing"},
				"up": {"uv": [10, 10, 14, 14], "rotation": 180, "texture": "#0"},
				"down": {"uv": [2, 10, 6, 14], "texture": "#0"}
			}
		}
	],
	"groups": [0, 1, 2, 3, 4, 5, 6, 7, 8,
		{
			"name": "group",
			"children": [9, 10, 11, 12]
		}
	]
}
