{
	"credit": "Designed by Progical",
	"parent": "block/door_bottom",
	"textures": {
		"texture": "block/birch_door_bottom",
		"particle": "block/birch_door_bottom",
		"texture1": "block/birch_door_special"
	},
	"elements": [
		{
			"from": [0, 0, 0],
			"to": [3, 12, 16],
			"faces": {
				"north": {"uv": [0, 4.75, 6, 3.25], "rotation": 270, "texture": "#texture1", "cullface": "south"},
				"east": {"uv": [0, 4, 16, 16], "texture": "#texture"},
				"south": {"uv": [0, 8, 6, 6.5], "rotation": 270, "texture": "#texture1", "cullface": "north"},
				"west": {"uv": [16, 4, 0, 16], "texture": "#texture", "cullface": "west"},
				"up": {"uv": [8, 8.5, 0, 10], "rotation": 90, "texture": "#texture1"},
				"down": {"uv": [8, 13.25, 0, 14.75], "rotation": 270, "texture": "#texture1", "cullface": "down"}
			}
		},
		{
			"from": [0, 12, 13],
			"to": [3, 16, 16],
			"faces": {
				"north": {"uv": [10, 8, 8.5, 10], "texture": "#texture1"},
				"east": {"uv": [0, 0, 3, 4], "texture": "#texture"},
				"south": {"uv": [6, 8, 8, 6.5], "rotation": 270, "texture": "#texture1", "cullface": "north"},
				"west": {"uv": [3, 0, 0, 4], "texture": "#texture", "cullface": "west"},
				"up": {"uv": [1.5, 13.25, 0, 14.75], "rotation": 90, "texture": "#texture1", "cullface": "up"}
			}
		},
		{
			"from": [0, 12, 0],
			"to": [3, 16, 3],
			"faces": {
				"north": {"uv": [6, 4.75, 8, 3.25], "rotation": 270, "texture": "#texture1", "cullface": "south"},
				"east": {"uv": [13, 0, 16, 4], "texture": "#texture"},
				"south": {"uv": [12, 8, 10.5, 10], "texture": "#texture1"},
				"west": {"uv": [16, 0, 13, 4], "texture": "#texture", "cullface": "west"},
				"up": {"uv": [8, 13.25, 6.5, 14.75], "rotation": 90, "texture": "#texture1", "cullface": "up"}
			}
		},
		{
			"from": [1, 12, 3],
			"to": [2, 16, 13],
			"faces": {
				"east": {"uv": [3, 0, 13, 4], "texture": "#texture"},
				"west": {"uv": [13, 0, 3, 4], "texture": "#texture", "cullface": "west"},
				"up": {"uv": [13, 0, 3, 0.5], "rotation": 90, "texture": "#texture", "cullface": "up"}
			}
		},
		{
			"from": [-0.5, 4.5, 15.5],
			"to": [0.5, 5.5, 16.5],
			"faces": {
				"north": {"uv": [0.5, 10.5, 0, 11.5], "texture": "#texture"},
				"east": {"uv": [0.5, 10.5, 0, 11.5], "texture": "#texture"},
				"south": {"uv": [0.5, 10.5, 0, 11.5], "texture": "#texture"},
				"west": {"uv": [0.5, 10.5, 0, 11.5], "texture": "#texture"},
				"up": {"uv": [0, 11, 0.5, 10.5], "texture": "#texture"},
				"down": {"uv": [0, 11.5, 0.5, 11], "texture": "#texture"}
			}
		},
		{
			"from": [2.5, 4.5, 15.5],
			"to": [3.5, 5.5, 16.5],
			"faces": {
				"north": {"uv": [0.5, 10.5, 0, 11.5], "texture": "#texture"},
				"east": {"uv": [0.5, 10.5, 0, 11.5], "texture": "#texture"},
				"south": {"uv": [0.5, 10.5, 0, 11.5], "texture": "#texture"},
				"west": {"uv": [0.5, 10.5, 0, 11.5], "texture": "#texture"},
				"up": {"uv": [0, 11, 0.5, 10.5], "texture": "#texture"},
				"down": {"uv": [0, 11.5, 0.5, 11], "texture": "#texture"}
			}
		},
		{
			"from": [2.5, 15.5, 15.5],
			"to": [3.5, 16.5, 16.5],
			"faces": {
				"north": {"uv": [0.5, 10.5, 0, 11.5], "texture": "#texture"},
				"east": {"uv": [0.5, 10.5, 0, 11.5], "texture": "#texture"},
				"south": {"uv": [0.5, 10.5, 0, 11.5], "texture": "#texture"},
				"west": {"uv": [0.5, 10.5, 0, 11.5], "texture": "#texture"},
				"up": {"uv": [0, 11, 0.5, 10.5], "texture": "#texture"},
				"down": {"uv": [0, 11.5, 0.5, 11], "texture": "#texture"}
			}
		},
		{
			"from": [-0.5, 15.5, 15.5],
			"to": [0.5, 16.5, 16.5],
			"faces": {
				"north": {"uv": [0.5, 10.5, 0, 11.5], "texture": "#texture"},
				"east": {"uv": [0.5, 10.5, 0, 11.5], "texture": "#texture"},
				"south": {"uv": [0.5, 10.5, 0, 11.5], "texture": "#texture"},
				"west": {"uv": [0.5, 10.5, 0, 11.5], "texture": "#texture"},
				"up": {"uv": [0, 11, 0.5, 10.5], "texture": "#texture"},
				"down": {"uv": [0, 11.5, 0.5, 11], "texture": "#texture"}
			}
		}
	]
}