{
	"credit": "Designed by Progical and Juknum",
	"parent": "block/block",
	"textures": {
		"0": "block/farmland",
		"1": "block/dirt",
		"2": "block/dirt",
		"particle": "block/dirt"
	},
	"elements": [
		{
			"name": "farmland_0",
			"from": [0, 14.5, 0],
			"to": [2, 15, 16],
			"faces": {
				"north": {"uv": [14, 1, 16, 1.5], "texture": "#1", "cullface": "north"},
				"east": {"uv": [1.5, 0, 2, 16], "rotation": 90, "texture": "#0"},
				"south": {"uv": [0, 1, 2, 1.5], "texture": "#1", "cullface": "south"},
				"west": {"uv": [0, 1, 16, 1.5], "texture": "#1", "cullface": "west"},
				"up": {"uv": [0, 0, 2, 16], "texture": "#0"}
			}
		},
		{
			"name": "farmland_1",
			"from": [6, 14.5, 0],
			"to": [10, 15, 4],
			"faces": {
				"north": {"uv": [6, 1, 10, 1.5], "texture": "#1", "cullface": "north"},
				"east": {"uv": [9.5, 0, 10, 4], "rotation": 90, "texture": "#0"},
				"south": {"uv": [6, 3.5, 10, 4], "texture": "#0"},
				"west": {"uv": [6, 0, 6.5, 4], "rotation": 270, "texture": "#0"},
				"up": {"uv": [6, 0, 10, 4], "texture": "#0"}
			}
		},
		{
			"name": "farmland_2",
			"from": [13, 14.5, 0],
			"to": [16, 15, 2],
			"faces": {
				"north": {"uv": [0, 1, 3, 1.5], "texture": "#1", "cullface": "north"},
				"east": {"uv": [14, 1, 16, 1.5], "texture": "#1", "cullface": "east"},
				"south": {"uv": [13, 1.5, 16, 2], "texture": "#0"},
				"west": {"uv": [13, 0, 13.5, 2], "rotation": 270, "texture": "#0"},
				"up": {"uv": [13, 0, 16, 2], "texture": "#0"}
			}
		},
		{
			"name": "farmland_3",
			"from": [10, 14.5, 0.5],
			"to": [10.5, 15, 5.5],
			"faces": {
				"north": {"uv": [10.5, 0.5, 10, 1], "texture": "#0"},
				"east": {"uv": [10, 0.5, 10.5, 5.5], "rotation": 90, "texture": "#0"},
				"south": {"uv": [10, 5, 10.5, 5.5], "texture": "#0"},
				"up": {"uv": [10, 0.5, 10.5, 5.5], "texture": "#0"}
			}
		},
		{
			"name": "farmland_4",
			"from": [2, 14.5, 1],
			"to": [2.5, 15, 3.5],
			"faces": {
				"north": {"uv": [2.5, 1, 2, 1.5], "texture": "#0"},
				"east": {"uv": [2, 1, 2.5, 3.5], "rotation": 90, "texture": "#0"},
				"south": {"uv": [2, 3, 2.5, 3.5], "texture": "#0"},
				"up": {"uv": [2, 1, 2.5, 3.5], "texture": "#0"}
			}
		},
		{
			"name": "farmland_5",
			"from": [4, 14.5, 1],
			"to": [5, 15, 1.5],
			"faces": {
				"north": {"uv": [5, 1, 4, 1.5], "texture": "#0"},
				"east": {"uv": [4.5, 1, 5, 1.5], "rotation": 90, "texture": "#0"},
				"south": {"uv": [4, 1, 5, 1.5], "texture": "#0"},
				"west": {"uv": [4, 1, 4.5, 1.5], "rotation": 270, "texture": "#0"},
				"up": {"uv": [4, 1, 5, 1.5], "texture": "#0"}
			}
		},
		{
			"name": "farmland_6",
			"from": [5.5, 14.5, 1],
			"to": [6, 15, 3.5],
			"faces": {
				"north": {"uv": [6, 1, 5.5, 1.5], "texture": "#0"},
				"south": {"uv": [5.5, 3, 6, 3.5], "texture": "#0"},
				"west": {"uv": [5.5, 1, 6, 3.5], "rotation": 270, "texture": "#0"},
				"up": {"uv": [5.5, 1, 6, 3.5], "texture": "#0"}
			}
		},
		{
			"name": "farmland_7",
			"from": [10.5, 14.5, 1],
			"to": [11, 15, 5.5],
			"faces": {
				"north": {"uv": [11, 1, 10.5, 1.5], "texture": "#0"},
				"east": {"uv": [10.5, 1, 11, 5.5], "rotation": 90, "texture": "#0"},
				"south": {"uv": [10.5, 5, 11, 5.5], "texture": "#0"},
				"up": {"uv": [10.5, 1, 11, 5.5], "texture": "#0"}
			}
		},
		{
			"name": "farmland_8",
			"from": [4.5, 14.5, 1.5],
			"to": [5, 15, 2],
			"faces": {
				"east": {"uv": [4.5, 1.5, 5, 2], "rotation": 90, "texture": "#0"},
				"south": {"uv": [4.5, 1.5, 5, 2], "texture": "#0"},
				"west": {"uv": [4.5, 1.5, 5, 2], "rotation": 270, "texture": "#0"},
				"up": {"uv": [4.5, 1.5, 5, 2], "texture": "#0"}
			}
		},
		{
			"name": "farmland_9",
			"from": [5, 14.5, 2],
			"to": [5.5, 15, 3],
			"faces": {
				"north": {"uv": [5.5, 2, 5, 2.5], "texture": "#0"},
				"south": {"uv": [5, 2.5, 5.5, 3], "texture": "#0"},
				"west": {"uv": [5, 2, 5.5, 3], "rotation": 270, "texture": "#0"},
				"up": {"uv": [5, 2, 5.5, 3], "texture": "#0"}
			}
		},
		{
			"name": "farmland_10",
			"from": [11, 14.5, 2],
			"to": [11.5, 15, 4],
			"faces": {
				"north": {"uv": [11.5, 2, 11, 2.5], "texture": "#0"},
				"east": {"uv": [11, 2, 11.5, 4], "rotation": 90, "texture": "#0"},
				"south": {"uv": [11, 3.5, 11.5, 4], "texture": "#0"},
				"up": {"uv": [11, 2, 11.5, 4], "texture": "#0"}
			}
		},
		{
			"name": "farmland_11",
			"from": [13.5, 14.5, 2],
			"to": [16, 15, 3],
			"faces": {
				"east": {"uv": [13, 1, 14, 1.5], "texture": "#1", "cullface": "east"},
				"south": {"uv": [13.5, 2.5, 16, 3], "texture": "#0"},
				"west": {"uv": [13.5, 2, 14, 3], "rotation": 270, "texture": "#0"},
				"up": {"uv": [13.5, 2, 16, 3], "texture": "#0"}
			}
		},
		{
			"name": "farmland_12",
			"from": [2.5, 14.5, 2.5],
			"to": [3, 15, 3],
			"faces": {
				"north": {"uv": [3, 2.5, 2.5, 3], "texture": "#0"},
				"east": {"uv": [2.5, 2.5, 3, 3], "rotation": 90, "texture": "#0"},
				"south": {"uv": [2.5, 2.5, 3, 3], "texture": "#0"},
				"up": {"uv": [2.5, 2.5, 3, 3], "texture": "#0"}
			}
		},
		{
			"name": "farmland_13",
			"from": [14, 14.5, 3],
			"to": [16, 15, 16],
			"faces": {
				"east": {"uv": [0, 1, 13, 1.5], "texture": "#1", "cullface": "east"},
				"south": {"uv": [14, 1, 16, 1.5], "texture": "#1", "cullface": "south"},
				"west": {"uv": [14, 3, 14.5, 16], "rotation": 270, "texture": "#0"},
				"up": {"uv": [14, 3, 16, 16], "texture": "#0"}
			}
		},
		{
			"name": "farmland_14",
			"from": [13.5, 14.5, 3.5],
			"to": [14, 15, 4],
			"faces": {
				"north": {"uv": [14, 3.5, 13.5, 4], "texture": "#0"},
				"south": {"uv": [13.5, 3.5, 14, 4], "texture": "#0"},
				"west": {"uv": [13.5, 3.5, 14, 4], "rotation": 270, "texture": "#0"},
				"up": {"uv": [13.5, 3.5, 14, 4], "texture": "#0"}
			}
		},
		{
			"name": "farmland_15",
			"from": [2, 14.5, 4],
			"to": [2.5, 15, 4.5],
			"faces": {
				"north": {"uv": [2.5, 4, 2, 4.5], "texture": "#0"},
				"east": {"uv": [2, 4, 2.5, 4.5], "rotation": 90, "texture": "#0"},
				"south": {"uv": [2, 4, 2.5, 4.5], "texture": "#0"},
				"up": {"uv": [2, 4, 2.5, 4.5], "texture": "#0"}
			}
		},
		{
			"name": "farmland_16",
			"from": [3, 14.5, 4],
			"to": [4, 15, 5],
			"faces": {
				"north": {"uv": [4, 4, 3, 4.5], "texture": "#0"},
				"east": {"uv": [3.5, 4, 4, 5], "rotation": 90, "texture": "#0"},
				"south": {"uv": [3, 4.5, 4, 5], "texture": "#0"},
				"west": {"uv": [3, 4, 3.5, 5], "rotation": 270, "texture": "#0"},
				"up": {"uv": [3, 4, 4, 5], "texture": "#0"}
			}
		},
		{
			"name": "farmland_17",
			"from": [6.5, 14.5, 4],
			"to": [10, 15, 7.5],
			"faces": {
				"east": {"uv": [9.5, 4, 10, 7.5], "rotation": 90, "texture": "#0"},
				"south": {"uv": [6.5, 7, 10, 7.5], "texture": "#0"},
				"west": {"uv": [6.5, 4, 7, 7.5], "rotation": 270, "texture": "#0"},
				"up": {"uv": [6.5, 4, 10, 7.5], "texture": "#0"}
			}
		},
		{
			"name": "farmland_18",
			"from": [2.5, 14.5, 4.5],
			"to": [3, 15, 5.5],
			"faces": {
				"north": {"uv": [3, 4.5, 2.5, 5], "texture": "#0"},
				"south": {"uv": [2.5, 5, 3, 5.5], "texture": "#0"},
				"west": {"uv": [2.5, 4.5, 3, 5.5], "rotation": 270, "texture": "#0"},
				"up": {"uv": [2.5, 4.5, 3, 5.5], "texture": "#0"}
			}
		},
		{
			"name": "farmland_19",
			"from": [3, 14.5, 5],
			"to": [3.5, 15, 5.5],
			"faces": {
				"east": {"uv": [3, 5, 3.5, 5.5], "rotation": 90, "texture": "#0"},
				"south": {"uv": [3, 5, 3.5, 5.5], "texture": "#0"},
				"up": {"uv": [3, 5, 3.5, 5.5], "texture": "#0"}
			}
		},
		{
			"name": "farmland_20",
			"from": [6, 14.5, 5],
			"to": [6.5, 15, 16],
			"faces": {
				"north": {"uv": [6.5, 5, 6, 5.5], "texture": "#0"},
				"south": {"uv": [6, 1, 6.5, 1.5], "texture": "#1", "cullface": "south"},
				"west": {"uv": [6, 5, 6.5, 16], "rotation": 270, "texture": "#0"},
				"up": {"uv": [6, 5, 6.5, 16], "texture": "#0"}
			}
		},
		{
			"name": "farmland_21",
			"from": [12.5, 14.5, 5.5],
			"to": [13, 15, 6.5],
			"faces": {
				"north": {"uv": [13, 5.5, 12.5, 6], "texture": "#0"},
				"east": {"uv": [12.5, 5.5, 13, 6.5], "rotation": 90, "texture": "#0"},
				"south": {"uv": [12.5, 6, 13, 6.5], "texture": "#0"},
				"west": {"uv": [12.5, 5.5, 13, 6.5], "rotation": 270, "texture": "#0"},
				"up": {"uv": [12.5, 5.5, 13, 6.5], "texture": "#0"}
			}
		},
		{
			"name": "farmland_22",
			"from": [2, 14.5, 6],
			"to": [3, 15, 8.5],
			"faces": {
				"north": {"uv": [3, 6, 2, 6.5], "texture": "#0"},
				"east": {"uv": [2.5, 6, 3, 8.5], "rotation": 90, "texture": "#0"},
				"south": {"uv": [2, 8, 3, 8.5], "texture": "#0"},
				"up": {"uv": [2, 6, 3, 8.5], "texture": "#0"}
			}
		},
		{
			"name": "farmland_23",
			"from": [5.5, 14.5, 6],
			"to": [6, 15, 10],
			"faces": {
				"north": {"uv": [6, 6, 5.5, 6.5], "texture": "#0"},
				"south": {"uv": [5.5, 9.5, 6, 10], "texture": "#0"},
				"west": {"uv": [5.5, 6, 6, 10], "rotation": 270, "texture": "#0"},
				"up": {"uv": [5.5, 6, 6, 10], "texture": "#0"}
			}
		},
		{
			"name": "farmland_24",
			"from": [10, 14.5, 6],
			"to": [10.5, 15, 8],
			"faces": {
				"north": {"uv": [10.5, 6, 10, 6.5], "texture": "#0"},
				"east": {"uv": [10, 6, 10.5, 8], "rotation": 90, "texture": "#0"},
				"south": {"uv": [10, 7.5, 10.5, 8], "texture": "#0"},
				"west": {"uv": [10, 6, 10.5, 8], "rotation": 270, "texture": "#0"},
				"up": {"uv": [10, 6, 10.5, 8], "texture": "#0"}
			}
		},
		{
			"name": "farmland_25",
			"from": [12, 14.5, 6],
			"to": [12.5, 15, 7],
			"faces": {
				"north": {"uv": [12.5, 6, 12, 6.5], "texture": "#0"},
				"east": {"uv": [12, 6, 12.5, 7], "rotation": 90, "texture": "#0"},
				"south": {"uv": [12, 6.5, 12.5, 7], "texture": "#0"},
				"west": {"uv": [12, 6, 12.5, 7], "rotation": 270, "texture": "#0"},
				"up": {"uv": [12, 6, 12.5, 7], "texture": "#0"}
			}
		},
		{
			"name": "farmland_26",
			"from": [13.5, 14.5, 6],
			"to": [14, 15, 9.5],
			"faces": {
				"north": {"uv": [14, 6, 13.5, 6.5], "texture": "#0"},
				"south": {"uv": [13.5, 9, 14, 9.5], "texture": "#0"},
				"west": {"uv": [13.5, 6, 14, 9.5], "rotation": 270, "texture": "#0"},
				"up": {"uv": [13.5, 6, 14, 9.5], "texture": "#0"}
			}
		},
		{
			"name": "farmland_27",
			"from": [10.5, 14.5, 6.5],
			"to": [11, 15, 8.5],
			"faces": {
				"north": {"uv": [11, 6.5, 10.5, 7], "texture": "#0"},
				"east": {"uv": [10.5, 6.5, 11, 8.5], "rotation": 90, "texture": "#0"},
				"south": {"uv": [10.5, 8, 11, 8.5], "texture": "#0"},
				"west": {"uv": [10.5, 6.5, 11, 8.5], "rotation": 270, "texture": "#0"},
				"up": {"uv": [10.5, 6.5, 11, 8.5], "texture": "#0"}
			}
		},
		{
			"name": "farmland_28",
			"from": [13, 14.5, 7],
			"to": [13.5, 15, 7.5],
			"faces": {
				"north": {"uv": [13.5, 7, 13, 7.5], "texture": "#0"},
				"south": {"uv": [13, 7, 13.5, 7.5], "texture": "#0"},
				"west": {"uv": [13, 7, 13.5, 7.5], "rotation": 270, "texture": "#0"},
				"up": {"uv": [13, 7, 13.5, 7.5], "texture": "#0"}
			}
		},
		{
			"name": "farmland_29",
			"from": [5, 14.5, 7.5],
			"to": [5.5, 15, 9],
			"faces": {
				"north": {"uv": [5.5, 7.5, 5, 8], "texture": "#0"},
				"south": {"uv": [5, 8.5, 5.5, 9], "texture": "#0"},
				"west": {"uv": [5, 7.5, 5.5, 9], "rotation": 270, "texture": "#0"},
				"up": {"uv": [5, 7.5, 5.5, 9], "texture": "#0"}
			}
		},
		{
			"name": "farmland_30",
			"from": [6.5, 14.5, 7.5],
			"to": [9, 15, 16],
			"faces": {
				"east": {"uv": [8.5, 7.5, 9, 16], "rotation": 90, "texture": "#0"},
				"south": {"uv": [6.5, 1, 9, 1.5], "texture": "#1", "cullface": "south"},
				"up": {"uv": [6.5, 7.5, 9, 16], "texture": "#0"}
			}
		},
		{
			"name": "farmland_31",
			"from": [9, 14.5, 7.5],
			"to": [9.5, 15, 8.5],
			"faces": {
				"east": {"uv": [9, 7.5, 9.5, 8.5], "rotation": 90, "texture": "#0"},
				"south": {"uv": [9, 8, 9.5, 8.5], "texture": "#0"},
				"up": {"uv": [9, 7.5, 9.5, 8.5], "texture": "#0"}
			}
		},
		{
			"name": "farmland_32",
			"from": [12.5, 14.5, 8],
			"to": [13, 15, 9],
			"faces": {
				"north": {"uv": [13, 8, 12.5, 8.5], "texture": "#0"},
				"east": {"uv": [12.5, 8, 13, 9], "rotation": 90, "texture": "#0"},
				"south": {"uv": [12.5, 8.5, 13, 9], "texture": "#0"},
				"west": {"uv": [12.5, 8, 13, 9], "rotation": 270, "texture": "#0"},
				"up": {"uv": [12.5, 8, 13, 9], "texture": "#0"}
			}
		},
		{
			"name": "farmland_33",
			"from": [2, 14.5, 8.5],
			"to": [2.5, 15, 10],
			"faces": {
				"east": {"uv": [2, 8.5, 2.5, 10], "rotation": 90, "texture": "#0"},
				"south": {"uv": [2, 9.5, 2.5, 10], "texture": "#0"},
				"up": {"uv": [2, 8.5, 2.5, 10], "texture": "#0"}
			}
		},
		{
			"name": "farmland_34",
			"from": [13, 14.5, 8.5],
			"to": [13.5, 15, 10],
			"faces": {
				"north": {"uv": [13.5, 8.5, 13, 9], "texture": "#0"},
				"east": {"uv": [13, 8.5, 13.5, 10], "rotation": 90, "texture": "#0"},
				"south": {"uv": [13, 9.5, 13.5, 10], "texture": "#0"},
				"west": {"uv": [13, 8.5, 13.5, 10], "rotation": 270, "texture": "#0"},
				"up": {"uv": [13, 8.5, 13.5, 10], "texture": "#0"}
			}
		},
		{
			"name": "farmland_35",
			"from": [2.5, 14.5, 9],
			"to": [3, 15, 10],
			"faces": {
				"north": {"uv": [3, 9, 2.5, 9.5], "texture": "#0"},
				"east": {"uv": [2.5, 9, 3, 10], "rotation": 90, "texture": "#0"},
				"south": {"uv": [2.5, 9.5, 3, 10], "texture": "#0"},
				"up": {"uv": [2.5, 9, 3, 10], "texture": "#0"}
			}
		},
		{
			"name": "farmland_36",
			"from": [9, 14.5, 9],
			"to": [10, 15, 16],
			"faces": {
				"north": {"uv": [10, 9, 9, 9.5], "texture": "#0"},
				"east": {"uv": [9.5, 9, 10, 16], "rotation": 90, "texture": "#0"},
				"south": {"uv": [9, 1, 10, 1.5], "texture": "#1", "cullface": "south"},
				"up": {"uv": [9, 9, 10, 16], "texture": "#0"}
			}
		},
		{
			"name": "farmland_37",
			"from": [10, 14.5, 10],
			"to": [10.5, 15, 16],
			"faces": {
				"north": {"uv": [10.5, 10, 10, 10.5], "texture": "#0"},
				"east": {"uv": [10, 10, 10.5, 16], "rotation": 90, "texture": "#0"},
				"south": {"uv": [10, 1, 10.5, 1.5], "texture": "#1", "cullface": "south"},
				"up": {"uv": [10, 10, 10.5, 16], "texture": "#0"}
			}
		},
		{
			"name": "farmland_38",
			"from": [4.5, 14.5, 10.5],
			"to": [5, 15, 12],
			"faces": {
				"north": {"uv": [5, 10.5, 4.5, 11], "texture": "#0"},
				"east": {"uv": [4.5, 10.5, 5, 12], "rotation": 90, "texture": "#0"},
				"south": {"uv": [4.5, 11.5, 5, 12], "texture": "#0"},
				"west": {"uv": [4.5, 10.5, 5, 12], "rotation": 270, "texture": "#0"},
				"up": {"uv": [4.5, 10.5, 5, 12], "texture": "#0"}
			}
		},
		{
			"name": "farmland_39",
			"from": [5.5, 14.5, 10.5],
			"to": [6, 15, 15.5],
			"faces": {
				"north": {"uv": [6, 10.5, 5.5, 11], "texture": "#0"},
				"south": {"uv": [5.5, 15, 6, 15.5], "texture": "#0"},
				"west": {"uv": [5.5, 10.5, 6, 15.5], "rotation": 270, "texture": "#0"},
				"up": {"uv": [5.5, 10.5, 6, 15.5], "texture": "#0"}
			}
		},
		{
			"name": "farmland_40",
			"from": [2, 14.5, 11],
			"to": [2.5, 15, 12],
			"faces": {
				"north": {"uv": [2.5, 11, 2, 11.5], "texture": "#0"},
				"east": {"uv": [2, 11, 2.5, 12], "rotation": 90, "texture": "#0"},
				"south": {"uv": [2, 11.5, 2.5, 12], "texture": "#0"},
				"up": {"uv": [2, 11, 2.5, 12], "texture": "#0"}
			}
		},
		{
			"name": "farmland_41",
			"from": [4, 14.5, 11],
			"to": [4.5, 15, 11.5],
			"faces": {
				"north": {"uv": [4.5, 11, 4, 11.5], "texture": "#0"},
				"south": {"uv": [4, 11, 4.5, 11.5], "texture": "#0"},
				"west": {"uv": [4, 11, 4.5, 11.5], "rotation": 270, "texture": "#0"},
				"up": {"uv": [4, 11, 4.5, 11.5], "texture": "#0"}
			}
		},
		{
			"name": "farmland_42",
			"from": [5, 14.5, 11],
			"to": [5.5, 15, 12],
			"faces": {
				"north": {"uv": [5.5, 11, 5, 11.5], "texture": "#0"},
				"south": {"uv": [5, 11.5, 5.5, 12], "texture": "#0"},
				"up": {"uv": [5, 11, 5.5, 12], "texture": "#0"}
			}
		},
		{
			"name": "farmland_43",
			"from": [2.5, 14.5, 11.5],
			"to": [3, 15, 12],
			"faces": {
				"north": {"uv": [3, 11.5, 2.5, 12], "texture": "#0"},
				"east": {"uv": [2.5, 11.5, 3, 12], "rotation": 90, "texture": "#0"},
				"south": {"uv": [2.5, 11.5, 3, 12], "texture": "#0"},
				"up": {"uv": [2.5, 11.5, 3, 12], "texture": "#0"}
			}
		},
		{
			"name": "farmland_44",
			"from": [10.5, 14.5, 11.5],
			"to": [11, 15, 12],
			"faces": {
				"north": {"uv": [11, 11.5, 10.5, 12], "texture": "#0"},
				"east": {"uv": [10.5, 11.5, 11, 12], "rotation": 90, "texture": "#0"},
				"south": {"uv": [10.5, 11.5, 11, 12], "texture": "#0"},
				"up": {"uv": [10.5, 11.5, 11, 12], "texture": "#0"}
			}
		},
		{
			"name": "farmland_45",
			"from": [13.5, 14.5, 11.5],
			"to": [14, 15, 16],
			"faces": {
				"north": {"uv": [14, 11.5, 13.5, 12], "texture": "#0"},
				"south": {"uv": [13.5, 1, 14, 1.5], "texture": "#1", "cullface": "south"},
				"west": {"uv": [13.5, 11.5, 14, 16], "rotation": 270, "texture": "#0"},
				"up": {"uv": [13.5, 11.5, 14, 16], "texture": "#0"}
			}
		},
		{
			"name": "farmland_46",
			"from": [13, 14.5, 12],
			"to": [13.5, 15, 16],
			"faces": {
				"north": {"uv": [13.5, 12, 13, 12.5], "texture": "#0"},
				"south": {"uv": [13, 1, 13.5, 1.5], "texture": "#1", "cullface": "south"},
				"west": {"uv": [13, 12, 13.5, 16], "rotation": 270, "texture": "#0"},
				"up": {"uv": [13, 12, 13.5, 16], "texture": "#0"}
			}
		},
		{
			"name": "farmland_47",
			"from": [2, 14.5, 12.5],
			"to": [2.5, 15, 15.5],
			"faces": {
				"north": {"uv": [2.5, 12.5, 2, 13], "texture": "#0"},
				"east": {"uv": [2, 12.5, 2.5, 15.5], "rotation": 90, "texture": "#0"},
				"south": {"uv": [2, 15, 2.5, 15.5], "texture": "#0"},
				"up": {"uv": [2, 12.5, 2.5, 15.5], "texture": "#0"}
			}
		},
		{
			"name": "farmland_48",
			"from": [5, 14.5, 12.5],
			"to": [5.5, 15, 14.5],
			"faces": {
				"north": {"uv": [5.5, 12.5, 5, 13], "texture": "#0"},
				"south": {"uv": [5, 14, 5.5, 14.5], "texture": "#0"},
				"west": {"uv": [5, 12.5, 5.5, 14.5], "rotation": 270, "texture": "#0"},
				"up": {"uv": [5, 12.5, 5.5, 14.5], "texture": "#0"}
			}
		},
		{
			"name": "farmland_49",
			"from": [10.5, 14.5, 12.5],
			"to": [11, 15, 15.5],
			"faces": {
				"north": {"uv": [11, 12.5, 10.5, 13], "texture": "#0"},
				"east": {"uv": [10.5, 12.5, 11, 15.5], "rotation": 90, "texture": "#0"},
				"south": {"uv": [10.5, 15, 11, 15.5], "texture": "#0"},
				"up": {"uv": [10.5, 12.5, 11, 15.5], "texture": "#0"}
			}
		},
		{
			"name": "farmland_50",
			"from": [2.5, 14.5, 13.5],
			"to": [3, 15, 15],
			"faces": {
				"north": {"uv": [3, 13.5, 2.5, 14], "texture": "#0"},
				"east": {"uv": [2.5, 13.5, 3, 15], "rotation": 90, "texture": "#0"},
				"south": {"uv": [2.5, 14.5, 3, 15], "texture": "#0"},
				"up": {"uv": [2.5, 13.5, 3, 15], "texture": "#0"}
			}
		},
		{
			"name": "farmland_51",
			"from": [11, 14.5, 13.5],
			"to": [11.5, 15, 14],
			"faces": {
				"north": {"uv": [11.5, 13.5, 11, 14], "texture": "#0"},
				"east": {"uv": [11, 13.5, 11.5, 14], "rotation": 90, "texture": "#0"},
				"south": {"uv": [11, 13.5, 11.5, 14], "texture": "#0"},
				"up": {"uv": [11, 13.5, 11.5, 14], "texture": "#0"}
			}
		},
		{
			"name": "farmland_52",
			"from": [12.5, 14.5, 14],
			"to": [13, 15, 15.5],
			"faces": {
				"north": {"uv": [13, 14, 12.5, 14.5], "texture": "#0"},
				"south": {"uv": [12.5, 15, 13, 15.5], "texture": "#0"},
				"west": {"uv": [12.5, 14, 13, 15.5], "rotation": 270, "texture": "#0"},
				"up": {"uv": [12.5, 14, 13, 15.5], "texture": "#0"}
			}
		},
		{
			"from": [0, 0, 0],
			"to": [16, 14.5, 16],
			"faces": {
				"north": {"uv": [0, 1.5, 16, 16], "texture": "#1", "cullface": "north"},
				"east": {"uv": [0, 1.5, 16, 16], "texture": "#1", "cullface": "east"},
				"south": {"uv": [0, 1.5, 16, 16], "texture": "#1", "cullface": "south"},
				"west": {"uv": [0, 1.5, 16, 16], "texture": "#1", "cullface": "west"},
				"up": {"uv": [0, 0, 16, 16], "texture": "#0"},
				"down": {"uv": [0, 0, 16, 16], "texture": "#2", "cullface": "down"}
			}
		}
	],
	"groups": [
		{
			"name": "farmland",
			"origin": [8, 8, 8],
			"children": [0, 1, 2, 3, 4, 5, 6, 7, 8, 9, 10, 11, 12, 13, 14, 15, 16, 17, 18, 19, 20, 21, 22, 23, 24, 25, 26, 27, 28, 29, 30, 31, 32, 33, 34, 35, 36, 37, 38, 39, 40, 41, 42, 43, 44, 45, 46, 47, 48, 49, 50, 51, 52]
		}, 53]
}