{
	"credit": "Made with Blockbench by Juknum",
	"parent": "item/doors_display",
	"textures": {
		"texture": "block/acacia_door_bottom",
		"texture1": "block/acacia_door_special",
		"1_texture": "block/acacia_door_top"
	},
	"elements": [
		{
			"name": "left",
			"from": [0, 0, 0],
			"to": [3, 16, 3],
			"faces": {
				"north": {"uv": [16, 10, 0, 13], "rotation": 90, "texture": "#texture1"},
				"east": {"uv": [3, 0, 0, 16], "texture": "#texture"},
				"south": {"uv": [0, 3, 16, 0], "rotation": 270, "texture": "#texture1"},
				"west": {"uv": [0, 0, 3, 16], "texture": "#texture"},
				"up": {"uv": [0, 13, 3, 16], "rotation": 90, "texture": "#texture1"},
				"down": {"uv": [0, 13, 3, 16], "rotation": 270, "texture": "#texture1"}
			}
		},
		{
			"name": "right",
			"from": [0, 0, 13],
			"to": [3, 16, 16],
			"faces": {
				"north": {"uv": [16, 3, 0, 6], "rotation": 90, "texture": "#texture1"},
				"east": {"uv": [16, 0, 13, 16], "texture": "#texture"},
				"south": {"uv": [0, 13, 16, 10], "rotation": 270, "texture": "#texture1"},
				"west": {"uv": [13, 0, 16, 16], "texture": "#texture"},
				"up": {"uv": [13, 13, 16, 16], "rotation": 90, "texture": "#texture1"},
				"down": {"uv": [13, 13, 16, 16], "rotation": 270, "texture": "#texture1"}
			}
		},
		{
			"name": "bottom",
			"from": [0, 0, 3],
			"to": [3, 3, 13],
			"faces": {
				"east": {"uv": [3, 13, 13, 16], "texture": "#texture"},
				"west": {"uv": [3, 13, 13, 16], "texture": "#texture"},
				"up": {"uv": [6, 6, 16, 9], "rotation": 90, "texture": "#texture1"},
				"down": {"uv": [3, 13, 13, 16], "rotation": 90, "texture": "#texture1"}
			}
		},
		{
			"name": "top",
			"from": [0, 15, 3],
			"to": [3, 16, 13],
			"faces": {
				"east": {"uv": [3, 0, 13, 1], "texture": "#texture"},
				"west": {"uv": [3, 0, 13, 1], "texture": "#texture"},
				"up": {"uv": [3, 13, 13, 16], "rotation": 90, "texture": "#texture1"},
				"down": {"uv": [0, 6, 10, 9], "rotation": 90, "texture": "#texture1"}
			}
		},
		{
			"name": "left",
			"from": [0, 3, 5],
			"to": [3, 15, 7],
			"faces": {
				"north": {"uv": [15, 3, 3, 6], "rotation": 90, "texture": "#texture1"},
				"east": {"uv": [7, 1, 5, 13], "texture": "#texture"},
				"south": {"uv": [3, 3, 15, 0], "rotation": 270, "texture": "#texture1"},
				"west": {"uv": [5, 1, 7, 13], "texture": "#texture"}
			}
		},
		{
			"name": "left",
			"from": [0, 3, 9],
			"to": [3, 15, 11],
			"faces": {
				"north": {"uv": [15, 3, 3, 6], "rotation": 90, "texture": "#texture1"},
				"east": {"uv": [11, 1, 9, 13], "texture": "#texture"},
				"south": {"uv": [3, 3, 15, 0], "rotation": 270, "texture": "#texture1"},
				"west": {"uv": [9, 1, 11, 13], "texture": "#texture"}
			}
		},
		{
			"name": "Cube10",
			"from": [-0.5, 4, -0.5],
			"to": [0.5, 6, 1],
			"faces": {
				"north": {"uv": [0, 10, 1, 12], "texture": "#texture"},
				"east": {"uv": [0, 10, 1, 12], "texture": "#texture"},
				"south": {"uv": [0, 10, 1, 12], "texture": "#texture"},
				"west": {"uv": [0, 10, 1, 12], "texture": "#texture"},
				"up": {"uv": [0, 10, 1, 10.5], "texture": "#texture"},
				"down": {"uv": [0, 11.5, 1, 12], "texture": "#texture"}
			}
		},
		{
			"name": "Cube10",
			"from": [2.5, 4, -0.5],
			"to": [3.5, 6, 1],
			"faces": {
				"north": {"uv": [0, 10, 1, 12], "texture": "#texture"},
				"east": {"uv": [0, 10, 1, 12], "texture": "#texture"},
				"south": {"uv": [0, 10, 1, 12], "texture": "#texture"},
				"west": {"uv": [0, 10, 1, 12], "texture": "#texture"},
				"up": {"uv": [0, 10, 1, 10.5], "texture": "#texture"},
				"down": {"uv": [0, 11.5, 1, 12], "texture": "#texture"}
			}
		},
		{
			"name": "Cube10",
			"from": [-0.5, 15, -0.5],
			"to": [0.5, 17, 1],
			"faces": {
				"north": {"uv": [0, 10, 1, 12], "texture": "#texture"},
				"east": {"uv": [0, 10, 1, 12], "texture": "#texture"},
				"south": {"uv": [0, 10, 1, 12], "texture": "#texture"},
				"west": {"uv": [0, 10, 1, 12], "texture": "#texture"},
				"up": {"uv": [0, 10, 1, 10.5], "texture": "#texture"},
				"down": {"uv": [0, 11.5, 1, 12], "texture": "#texture"}
			}
		},
		{
			"name": "Cube10",
			"from": [2.5, 15, -0.5],
			"to": [3.5, 17, 1],
			"faces": {
				"north": {"uv": [0, 10, 1, 12], "texture": "#texture"},
				"east": {"uv": [0, 10, 1, 12], "texture": "#texture"},
				"south": {"uv": [0, 10, 1, 12], "texture": "#texture"},
				"west": {"uv": [0, 10, 1, 12], "texture": "#texture"},
				"up": {"uv": [0, 10, 1, 10.5], "texture": "#texture"},
				"down": {"uv": [0, 11.5, 1, 12], "texture": "#texture"}
			}
		},
		{
			"name": "Cube11",
			"from": [-0.5, 15, 14],
			"to": [0, 16, 15],
			"faces": {
				"north": {"uv": [14.5, 0, 14, 1], "texture": "#texture"},
				"east": {"uv": [14, 0, 15, 1], "texture": "#texture"},
				"south": {"uv": [14.5, 0, 15, 1], "texture": "#texture"},
				"west": {"uv": [14, 0, 15, 1], "texture": "#texture"},
				"up": {"uv": [15, 0.5, 14, 0], "rotation": 270, "texture": "#texture"},
				"down": {"uv": [15, 0.5, 14, 1], "rotation": 90, "texture": "#texture"}
			}
		},
		{
			"name": "Cube11",
			"from": [-0.5, 15.5, 13.5],
			"to": [0, 16, 14],
			"faces": {
				"north": {"uv": [14, 0, 13.5, 0.5], "texture": "#texture"},
				"east": {"uv": [13.5, 0, 14, 0.5], "texture": "#texture"},
				"south": {"uv": [13.5, 0, 14, 0.5], "texture": "#texture"},
				"west": {"uv": [13.5, 0, 14, 0.5], "texture": "#texture"},
				"up": {"uv": [14, 0.5, 13.5, 0], "rotation": 270, "texture": "#texture"},
				"down": {"uv": [14, 0, 13.5, 0.5], "rotation": 90, "texture": "#texture"}
			}
		},
		{
			"name": "Cube11",
			"from": [3, 15.5, 13.5],
			"to": [3.5, 16, 14],
			"faces": {
				"north": {"uv": [14, 0, 13.5, 0.5], "texture": "#texture"},
				"east": {"uv": [13.5, 0, 14, 0.5], "texture": "#texture"},
				"south": {"uv": [13.5, 0, 14, 0.5], "texture": "#texture"},
				"west": {"uv": [13.5, 0, 14, 0.5], "texture": "#texture"},
				"up": {"uv": [14, 0.5, 13.5, 0], "rotation": 270, "texture": "#texture"},
				"down": {"uv": [14, 0, 13.5, 0.5], "rotation": 90, "texture": "#texture"}
			}
		},
		{
			"name": "Cube11",
			"from": [3, 15, 14],
			"to": [3.5, 16, 15],
			"faces": {
				"north": {"uv": [14.5, 0, 14, 1], "texture": "#texture"},
				"east": {"uv": [15, 0, 14, 1], "texture": "#texture"},
				"south": {"uv": [14.5, 0, 15, 1], "texture": "#texture"},
				"west": {"uv": [14, 0, 15, 1], "texture": "#texture"},
				"up": {"uv": [15, 0.5, 14, 0], "rotation": 270, "texture": "#texture"},
				"down": {"uv": [15, 0.5, 14, 1], "rotation": 90, "texture": "#texture"}
			}
		},
		{
			"name": "left",
			"from": [0, 16, 0],
			"to": [3, 32, 3],
			"rotation": {"angle": 0, "axis": "y", "origin": [8, 24, 8]},
			"faces": {
				"north": {"uv": [0, 10, 16, 13], "rotation": 90, "texture": "#texture1"},
				"east": {"uv": [3, 0, 0, 16], "texture": "#1_texture"},
				"south": {"uv": [16, 3, 0, 0], "rotation": 270, "texture": "#texture1"},
				"west": {"uv": [0, 0, 3, 16], "texture": "#1_texture"},
				"up": {"uv": [0, 13, 3, 16], "rotation": 90, "texture": "#texture1"},
				"down": {"uv": [0, 13, 3, 16], "rotation": 270, "texture": "#texture1"}
			}
		},
		{
			"name": "right",
			"from": [0, 16, 13.0001],
			"to": [3, 32, 16.0001],
			"rotation": {"angle": 0, "axis": "y", "origin": [8, 24, 8]},
			"faces": {
				"north": {"uv": [0, 3, 16, 6], "rotation": 90, "texture": "#texture1"},
				"east": {"uv": [16, 0, 13, 16], "texture": "#1_texture"},
				"south": {"uv": [16, 13, 0, 10], "rotation": 270, "texture": "#texture1"},
				"west": {"uv": [13, 0, 16, 16], "texture": "#1_texture"},
				"up": {"uv": [13, 13, 16, 16], "rotation": 90, "texture": "#texture1"},
				"down": {"uv": [13, 13, 16, 16], "rotation": 270, "texture": "#texture1"}
			}
		},
		{
			"name": "bottom",
			"from": [0, 16, 3],
			"to": [3, 17, 13],
			"rotation": {"angle": 0, "axis": "y", "origin": [8, 24, 8]},
			"faces": {
				"east": {"uv": [13, 15, 3, 16], "texture": "#1_texture"},
				"west": {"uv": [3, 15, 13, 16], "texture": "#1_texture"},
				"up": {"uv": [6, 6, 16, 9], "rotation": 90, "texture": "#texture1"},
				"down": {"uv": [3, 13, 13, 16], "rotation": 90, "texture": "#texture1"}
			}
		},
		{
			"name": "top",
			"from": [0, 29, 3],
			"to": [3, 32, 13],
			"rotation": {"angle": 0, "axis": "y", "origin": [8, 24, 8]},
			"faces": {
				"east": {"uv": [3, 0, 13, 3], "texture": "#1_texture"},
				"west": {"uv": [3, 0, 13, 3], "texture": "#1_texture"},
				"up": {"uv": [3, 13, 13, 16], "rotation": 90, "texture": "#texture1"},
				"down": {"uv": [0, 6, 10, 9], "rotation": 90, "texture": "#texture1"}
			}
		},
		{
			"name": "left",
			"from": [0, 17, 5],
			"to": [3, 29, 7],
			"rotation": {"angle": 0, "axis": "y", "origin": [8, 24, 8]},
			"faces": {
				"north": {"uv": [15, 3, 3, 6], "rotation": 90, "texture": "#texture1"},
				"east": {"uv": [7, 3, 5, 15], "texture": "#1_texture"},
				"south": {"uv": [3, 3, 15, 0], "rotation": 270, "texture": "#texture1"},
				"west": {"uv": [5, 3, 7, 15], "texture": "#1_texture"}
			}
		},
		{
			"name": "Cube10",
			"from": [-0.5, 26, -0.5],
			"to": [0.5, 28, 1],
			"rotation": {"angle": 0, "axis": "y", "origin": [8, 24, 8]},
			"faces": {
				"north": {"uv": [0, 4, 1, 6], "texture": "#1_texture"},
				"east": {"uv": [0, 4, 1, 6], "texture": "#1_texture"},
				"south": {"uv": [0, 4, 1, 6], "texture": "#1_texture"},
				"west": {"uv": [0, 4, 1, 6], "texture": "#1_texture"},
				"up": {"uv": [0, 4, 1, 4.5], "texture": "#1_texture"},
				"down": {"uv": [0, 5.5, 1, 6], "texture": "#1_texture"}
			}
		},
		{
			"name": "Cube10",
			"from": [2.5, 26, -0.5001],
			"to": [3.5, 28, 0.9999],
			"rotation": {"angle": 0, "axis": "y", "origin": [8, 24, 8]},
			"faces": {
				"north": {"uv": [0, 4, 1, 6], "texture": "#1_texture"},
				"east": {"uv": [0, 4, 1, 6], "texture": "#1_texture"},
				"south": {"uv": [0, 4, 1, 6], "texture": "#1_texture"},
				"west": {"uv": [0, 4, 1, 6], "texture": "#1_texture"},
				"up": {"uv": [0, 4, 1, 4.5], "texture": "#1_texture"},
				"down": {"uv": [0, 5.5, 1, 6], "texture": "#1_texture"}
			}
		},
		{
			"name": "left",
			"from": [0.0001, 17, 9],
			"to": [3.0001, 29, 11],
			"rotation": {"angle": 0, "axis": "y", "origin": [8, 24, 8]},
			"faces": {
				"north": {"uv": [15, 3, 3, 6], "rotation": 90, "texture": "#texture1"},
				"east": {"uv": [11, 3, 9, 15], "texture": "#1_texture"},
				"south": {"uv": [3, 3, 15, 0], "rotation": 270, "texture": "#texture1"},
				"west": {"uv": [9, 3, 11, 15], "texture": "#1_texture"}
			}
		},
		{
			"name": "Cube11",
			"from": [-0.5, 16, 11.5],
			"to": [0, 17, 14.5],
			"rotation": {"angle": 0, "axis": "y", "origin": [8, 24, 8]},
			"faces": {
				"north": {"uv": [12, 15, 11.5, 16], "texture": "#1_texture"},
				"east": {"uv": [11.5, 15, 14.5, 16], "texture": "#1_texture"},
				"south": {"uv": [14, 15, 14.5, 16], "texture": "#1_texture"},
				"west": {"uv": [11.5, 15, 14.5, 16], "texture": "#1_texture"},
				"up": {"uv": [11.5, 15.5, 14.5, 15], "rotation": 90, "texture": "#1_texture"},
				"down": {"uv": [14.5, 15.5, 11.5, 16], "rotation": 90, "texture": "#1_texture"}
			}
		},
		{
			"name": "Cube12",
			"from": [-0.5, 16, 14.5],
			"to": [0, 16.5, 15],
			"rotation": {"angle": 0, "axis": "y", "origin": [8, 24, 8]},
			"faces": {
				"north": {"uv": [14.5, 15.5, 15, 16], "texture": "#1_texture"},
				"east": {"uv": [14.5, 15.5, 15, 16], "texture": "#1_texture"},
				"south": {"uv": [15, 15.5, 14.5, 16], "texture": "#1_texture"},
				"west": {"uv": [14.5, 15.5, 15, 16], "texture": "#1_texture"},
				"up": {"uv": [14.5, 15.5, 15, 16], "texture": "#1_texture"},
				"down": {"uv": [15, 15.5, 14.5, 16], "texture": "#1_texture"}
			}
		},
		{
			"name": "Cube11",
			"from": [3, 16, 11.5],
			"to": [3.5, 17, 14.5],
			"rotation": {"angle": 0, "axis": "y", "origin": [8, 24, 8]},
			"faces": {
				"north": {"uv": [12, 15, 11.5, 16], "texture": "#1_texture"},
				"east": {"uv": [14.5, 15, 11.5, 16], "texture": "#1_texture"},
				"south": {"uv": [14, 15, 14.5, 16], "texture": "#1_texture"},
				"west": {"uv": [14.5, 15, 11.5, 16], "texture": "#1_texture"},
				"up": {"uv": [11.5, 15.5, 14.5, 15], "rotation": 90, "texture": "#1_texture"},
				"down": {"uv": [14.5, 15.5, 11.5, 16], "rotation": 90, "texture": "#1_texture"}
			}
		},
		{
			"name": "Cube12",
			"from": [3, 16, 14.5],
			"to": [3.5, 16.5, 15],
			"rotation": {"angle": 0, "axis": "y", "origin": [8, 24, 8]},
			"faces": {
				"north": {"uv": [14.5, 15.5, 15, 16], "texture": "#1_texture"},
				"east": {"uv": [14.5, 15.5, 15, 16], "texture": "#1_texture"},
				"south": {"uv": [15, 15.5, 14.5, 16], "texture": "#1_texture"},
				"west": {"uv": [14.5, 15.5, 15, 16], "texture": "#1_texture"},
				"up": {"uv": [14.5, 15.5, 15, 16], "texture": "#1_texture"},
				"down": {"uv": [15, 15.5, 14.5, 16], "texture": "#1_texture"}
			}
		}
	],
	"groups": [0, 1, 2, 3, 4, 5, 6, 7, 8, 9, 10, 11, 12, 13,
		{
			"name": "acacia_door_top",
			"origin": [8, 8, 8],
			"children": [14, 15, 16, 17, 18, 19, 20, 21, 22, 23, 24, 25]
		}
	]
}