{
	"credit": "Made with Blockbench by Juknum",
	"parent": "item/doors_display",
	"textures": {
		"texture": "block/birch_door_bottom",
		"particle": "block/birch_door_special",
		"texture1": "block/birch_door_special",
		"3_texture": "block/birch_door_top"
	},
	"elements": [
		{
			"from": [0, 0, 0],
			"to": [3, 12, 16],
			"faces": {
				"north": {"uv": [0, 6.5, 6, 8], "rotation": 270, "texture": "#texture1", "cullface": "north"},
				"east": {"uv": [16, 4, 0, 16], "texture": "#texture"},
				"south": {"uv": [0, 3.25, 6, 4.75], "rotation": 270, "texture": "#texture1", "cullface": "south"},
				"west": {"uv": [0, 4, 16, 16], "texture": "#texture", "cullface": "west"},
				"up": {"uv": [0, 8.5, 8, 10], "rotation": 90, "texture": "#texture1"},
				"down": {"uv": [0, 13.25, 8, 14.75], "rotation": 270, "texture": "#texture1", "cullface": "down"}
			}
		},
		{
			"from": [0, 12, 0],
			"to": [3, 16, 3],
			"faces": {
				"north": {"uv": [6, 6.5, 8, 8], "rotation": 270, "texture": "#texture1", "cullface": "north"},
				"east": {"uv": [3, 0, 0, 4], "texture": "#texture"},
				"south": {"uv": [8.5, 8, 10, 10], "texture": "#texture1"},
				"west": {"uv": [0, 0, 3, 4], "texture": "#texture", "cullface": "west"},
				"up": {"uv": [0, 13.25, 1.5, 14.75], "rotation": 90, "texture": "#texture1", "cullface": "up"}
			}
		},
		{
			"from": [0, 12, 13],
			"to": [3, 16, 16],
			"faces": {
				"north": {"uv": [10.5, 8, 12, 10], "texture": "#texture1"},
				"east": {"uv": [16, 0, 13, 4], "texture": "#texture"},
				"south": {"uv": [6, 3.25, 8, 4.75], "rotation": 270, "texture": "#texture1", "cullface": "south"},
				"west": {"uv": [13, 0, 16, 4], "texture": "#texture", "cullface": "west"},
				"up": {"uv": [6.5, 13.25, 8, 14.75], "rotation": 90, "texture": "#texture1", "cullface": "up"}
			}
		},
		{
			"from": [1, 12, 3],
			"to": [2, 16, 13],
			"faces": {
				"east": {"uv": [13, 0, 3, 4], "texture": "#texture"},
				"west": {"uv": [3, 0, 13, 4], "texture": "#texture", "cullface": "west"},
				"up": {"uv": [3, 0, 13, 0.5], "rotation": 90, "texture": "#texture", "cullface": "up"}
			}
		},
		{
			"from": [-0.5, 4.5, -0.5],
			"to": [0.5, 5.5, 0.5],
			"faces": {
				"north": {"uv": [0, 10.5, 0.5, 11.5], "texture": "#texture"},
				"east": {"uv": [0, 10.5, 0.5, 11.5], "texture": "#texture"},
				"south": {"uv": [0, 10.5, 0.5, 11.5], "texture": "#texture"},
				"west": {"uv": [0, 10.5, 0.5, 11.5], "texture": "#texture"},
				"up": {"uv": [0, 10.5, 0.5, 11], "texture": "#texture"},
				"down": {"uv": [0, 11, 0.5, 11.5], "texture": "#texture"}
			}
		},
		{
			"from": [2.5, 4.5, -0.5],
			"to": [3.5, 5.5, 0.5],
			"faces": {
				"north": {"uv": [0, 10.5, 0.5, 11.5], "texture": "#texture"},
				"east": {"uv": [0, 10.5, 0.5, 11.5], "texture": "#texture"},
				"south": {"uv": [0, 10.5, 0.5, 11.5], "texture": "#texture"},
				"west": {"uv": [0, 10.5, 0.5, 11.5], "texture": "#texture"},
				"up": {"uv": [0, 10.5, 0.5, 11], "texture": "#texture"},
				"down": {"uv": [0, 11, 0.5, 11.5], "texture": "#texture"}
			}
		},
		{
			"from": [2.5, 15.5, -0.5],
			"to": [3.5, 16.5, 0.5],
			"faces": {
				"north": {"uv": [0, 10.5, 0.5, 11.5], "texture": "#texture"},
				"east": {"uv": [0, 10.5, 0.5, 11.5], "texture": "#texture"},
				"south": {"uv": [0, 10.5, 0.5, 11.5], "texture": "#texture"},
				"west": {"uv": [0, 10.5, 0.5, 11.5], "texture": "#texture"},
				"up": {"uv": [0, 10.5, 0.5, 11], "texture": "#texture"},
				"down": {"uv": [0, 11, 0.5, 11.5], "texture": "#texture"}
			}
		},
		{
			"from": [-0.5, 15.5, -0.5],
			"to": [0.5, 16.5, 0.5],
			"faces": {
				"north": {"uv": [0, 10.5, 0.5, 11.5], "texture": "#texture"},
				"east": {"uv": [0, 10.5, 0.5, 11.5], "texture": "#texture"},
				"south": {"uv": [0, 10.5, 0.5, 11.5], "texture": "#texture"},
				"west": {"uv": [0, 10.5, 0.5, 11.5], "texture": "#texture"},
				"up": {"uv": [0, 10.5, 0.5, 11], "texture": "#texture"},
				"down": {"uv": [0, 11, 0.5, 11.5], "texture": "#texture"}
			}
		},
		{
			"from": [0, 16, 0],
			"to": [3, 32, 3],
			"rotation": {"angle": 0, "axis": "y", "origin": [8, 24, 8]},
			"faces": {
				"north": {"uv": [0, 5, 8, 6.5], "rotation": 270, "texture": "#texture1", "cullface": "north"},
				"east": {"uv": [3, 0, 0, 16], "texture": "#3_texture"},
				"south": {"uv": [10, 8, 8.5, 0], "rotation": 180, "texture": "#texture1"},
				"west": {"uv": [0, 0, 3, 16], "texture": "#3_texture", "cullface": "west"},
				"up": {"uv": [0, 0, 1.5, 1.5], "rotation": 90, "texture": "#texture1", "cullface": "up"},
				"down": {"uv": [0, 13.25, 1.5, 14.75], "rotation": 270, "texture": "#texture1", "cullface": "down"}
			}
		},
		{
			"from": [0, 29, 3],
			"to": [3, 32, 13],
			"rotation": {"angle": 0, "axis": "y", "origin": [8, 24, 8]},
			"faces": {
				"east": {"uv": [13, 0, 3, 3], "texture": "#3_texture"},
				"west": {"uv": [3, 0, 13, 3], "texture": "#3_texture", "cullface": "west"},
				"up": {"uv": [1.5, 0, 6.5, 1.5], "rotation": 90, "texture": "#texture1", "cullface": "up"},
				"down": {"uv": [1.5, 10.25, 6.5, 11.75], "rotation": 270, "texture": "#texture1"}
			}
		},
		{
			"from": [0, 16, 13],
			"to": [3, 32, 16],
			"rotation": {"angle": 0, "axis": "y", "origin": [8, 24, 8]},
			"faces": {
				"north": {"uv": [10.5, 0, 12, 8], "texture": "#texture1"},
				"east": {"uv": [16, 0, 13, 16], "texture": "#3_texture"},
				"south": {"uv": [0, 1.75, 8, 3.25], "rotation": 270, "texture": "#texture1", "cullface": "south"},
				"west": {"uv": [13, 0, 16, 16], "texture": "#3_texture", "cullface": "west"},
				"up": {"uv": [6.5, 0, 8, 1.5], "rotation": 90, "texture": "#texture1", "cullface": "up"},
				"down": {"uv": [6.5, 13.25, 8, 14.75], "rotation": 270, "texture": "#texture1", "cullface": "down"}
			}
		},
		{
			"from": [-0.5, 26.5, -0.5],
			"to": [0.5, 27.5, 0.5],
			"rotation": {"angle": 0, "axis": "y", "origin": [8, 24, 8]},
			"faces": {
				"north": {"uv": [0, 4.5, 0.5, 5.5], "texture": "#3_texture"},
				"east": {"uv": [0, 4.5, 0.5, 5.5], "texture": "#3_texture"},
				"south": {"uv": [0.5, 4.5, 0, 5.5], "texture": "#3_texture"},
				"west": {"uv": [0, 4.5, 0.5, 5.5], "texture": "#3_texture"},
				"up": {"uv": [0, 4.5, 0.5, 5], "texture": "#3_texture"},
				"down": {"uv": [0, 5, 0.5, 5.5], "texture": "#3_texture"}
			}
		},
		{
			"from": [1, 16, 3],
			"to": [2, 29, 13],
			"rotation": {"angle": 0, "axis": "y", "origin": [8, 24, 8]},
			"faces": {
				"east": {"uv": [13, 3, 3, 16], "texture": "#3_texture"},
				"west": {"uv": [3, 3, 13, 16], "texture": "#3_texture", "cullface": "west"},
				"down": {"uv": [3, 15.5, 13, 16], "rotation": 90, "texture": "#3_texture", "cullface": "down"}
			}
		},
		{
			"from": [2.5, 26.5, -0.5],
			"to": [3.5, 27.5, 0.5],
			"rotation": {"angle": 0, "axis": "y", "origin": [8, 24, 8]},
			"faces": {
				"north": {"uv": [0, 4.5, 0.5, 5.5], "texture": "#3_texture"},
				"east": {"uv": [0, 4.5, 0.5, 5.5], "texture": "#3_texture"},
				"south": {"uv": [0.5, 4.5, 0, 5.5], "texture": "#3_texture"},
				"west": {"uv": [0, 4.5, 0.5, 5.5], "texture": "#3_texture"},
				"up": {"uv": [0, 4.5, 0.5, 5], "texture": "#3_texture"},
				"down": {"uv": [0, 5, 0.5, 5.5], "texture": "#3_texture"}
			}
		},
		{
			"from": [-0.5, 16, 14],
			"to": [0, 17.5, 15],
			"rotation": {"angle": 0, "axis": "y", "origin": [8, 24, 8]},
			"faces": {
				"north": {"uv": [14, 14.5, 14.5, 16], "texture": "#3_texture", "cullface": "west"},
				"south": {"uv": [14.5, 14.5, 15, 16], "texture": "#3_texture", "cullface": "west"},
				"west": {"uv": [14, 14.5, 15, 16], "texture": "#3_texture", "cullface": "west"},
				"up": {"uv": [14, 14.5, 15, 15], "texture": "#3_texture", "cullface": "west"},
				"down": {"uv": [14, 15.5, 15, 16], "texture": "#3_texture", "cullface": "west"}
			}
		},
		{
			"from": [3, 16, 14],
			"to": [3.5, 17.5, 15],
			"rotation": {"angle": 0, "axis": "y", "origin": [8, 24, 8]},
			"faces": {
				"north": {"uv": [14, 14.5, 14.5, 16], "texture": "#3_texture"},
				"east": {"uv": [15, 14.5, 14, 16], "texture": "#3_texture"},
				"south": {"uv": [14.5, 14.5, 15, 16], "texture": "#3_texture"},
				"up": {"uv": [14, 14.5, 15, 15], "texture": "#3_texture"},
				"down": {"uv": [14, 15.5, 15, 16], "texture": "#3_texture"}
			}
		}
	],
	"groups": [
		{
			"name": "birch_door_bottom",
			"origin": [8, 8, 8],
			"children": [0, 1, 2, 3, 4, 5, 6, 7]
		},
		{
			"name": "birch_door_top",
			"origin": [8, 8, 8],
			"children": [8, 9, 10, 11, 12, 13, 14, 15]
		}
	]
}