{
	"credit": "Made with Blockbench",
	"parent": "item/generic_display",
	"textures": {
		"layer0": "item/bow",
		"particle": "item/bow"
	},
	"elements": [
		{
			"name": "bow_0",
			"from": [11, 14, 7.55],
			"to": [11.5, 14.5, 8.45],
			"faces": {
				"north": {"uv": [11.025, 1.975, 11.475, 1.525], "rotation": 180, "texture": "#layer0"},
				"south": {"uv": [11.025, 1.525, 11.475, 1.975], "texture": "#layer0"},
				"west": {"uv": [11.025, 1.525, 11.475, 1.975], "texture": "#layer0"},
				"up": {"uv": [11.475, 1.525, 11.025, 1.975], "rotation": 180, "texture": "#layer0"}
			}
		},
		{
			"name": "bow_1",
			"from": [11.5, 14, 7.55],
			"to": [12, 14.5, 8.45],
			"faces": {
				"north": {"uv": [11.525, 1.975, 11.975, 1.525], "rotation": 180, "texture": "#layer0"},
				"south": {"uv": [11.525, 1.525, 11.975, 1.975], "texture": "#layer0"},
				"up": {"uv": [11.975, 1.525, 11.525, 1.975], "rotation": 180, "texture": "#layer0"}
			}
		},
		{
			"name": "bow_2",
			"from": [12, 14, 7.55],
			"to": [12.5, 14.5, 8.45],
			"faces": {
				"north": {"uv": [12.025, 1.975, 12.475, 1.525], "rotation": 180, "texture": "#layer0"},
				"south": {"uv": [12.025, 1.525, 12.475, 1.975], "texture": "#layer0"},
				"up": {"uv": [12.475, 1.525, 12.025, 1.975], "rotation": 180, "texture": "#layer0"}
			}
		},
		{
			"name": "bow_3",
			"from": [12.5, 14, 7.55],
			"to": [13, 14.5, 8.45],
			"faces": {
				"north": {"uv": [12.525, 1.975, 12.975, 1.525], "rotation": 180, "texture": "#layer0"},
				"south": {"uv": [12.525, 1.525, 12.975, 1.975], "texture": "#layer0"},
				"up": {"uv": [12.975, 1.525, 12.525, 1.975], "rotation": 180, "texture": "#layer0"}
			}
		},
		{
			"name": "bow_4",
			"from": [13, 14, 7.55],
			"to": [13.5, 14.5, 8.45],
			"faces": {
				"north": {"uv": [13.025, 1.975, 13.475, 1.525], "rotation": 180, "texture": "#layer0"},
				"south": {"uv": [13.025, 1.525, 13.475, 1.975], "texture": "#layer0"},
				"up": {"uv": [13.475, 1.525, 13.025, 1.975], "rotation": 180, "texture": "#layer0"}
			}
		},
		{
			"name": "bow_5",
			"from": [13.5, 14, 7.55],
			"to": [14, 14.5, 8.45],
			"faces": {
				"north": {"uv": [13.525, 1.975, 13.975, 1.525], "rotation": 180, "texture": "#layer0"},
				"south": {"uv": [13.525, 1.525, 13.975, 1.975], "texture": "#layer0"},
				"up": {"uv": [13.975, 1.525, 13.525, 1.975], "rotation": 180, "texture": "#layer0"}
			}
		},
		{
			"name": "bow_6",
			"from": [14, 14, 7.55],
			"to": [14.5, 14.5, 8.45],
			"faces": {
				"north": {"uv": [14.025, 1.975, 14.475, 1.525], "rotation": 180, "texture": "#layer0"},
				"south": {"uv": [14.025, 1.525, 14.475, 1.975], "texture": "#layer0"},
				"up": {"uv": [14.475, 1.525, 14.025, 1.975], "rotation": 180, "texture": "#layer0"}
			}
		},
		{
			"name": "bow_7",
			"from": [14.5, 14, 7.55],
			"to": [15, 14.5, 8.45],
			"faces": {
				"north": {"uv": [14.525, 1.975, 14.975, 1.525], "rotation": 180, "texture": "#layer0"},
				"south": {"uv": [14.525, 1.525, 14.975, 1.975], "texture": "#layer0"},
				"up": {"uv": [14.975, 1.525, 14.525, 1.975], "rotation": 180, "texture": "#layer0"}
			}
		},
		{
			"name": "bow_8",
			"from": [15, 14, 7.55],
			"to": [15.5, 14.5, 8.45],
			"faces": {
				"north": {"uv": [15.025, 1.975, 15.475, 1.525], "rotation": 180, "texture": "#layer0"},
				"south": {"uv": [15.025, 1.525, 15.475, 1.975], "texture": "#layer0"},
				"up": {"uv": [15.475, 1.525, 15.025, 1.975], "rotation": 180, "texture": "#layer0"}
			}
		},
		{
			"name": "bow_9",
			"from": [15.5, 14, 7.55],
			"to": [16, 14.5, 8.45],
			"faces": {
				"north": {"uv": [15.525, 1.975, 15.975, 1.525], "rotation": 180, "texture": "#layer0"},
				"east": {"uv": [15.525, 1.525, 15.975, 1.975], "texture": "#layer0"},
				"south": {"uv": [15.525, 1.525, 15.975, 1.975], "texture": "#layer0"},
				"up": {"uv": [15.975, 1.525, 15.525, 1.975], "rotation": 180, "texture": "#layer0"},
				"down": {"uv": [15.525, 1.525, 15.975, 1.975], "texture": "#layer0"}
			}
		},
		{
			"name": "bow_10",
			"from": [9.5, 13.5, 7.55],
			"to": [10, 14, 8.45],
			"faces": {
				"north": {"uv": [9.525, 2.475, 9.975, 2.025], "rotation": 180, "texture": "#layer0"},
				"south": {"uv": [9.525, 2.025, 9.975, 2.475], "texture": "#layer0"},
				"west": {"uv": [9.525, 2.025, 9.975, 2.475], "texture": "#layer0"},
				"up": {"uv": [9.975, 2.025, 9.525, 2.475], "rotation": 180, "texture": "#layer0"}
			}
		},
		{
			"name": "bow_11",
			"from": [10, 13.5, 7.55],
			"to": [10.5, 14, 8.45],
			"faces": {
				"north": {"uv": [10.025, 2.475, 10.475, 2.025], "rotation": 180, "texture": "#layer0"},
				"south": {"uv": [10.025, 2.025, 10.475, 2.475], "texture": "#layer0"},
				"up": {"uv": [10.475, 2.025, 10.025, 2.475], "rotation": 180, "texture": "#layer0"}
			}
		},
		{
			"name": "bow_12",
			"from": [10.5, 13.5, 7.55],
			"to": [11, 14, 8.45],
			"faces": {
				"north": {"uv": [10.525, 2.475, 10.975, 2.025], "rotation": 180, "texture": "#layer0"},
				"south": {"uv": [10.525, 2.025, 10.975, 2.475], "texture": "#layer0"},
				"up": {"uv": [10.975, 2.025, 10.525, 2.475], "rotation": 180, "texture": "#layer0"}
			}
		},
		{
			"name": "bow_13",
			"from": [11, 13.5, 7.35],
			"to": [11.5, 14, 8.65],
			"faces": {
				"north": {"uv": [11.025, 2.475, 11.475, 2.025], "rotation": 180, "texture": "#layer0"},
				"south": {"uv": [11.025, 2.025, 11.475, 2.475], "texture": "#layer0"},
				"west": {"uv": [11.025, 2.025, 11.475, 2.475], "texture": "#layer0"},
				"up": {"uv": [11.475, 2.025, 11.025, 2.475], "rotation": 180, "texture": "#layer0"}
			}
		},
		{
			"name": "bow_14",
			"from": [11.5, 13.5, 7.35],
			"to": [12, 14, 8.65],
			"faces": {
				"north": {"uv": [11.525, 2.475, 11.975, 2.025], "rotation": 180, "texture": "#layer0"},
				"south": {"uv": [11.525, 2.025, 11.975, 2.475], "texture": "#layer0"},
				"up": {"uv": [11.975, 2.025, 11.525, 2.475], "rotation": 180, "texture": "#layer0"}
			}
		},
		{
			"name": "bow_15",
			"from": [12, 13.5, 7.35],
			"to": [12.5, 14, 8.65],
			"faces": {
				"north": {"uv": [12.025, 2.475, 12.475, 2.025], "rotation": 180, "texture": "#layer0"},
				"south": {"uv": [12.025, 2.025, 12.475, 2.475], "texture": "#layer0"},
				"up": {"uv": [12.475, 2.025, 12.025, 2.475], "rotation": 180, "texture": "#layer0"}
			}
		},
		{
			"name": "bow_16",
			"from": [12.5, 13.5, 7.35],
			"to": [13, 14, 8.65],
			"faces": {
				"north": {"uv": [12.525, 2.475, 12.975, 2.025], "rotation": 180, "texture": "#layer0"},
				"south": {"uv": [12.525, 2.025, 12.975, 2.475], "texture": "#layer0"},
				"up": {"uv": [12.975, 2.025, 12.525, 2.475], "rotation": 180, "texture": "#layer0"},
				"down": {"uv": [12.525, 2.025, 12.975, 2.475], "texture": "#layer0"}
			}
		},
		{
			"name": "bow_17",
			"from": [13, 13.5, 7.35],
			"to": [13.5, 14, 8.65],
			"faces": {
				"north": {"uv": [13.025, 2.475, 13.475, 2.025], "rotation": 180, "texture": "#layer0"},
				"south": {"uv": [13.025, 2.025, 13.475, 2.475], "texture": "#layer0"},
				"up": {"uv": [13.475, 2.025, 13.025, 2.475], "rotation": 180, "texture": "#layer0"},
				"down": {"uv": [13.025, 2.025, 13.475, 2.475], "texture": "#layer0"}
			}
		},
		{
			"name": "bow_18",
			"from": [13.5, 13.5, 7.35],
			"to": [14, 14, 8.65],
			"faces": {
				"north": {"uv": [13.525, 2.475, 13.975, 2.025], "rotation": 180, "texture": "#layer0"},
				"south": {"uv": [13.525, 2.025, 13.975, 2.475], "texture": "#layer0"},
				"up": {"uv": [13.975, 2.025, 13.525, 2.475], "rotation": 180, "texture": "#layer0"},
				"down": {"uv": [13.525, 2.025, 13.975, 2.475], "texture": "#layer0"}
			}
		},
		{
			"name": "bow_19",
			"from": [14, 13.5, 7.35],
			"to": [14.5, 14, 8.65],
			"faces": {
				"north": {"uv": [14.025, 2.475, 14.475, 2.025], "rotation": 180, "texture": "#layer0"},
				"south": {"uv": [14.025, 2.025, 14.475, 2.475], "texture": "#layer0"},
				"up": {"uv": [14.475, 2.025, 14.025, 2.475], "rotation": 180, "texture": "#layer0"},
				"down": {"uv": [14.025, 2.025, 14.475, 2.475], "texture": "#layer0"}
			}
		},
		{
			"name": "bow_20",
			"from": [14.5, 13.5, 7.35],
			"to": [15, 14, 8.65],
			"faces": {
				"north": {"uv": [14.525, 2.475, 14.975, 2.025], "rotation": 180, "texture": "#layer0"},
				"east": {"uv": [14.525, 2.025, 14.975, 2.475], "texture": "#layer0"},
				"south": {"uv": [14.525, 2.025, 14.975, 2.475], "texture": "#layer0"},
				"up": {"uv": [14.975, 2.025, 14.525, 2.475], "rotation": 180, "texture": "#layer0"},
				"down": {"uv": [14.525, 2.025, 14.975, 2.475], "texture": "#layer0"}
			}
		},
		{
			"name": "bow_21",
			"from": [15, 13.5, 7.55],
			"to": [15.5, 14, 8.45],
			"faces": {
				"north": {"uv": [15.025, 2.475, 15.475, 2.025], "rotation": 180, "texture": "#layer0"},
				"east": {"uv": [15.025, 2.025, 15.475, 2.475], "texture": "#layer0"},
				"south": {"uv": [15.025, 2.025, 15.475, 2.475], "texture": "#layer0"},
				"down": {"uv": [15.025, 2.025, 15.475, 2.475], "texture": "#layer0"}
			}
		},
		{
			"name": "bow_22",
			"from": [8, 13, 7.55],
			"to": [8.5, 13.5, 8.45],
			"faces": {
				"north": {"uv": [8.025, 2.975, 8.475, 2.525], "rotation": 180, "texture": "#layer0"},
				"south": {"uv": [8.025, 2.525, 8.475, 2.975], "texture": "#layer0"},
				"west": {"uv": [8.025, 2.525, 8.475, 2.975], "texture": "#layer0"},
				"up": {"uv": [8.475, 2.525, 8.025, 2.975], "rotation": 180, "texture": "#layer0"}
			}
		},
		{
			"name": "bow_23",
			"from": [8.5, 13, 7.55],
			"to": [9, 13.5, 8.45],
			"faces": {
				"north": {"uv": [8.525, 2.975, 8.975, 2.525], "rotation": 180, "texture": "#layer0"},
				"south": {"uv": [8.525, 2.525, 8.975, 2.975], "texture": "#layer0"},
				"up": {"uv": [8.975, 2.525, 8.525, 2.975], "rotation": 180, "texture": "#layer0"}
			}
		},
		{
			"name": "bow_24",
			"from": [9, 13, 7.55],
			"to": [9.5, 13.5, 8.45],
			"faces": {
				"north": {"uv": [9.025, 2.975, 9.475, 2.525], "rotation": 180, "texture": "#layer0"},
				"south": {"uv": [9.025, 2.525, 9.475, 2.975], "texture": "#layer0"},
				"up": {"uv": [9.475, 2.525, 9.025, 2.975], "rotation": 180, "texture": "#layer0"}
			}
		},
		{
			"name": "bow_25",
			"from": [9.5, 13, 7.35],
			"to": [10, 13.5, 8.65],
			"faces": {
				"north": {"uv": [9.525, 2.975, 9.975, 2.525], "rotation": 180, "texture": "#layer0"},
				"south": {"uv": [9.525, 2.525, 9.975, 2.975], "texture": "#layer0"},
				"west": {"uv": [9.525, 2.525, 9.975, 2.975], "texture": "#layer0"},
				"up": {"uv": [9.975, 2.525, 9.525, 2.975], "rotation": 180, "texture": "#layer0"}
			}
		},
		{
			"name": "bow_26",
			"from": [10, 13, 7.35],
			"to": [10.5, 13.5, 8.65],
			"faces": {
				"north": {"uv": [10.025, 2.975, 10.475, 2.525], "rotation": 180, "texture": "#layer0"},
				"south": {"uv": [10.025, 2.525, 10.475, 2.975], "texture": "#layer0"},
				"up": {"uv": [10.475, 2.525, 10.025, 2.975], "rotation": 180, "texture": "#layer0"}
			}
		},
		{
			"name": "bow_27",
			"from": [10.5, 13, 7.35],
			"to": [11, 13.5, 8.65],
			"faces": {
				"north": {"uv": [10.525, 2.975, 10.975, 2.525], "rotation": 180, "texture": "#layer0"},
				"south": {"uv": [10.525, 2.525, 10.975, 2.975], "texture": "#layer0"},
				"up": {"uv": [10.975, 2.525, 10.525, 2.975], "rotation": 180, "texture": "#layer0"}
			}
		},
		{
			"name": "bow_28",
			"from": [11, 13, 7.35],
			"to": [11.5, 13.5, 8.65],
			"faces": {
				"north": {"uv": [11.025, 2.975, 11.475, 2.525], "rotation": 180, "texture": "#layer0"},
				"south": {"uv": [11.025, 2.525, 11.475, 2.975], "texture": "#layer0"},
				"down": {"uv": [11.025, 2.525, 11.475, 2.975], "texture": "#layer0"}
			}
		},
		{
			"name": "bow_29",
			"from": [11.5, 13, 7.35],
			"to": [12, 13.5, 8.65],
			"faces": {
				"north": {"uv": [11.525, 2.975, 11.975, 2.525], "rotation": 180, "texture": "#layer0"},
				"south": {"uv": [11.525, 2.525, 11.975, 2.975], "texture": "#layer0"},
				"down": {"uv": [11.525, 2.525, 11.975, 2.975], "texture": "#layer0"}
			}
		},
		{
			"name": "bow_30",
			"from": [12, 13, 7.35],
			"to": [12.5, 13.5, 8.65],
			"faces": {
				"north": {"uv": [12.025, 2.975, 12.475, 2.525], "rotation": 180, "texture": "#layer0"},
				"east": {"uv": [12.025, 2.525, 12.475, 2.975], "texture": "#layer0"},
				"south": {"uv": [12.025, 2.525, 12.475, 2.975], "texture": "#layer0"},
				"down": {"uv": [12.025, 2.525, 12.475, 2.975], "texture": "#layer0"}
			}
		},
		{
			"name": "bow_31",
			"from": [12.5, 13, 7.55],
			"to": [13, 13.5, 8.45],
			"faces": {
				"north": {"uv": [12.525, 2.975, 12.975, 2.525], "rotation": 180, "texture": "#layer0"},
				"south": {"uv": [12.525, 2.525, 12.975, 2.975], "texture": "#layer0"},
				"down": {"uv": [12.525, 2.525, 12.975, 2.975], "texture": "#layer0"}
			}
		},
		{
			"name": "bow_32",
			"from": [13, 13, 7.55],
			"to": [13.5, 13.5, 8.45],
			"faces": {
				"north": {"uv": [13.025, 2.975, 13.475, 2.525], "rotation": 180, "texture": "#layer0"},
				"south": {"uv": [13.025, 2.525, 13.475, 2.975], "texture": "#layer0"},
				"down": {"uv": [13.025, 2.525, 13.475, 2.975], "texture": "#layer0"}
			}
		},
		{
			"name": "bow_33",
			"from": [13.5, 13, 7.55],
			"to": [14, 13.5, 8.45],
			"faces": {
				"north": {"uv": [13.525, 2.975, 13.975, 2.525], "rotation": 180, "texture": "#layer0"},
				"south": {"uv": [13.525, 2.525, 13.975, 2.975], "texture": "#layer0"},
				"down": {"uv": [13.525, 2.525, 13.975, 2.975], "texture": "#layer0"}
			}
		},
		{
			"name": "bow_34",
			"from": [14, 13, 7.55],
			"to": [14.5, 13.5, 8.45],
			"faces": {
				"north": {"uv": [14.025, 2.975, 14.475, 2.525], "rotation": 180, "texture": "#layer0"},
				"south": {"uv": [14.025, 2.525, 14.475, 2.975], "texture": "#layer0"},
				"down": {"uv": [14.025, 2.525, 14.475, 2.975], "texture": "#layer0"}
			}
		},
		{
			"name": "bow_35",
			"from": [14.5, 13, 7.55],
			"to": [15, 13.5, 8.45],
			"faces": {
				"north": {"uv": [14.525, 2.975, 14.975, 2.525], "rotation": 180, "texture": "#layer0"},
				"east": {"uv": [14.525, 2.525, 14.975, 2.975], "texture": "#layer0"},
				"south": {"uv": [14.525, 2.525, 14.975, 2.975], "texture": "#layer0"},
				"down": {"uv": [14.525, 2.525, 14.975, 2.975], "texture": "#layer0"}
			}
		},
		{
			"name": "bow_36",
			"from": [7, 12.5, 7.55],
			"to": [7.5, 13, 8.45],
			"faces": {
				"north": {"uv": [7.025, 3.475, 7.475, 3.025], "rotation": 180, "texture": "#layer0"},
				"south": {"uv": [7.025, 3.025, 7.475, 3.475], "texture": "#layer0"},
				"west": {"uv": [7.025, 3.025, 7.475, 3.475], "texture": "#layer0"},
				"up": {"uv": [7.475, 3.025, 7.025, 3.475], "rotation": 180, "texture": "#layer0"}
			}
		},
		{
			"name": "bow_37",
			"from": [7.5, 12.5, 7.55],
			"to": [8, 13, 8.45],
			"faces": {
				"north": {"uv": [7.525, 3.475, 7.975, 3.025], "rotation": 180, "texture": "#layer0"},
				"south": {"uv": [7.525, 3.025, 7.975, 3.475], "texture": "#layer0"},
				"up": {"uv": [7.975, 3.025, 7.525, 3.475], "rotation": 180, "texture": "#layer0"}
			}
		},
		{
			"name": "bow_38",
			"from": [8, 12.5, 7.35],
			"to": [8.5, 13, 8.65],
			"faces": {
				"north": {"uv": [8.025, 3.475, 8.475, 3.025], "rotation": 180, "texture": "#layer0"},
				"south": {"uv": [8.025, 3.025, 8.475, 3.475], "texture": "#layer0"},
				"west": {"uv": [8.025, 3.025, 8.475, 3.475], "texture": "#layer0"},
				"up": {"uv": [8.475, 3.025, 8.025, 3.475], "rotation": 180, "texture": "#layer0"}
			}
		},
		{
			"name": "bow_39",
			"from": [8.5, 12.5, 7.35],
			"to": [9, 13, 8.65],
			"faces": {
				"north": {"uv": [8.525, 3.475, 8.975, 3.025], "rotation": 180, "texture": "#layer0"},
				"south": {"uv": [8.525, 3.025, 8.975, 3.475], "texture": "#layer0"},
				"up": {"uv": [8.975, 3.025, 8.525, 3.475], "rotation": 180, "texture": "#layer0"}
			}
		},
		{
			"name": "bow_40",
			"from": [9, 12.5, 7.35],
			"to": [9.5, 13, 8.65],
			"faces": {
				"north": {"uv": [9.025, 3.475, 9.475, 3.025], "rotation": 180, "texture": "#layer0"},
				"south": {"uv": [9.025, 3.025, 9.475, 3.475], "texture": "#layer0"},
				"up": {"uv": [9.475, 3.025, 9.025, 3.475], "rotation": 180, "texture": "#layer0"}
			}
		},
		{
			"name": "bow_41",
			"from": [9.5, 12.5, 7.35],
			"to": [10, 13, 8.65],
			"faces": {
				"north": {"uv": [9.525, 3.475, 9.975, 3.025], "rotation": 180, "texture": "#layer0"},
				"south": {"uv": [9.525, 3.025, 9.975, 3.475], "texture": "#layer0"},
				"down": {"uv": [9.525, 3.025, 9.975, 3.475], "texture": "#layer0"}
			}
		},
		{
			"name": "bow_42",
			"from": [10, 12.5, 7.35],
			"to": [10.5, 13, 8.65],
			"faces": {
				"north": {"uv": [10.025, 3.475, 10.475, 3.025], "rotation": 180, "texture": "#layer0"},
				"south": {"uv": [10.025, 3.025, 10.475, 3.475], "texture": "#layer0"},
				"down": {"uv": [10.025, 3.025, 10.475, 3.475], "texture": "#layer0"}
			}
		},
		{
			"name": "bow_43",
			"from": [10.5, 12.5, 7.35],
			"to": [11, 13, 8.65],
			"faces": {
				"north": {"uv": [10.525, 3.475, 10.975, 3.025], "rotation": 180, "texture": "#layer0"},
				"east": {"uv": [10.525, 3.025, 10.975, 3.475], "texture": "#layer0"},
				"south": {"uv": [10.525, 3.025, 10.975, 3.475], "texture": "#layer0"},
				"down": {"uv": [10.525, 3.025, 10.975, 3.475], "texture": "#layer0"}
			}
		},
		{
			"name": "bow_44",
			"from": [11, 12.5, 7.55],
			"to": [11.5, 13, 8.45],
			"faces": {
				"north": {"uv": [11.025, 3.475, 11.475, 3.025], "rotation": 180, "texture": "#layer0"},
				"south": {"uv": [11.025, 3.025, 11.475, 3.475], "texture": "#layer0"},
				"down": {"uv": [11.025, 3.025, 11.475, 3.475], "texture": "#layer0"}
			}
		},
		{
			"name": "bow_45",
			"from": [11.5, 12.5, 7.55],
			"to": [12, 13, 8.45],
			"faces": {
				"north": {"uv": [11.525, 3.475, 11.975, 3.025], "rotation": 180, "texture": "#layer0"},
				"south": {"uv": [11.525, 3.025, 11.975, 3.475], "texture": "#layer0"},
				"down": {"uv": [11.525, 3.025, 11.975, 3.475], "texture": "#layer0"}
			}
		},
		{
			"name": "bow_46",
			"from": [12, 12.5, 7.55],
			"to": [12.5, 13, 8.45],
			"faces": {
				"north": {"uv": [12.025, 3.475, 12.475, 3.025], "rotation": 180, "texture": "#layer0"},
				"east": {"uv": [12.025, 3.025, 12.475, 3.475], "texture": "#layer0"},
				"south": {"uv": [12.025, 3.025, 12.475, 3.475], "texture": "#layer0"},
				"down": {"uv": [12.025, 3.025, 12.475, 3.475], "texture": "#layer0"}
			}
		},
		{
			"name": "bow_47",
			"from": [14, 12.5, 7.75],
			"to": [14.5, 13, 8.25],
			"faces": {
				"north": {"uv": [14.025, 3.475, 14.475, 3.025], "rotation": 180, "texture": "#layer0"},
				"east": {"uv": [14.025, 3.025, 14.475, 3.475], "texture": "#layer0"},
				"south": {"uv": [14.025, 3.025, 14.475, 3.475], "texture": "#layer0"},
				"west": {"uv": [14.025, 3.025, 14.475, 3.475], "texture": "#layer0"},
				"down": {"uv": [14.025, 3.025, 14.475, 3.475], "texture": "#layer0"}
			}
		},
		{
			"name": "bow_49",
			"from": [6.5, 12, 7.55],
			"to": [7, 12.5, 8.45],
			"faces": {
				"north": {"uv": [6.525, 3.975, 6.975, 3.525], "rotation": 180, "texture": "#layer0"},
				"south": {"uv": [6.525, 3.525, 6.975, 3.975], "texture": "#layer0"},
				"west": {"uv": [6.525, 3.525, 6.975, 3.975], "texture": "#layer0"},
				"up": {"uv": [6.975, 3.525, 6.525, 3.975], "rotation": 180, "texture": "#layer0"}
			}
		},
		{
			"name": "bow_50",
			"from": [7, 12, 7.35],
			"to": [7.5, 12.5, 8.65],
			"faces": {
				"north": {"uv": [7.025, 3.975, 7.475, 3.525], "rotation": 180, "texture": "#layer0"},
				"south": {"uv": [7.025, 3.525, 7.475, 3.975], "texture": "#layer0"},
				"west": {"uv": [7.025, 3.525, 7.475, 3.975], "texture": "#layer0"},
				"up": {"uv": [7.475, 3.525, 7.025, 3.975], "rotation": 180, "texture": "#layer0"}
			}
		},
		{
			"name": "bow_51",
			"from": [7.5, 12, 7.35],
			"to": [8, 12.5, 8.65],
			"faces": {
				"north": {"uv": [7.525, 3.975, 7.975, 3.525], "rotation": 180, "texture": "#layer0"},
				"south": {"uv": [7.525, 3.525, 7.975, 3.975], "texture": "#layer0"},
				"up": {"uv": [7.975, 3.525, 7.525, 3.975], "rotation": 180, "texture": "#layer0"}
			}
		},
		{
			"name": "bow_52",
			"from": [8, 12, 7.35],
			"to": [8.5, 12.5, 8.65],
			"faces": {
				"north": {"uv": [8.025, 3.975, 8.475, 3.525], "rotation": 180, "texture": "#layer0"},
				"south": {"uv": [8.025, 3.525, 8.475, 3.975], "texture": "#layer0"}
			}
		},
		{
			"name": "bow_53",
			"from": [8.5, 12, 7.35],
			"to": [9, 12.5, 8.65],
			"faces": {
				"north": {"uv": [8.525, 3.975, 8.975, 3.525], "rotation": 180, "texture": "#layer0"},
				"south": {"uv": [8.525, 3.525, 8.975, 3.975], "texture": "#layer0"},
				"down": {"uv": [8.525, 3.525, 8.975, 3.975], "texture": "#layer0"}
			}
		},
		{
			"name": "bow_54",
			"from": [9, 12, 7.35],
			"to": [9.5, 12.5, 8.65],
			"faces": {
				"north": {"uv": [9.025, 3.975, 9.475, 3.525], "rotation": 180, "texture": "#layer0"},
				"east": {"uv": [9.025, 3.525, 9.475, 3.975], "texture": "#layer0"},
				"south": {"uv": [9.025, 3.525, 9.475, 3.975], "texture": "#layer0"},
				"down": {"uv": [9.025, 3.525, 9.475, 3.975], "texture": "#layer0"}
			}
		},
		{
			"name": "bow_55",
			"from": [9.5, 12, 7.55],
			"to": [10, 12.5, 8.45],
			"faces": {
				"north": {"uv": [9.525, 3.975, 9.975, 3.525], "rotation": 180, "texture": "#layer0"},
				"south": {"uv": [9.525, 3.525, 9.975, 3.975], "texture": "#layer0"},
				"down": {"uv": [9.525, 3.525, 9.975, 3.975], "texture": "#layer0"}
			}
		},
		{
			"name": "bow_56",
			"from": [10, 12, 7.55],
			"to": [10.5, 12.5, 8.45],
			"faces": {
				"north": {"uv": [10.025, 3.975, 10.475, 3.525], "rotation": 180, "texture": "#layer0"},
				"south": {"uv": [10.025, 3.525, 10.475, 3.975], "texture": "#layer0"},
				"down": {"uv": [10.025, 3.525, 10.475, 3.975], "texture": "#layer0"}
			}
		},
		{
			"name": "bow_57",
			"from": [10.5, 12, 7.55],
			"to": [11, 12.5, 8.45],
			"faces": {
				"north": {"uv": [10.525, 3.975, 10.975, 3.525], "rotation": 180, "texture": "#layer0"},
				"east": {"uv": [10.525, 3.525, 10.975, 3.975], "texture": "#layer0"},
				"south": {"uv": [10.525, 3.525, 10.975, 3.975], "texture": "#layer0"},
				"down": {"uv": [10.525, 3.525, 10.975, 3.975], "texture": "#layer0"}
			}
		},
		{
			"name": "bow_58",
			"from": [13.5, 12, 7.75],
			"to": [14, 12.5, 8.25],
			"faces": {
				"north": {"uv": [13.525, 3.975, 13.975, 3.525], "rotation": 180, "texture": "#layer0"},
				"east": {"uv": [13.525, 3.525, 13.975, 3.975], "texture": "#layer0"},
				"south": {"uv": [13.525, 3.525, 13.975, 3.975], "texture": "#layer0"},
				"west": {"uv": [13.525, 3.525, 13.975, 3.975], "texture": "#layer0"},
				"up": {"uv": [13.975, 3.525, 13.525, 3.975], "rotation": 180, "texture": "#layer0"},
				"down": {"uv": [13.525, 3.525, 13.975, 3.975], "texture": "#layer0"}
			}
		},
		{
			"name": "bow_60",
			"from": [6, 11.5, 7.75],
			"to": [6.5, 12, 8.25],
			"faces": {
				"north": {"uv": [6.025, 4.475, 6.475, 4.025], "rotation": 180, "texture": "#layer0"},
				"south": {"uv": [6.025, 4.025, 6.475, 4.475], "texture": "#layer0"},
				"west": {"uv": [6.025, 4.025, 6.475, 4.475], "texture": "#layer0"},
				"up": {"uv": [6.475, 4.025, 6.025, 4.475], "rotation": 180, "texture": "#layer0"}
			}
		},
		{
			"name": "bow_61",
			"from": [6.5, 11.5, 7.35],
			"to": [7, 12, 8.65],
			"faces": {
				"north": {"uv": [6.525, 4.475, 6.975, 4.025], "rotation": 180, "texture": "#layer0"},
				"south": {"uv": [6.525, 4.025, 6.975, 4.475], "texture": "#layer0"},
				"west": {"uv": [6.525, 4.025, 6.975, 4.475], "texture": "#layer0"},
				"up": {"uv": [6.975, 4.025, 6.525, 4.475], "rotation": 180, "texture": "#layer0"},
				"down": {"uv": [6.525, 4.025, 6.975, 4.475], "texture": "#layer0"}
			}
		},
		{
			"name": "bow_62",
			"from": [7, 11.5, 7.35],
			"to": [7.5, 12, 8.65],
			"faces": {
				"north": {"uv": [7.025, 4.475, 7.475, 4.025], "rotation": 180, "texture": "#layer0"},
				"south": {"uv": [7.025, 4.025, 7.475, 4.475], "texture": "#layer0"}
			}
		},
		{
			"name": "bow_63",
			"from": [7.5, 11.5, 7.35],
			"to": [8, 12, 8.65],
			"faces": {
				"north": {"uv": [7.525, 4.475, 7.975, 4.025], "rotation": 180, "texture": "#layer0"},
				"south": {"uv": [7.525, 4.025, 7.975, 4.475], "texture": "#layer0"},
				"down": {"uv": [7.525, 4.025, 7.975, 4.475], "texture": "#layer0"}
			}
		},
		{
			"name": "bow_64",
			"from": [8, 11.5, 7.35],
			"to": [8.5, 12, 8.65],
			"faces": {
				"north": {"uv": [8.025, 4.475, 8.475, 4.025], "rotation": 180, "texture": "#layer0"},
				"east": {"uv": [8.025, 4.025, 8.475, 4.475], "texture": "#layer0"},
				"south": {"uv": [8.025, 4.025, 8.475, 4.475], "texture": "#layer0"},
				"down": {"uv": [8.025, 4.025, 8.475, 4.475], "texture": "#layer0"}
			}
		},
		{
			"name": "bow_65",
			"from": [8.5, 11.5, 7.55],
			"to": [9, 12, 8.45],
			"faces": {
				"north": {"uv": [8.525, 4.475, 8.975, 4.025], "rotation": 180, "texture": "#layer0"},
				"south": {"uv": [8.525, 4.025, 8.975, 4.475], "texture": "#layer0"},
				"down": {"uv": [8.525, 4.025, 8.975, 4.475], "texture": "#layer0"}
			}
		},
		{
			"name": "bow_66",
			"from": [9, 11.5, 7.55],
			"to": [9.5, 12, 8.45],
			"faces": {
				"north": {"uv": [9.025, 4.475, 9.475, 4.025], "rotation": 180, "texture": "#layer0"},
				"east": {"uv": [9.025, 4.025, 9.475, 4.475], "texture": "#layer0"},
				"south": {"uv": [9.025, 4.025, 9.475, 4.475], "texture": "#layer0"},
				"down": {"uv": [9.025, 4.025, 9.475, 4.475], "texture": "#layer0"}
			}
		},
		{
			"name": "bow_67",
			"from": [13, 11.5, 7.75],
			"to": [13.5, 12, 8.25],
			"faces": {
				"north": {"uv": [13.025, 4.475, 13.475, 4.025], "rotation": 180, "texture": "#layer0"},
				"east": {"uv": [13.025, 4.025, 13.475, 4.475], "texture": "#layer0"},
				"south": {"uv": [13.025, 4.025, 13.475, 4.475], "texture": "#layer0"},
				"west": {"uv": [13.025, 4.025, 13.475, 4.475], "texture": "#layer0"},
				"up": {"uv": [13.475, 4.025, 13.025, 4.475], "rotation": 180, "texture": "#layer0"},
				"down": {"uv": [13.025, 4.025, 13.475, 4.475], "texture": "#layer0"}
			}
		},
		{
			"name": "bow_69",
			"from": [5.5, 11, 7.75],
			"to": [6, 11.5, 8.25],
			"faces": {
				"north": {"uv": [5.525, 4.975, 5.975, 4.525], "rotation": 180, "texture": "#layer0"},
				"south": {"uv": [5.525, 4.525, 5.975, 4.975], "texture": "#layer0"},
				"west": {"uv": [5.525, 4.525, 5.975, 4.975], "texture": "#layer0"},
				"up": {"uv": [5.975, 4.525, 5.525, 4.975], "rotation": 180, "texture": "#layer0"}
			}
		},
		{
			"name": "bow_70",
			"from": [6, 11, 7.55],
			"to": [6.5, 11.5, 8.45],
			"faces": {
				"north": {"uv": [6.025, 4.975, 6.475, 4.525], "rotation": 180, "texture": "#layer0"},
				"south": {"uv": [6.025, 4.525, 6.475, 4.975], "texture": "#layer0"},
				"west": {"uv": [6.025, 4.525, 6.475, 4.975], "texture": "#layer0"},
				"up": {"uv": [6.475, 4.525, 6.025, 4.975], "rotation": 180, "texture": "#layer0"}
			}
		},
		{
			"name": "bow_71",
			"from": [6.5, 11, 7.55],
			"to": [7, 11.5, 8.45],
			"faces": {
				"north": {"uv": [6.525, 5.025, 6.975, 5.475], "texture": "#layer0"},
				"south": {"uv": [6.525, 5.025, 6.975, 5.475], "texture": "#layer0"}
			}
		},
		{
			"name": "bow_72",
			"from": [7, 11, 7.35],
			"to": [7.5, 11.5, 8.65],
			"faces": {
				"north": {"uv": [7.025, 4.975, 7.475, 4.525], "rotation": 180, "texture": "#layer0"},
				"east": {"uv": [7.025, 4.525, 7.475, 4.975], "texture": "#layer0"},
				"south": {"uv": [7.025, 4.525, 7.475, 4.975], "texture": "#layer0"},
				"west": {"uv": [7.025, 4.525, 7.475, 4.975], "texture": "#layer0"},
				"down": {"uv": [7.025, 4.525, 7.475, 4.975], "texture": "#layer0"}
			}
		},
		{
			"name": "bow_73",
			"from": [7.5, 11, 7.55],
			"to": [8, 11.5, 8.45],
			"faces": {
				"north": {"uv": [7.525, 4.975, 7.975, 4.525], "rotation": 180, "texture": "#layer0"},
				"south": {"uv": [7.525, 4.525, 7.975, 4.975], "texture": "#layer0"},
				"down": {"uv": [7.525, 4.525, 7.975, 4.975], "texture": "#layer0"}
			}
		},
		{
			"name": "bow_74",
			"from": [8, 11, 7.55],
			"to": [8.5, 11.5, 8.45],
			"faces": {
				"north": {"uv": [8.025, 4.975, 8.475, 4.525], "rotation": 180, "texture": "#layer0"},
				"east": {"uv": [8.025, 4.525, 8.475, 4.975], "texture": "#layer0"},
				"south": {"uv": [8.025, 4.525, 8.475, 4.975], "texture": "#layer0"},
				"down": {"uv": [8.025, 4.525, 8.475, 4.975], "texture": "#layer0"}
			}
		},
		{
			"name": "bow_75",
			"from": [12.5, 11, 7.75],
			"to": [13, 11.5, 8.25],
			"faces": {
				"north": {"uv": [12.525, 4.975, 12.975, 4.525], "rotation": 180, "texture": "#layer0"},
				"east": {"uv": [12.525, 4.525, 12.975, 4.975], "texture": "#layer0"},
				"south": {"uv": [12.525, 4.525, 12.975, 4.975], "texture": "#layer0"},
				"west": {"uv": [12.525, 4.525, 12.975, 4.975], "texture": "#layer0"},
				"up": {"uv": [12.975, 4.525, 12.525, 4.975], "rotation": 180, "texture": "#layer0"},
				"down": {"uv": [12.525, 4.525, 12.975, 4.975], "texture": "#layer0"}
			}
		},
		{
			"name": "bow_77",
			"from": [5, 10.5, 7.75],
			"to": [5.5, 11, 8.25],
			"faces": {
				"north": {"uv": [5.025, 5.475, 5.475, 5.025], "rotation": 180, "texture": "#layer0"},
				"south": {"uv": [5.025, 5.025, 5.475, 5.475], "texture": "#layer0"},
				"west": {"uv": [5.025, 5.025, 5.475, 5.475], "texture": "#layer0"},
				"up": {"uv": [5.475, 5.025, 5.025, 5.475], "rotation": 180, "texture": "#layer0"}
			}
		},
		{
			"name": "bow_78",
			"from": [5.5, 10.5, 7.55],
			"to": [6, 11, 8.45],
			"faces": {
				"north": {"uv": [5.525, 5.475, 5.975, 5.025], "rotation": 180, "texture": "#layer0"},
				"south": {"uv": [5.525, 5.025, 5.975, 5.475], "texture": "#layer0"},
				"west": {"uv": [5.525, 5.025, 5.975, 5.475], "texture": "#layer0"},
				"up": {"uv": [5.975, 5.025, 5.525, 5.475], "rotation": 180, "texture": "#layer0"}
			}
		},
		{
			"name": "bow_79",
			"from": [6, 10.5, 7.55],
			"to": [6.5, 11, 8.45],
			"faces": {
				"north": {"uv": [6.025, 5.475, 6.475, 5.025], "rotation": 180, "texture": "#layer0"},
				"south": {"uv": [6.025, 5.025, 6.475, 5.475], "texture": "#layer0"}
			}
		},
		{
			"name": "bow_80",
			"from": [6.5, 10.5, 7.55],
			"to": [7, 11, 8.45],
			"faces": {
				"north": {"uv": [6.525, 5.475, 6.975, 5.025], "rotation": 180, "texture": "#layer0"},
				"east": {"uv": [6.525, 5.025, 6.975, 5.475], "texture": "#layer0"},
				"south": {"uv": [6.525, 5.025, 6.975, 5.475], "texture": "#layer0"},
				"down": {"uv": [6.525, 5.025, 6.975, 5.475], "texture": "#layer0"}
			}
		},
		{
			"name": "bow_81",
			"from": [7, 10.5, 7.75],
			"to": [7.5, 11, 8.25],
			"faces": {
				"north": {"uv": [7.025, 5.475, 7.475, 5.025], "rotation": 180, "texture": "#layer0"},
				"east": {"uv": [7.025, 5.025, 7.475, 5.475], "texture": "#layer0"},
				"south": {"uv": [7.025, 5.025, 7.475, 5.475], "texture": "#layer0"},
				"down": {"uv": [7.025, 5.025, 7.475, 5.475], "texture": "#layer0"}
			}
		},
		{
			"name": "bow_82",
			"from": [12, 10.5, 7.75],
			"to": [12.5, 11, 8.25],
			"faces": {
				"north": {"uv": [12.025, 5.475, 12.475, 5.025], "rotation": 180, "texture": "#layer0"},
				"east": {"uv": [12.025, 5.025, 12.475, 5.475], "texture": "#layer0"},
				"south": {"uv": [12.025, 5.025, 12.475, 5.475], "texture": "#layer0"},
				"west": {"uv": [12.025, 5.025, 12.475, 5.475], "texture": "#layer0"},
				"up": {"uv": [12.475, 5.025, 12.025, 5.475], "rotation": 180, "texture": "#layer0"},
				"down": {"uv": [12.025, 5.025, 12.475, 5.475], "texture": "#layer0"}
			}
		},
		{
			"name": "bow_84",
			"from": [4.5, 10, 7.75],
			"to": [5, 10.5, 8.25],
			"faces": {
				"north": {"uv": [4.525, 5.975, 4.975, 5.525], "rotation": 180, "texture": "#layer0"},
				"south": {"uv": [4.525, 5.525, 4.975, 5.975], "texture": "#layer0"},
				"west": {"uv": [4.525, 5.525, 4.975, 5.975], "texture": "#layer0"},
				"up": {"uv": [4.975, 5.525, 4.525, 5.975], "rotation": 180, "texture": "#layer0"}
			}
		},
		{
			"name": "bow_85",
			"from": [5, 10, 7.55],
			"to": [5.5, 10.5, 8.45],
			"faces": {
				"north": {"uv": [5.025, 5.975, 5.475, 5.525], "rotation": 180, "texture": "#layer0"},
				"south": {"uv": [5.025, 5.525, 5.475, 5.975], "texture": "#layer0"},
				"west": {"uv": [5.025, 5.525, 5.475, 5.975], "texture": "#layer0"},
				"up": {"uv": [5.475, 5.525, 5.025, 5.975], "rotation": 180, "texture": "#layer0"}
			}
		},
		{
			"name": "bow_86",
			"from": [5.5, 10, 7.55],
			"to": [6, 10.5, 8.45],
			"faces": {
				"north": {"uv": [5.525, 5.975, 5.975, 5.525], "rotation": 180, "texture": "#layer0"},
				"south": {"uv": [5.525, 5.525, 5.975, 5.975], "texture": "#layer0"}
			}
		},
		{
			"name": "bow_87",
			"from": [6, 10, 7.55],
			"to": [6.5, 10.5, 8.45],
			"faces": {
				"north": {"uv": [6.025, 5.975, 6.475, 5.525], "rotation": 180, "texture": "#layer0"},
				"east": {"uv": [6.025, 5.525, 6.475, 5.975], "texture": "#layer0"},
				"south": {"uv": [6.025, 5.525, 6.475, 5.975], "texture": "#layer0"},
				"down": {"uv": [6.025, 5.525, 6.475, 5.975], "texture": "#layer0"}
			}
		},
		{
			"name": "bow_88",
			"from": [6.5, 10, 7.75],
			"to": [7, 10.5, 8.25],
			"faces": {
				"north": {"uv": [6.525, 5.975, 6.975, 5.525], "rotation": 180, "texture": "#layer0"},
				"east": {"uv": [6.525, 5.525, 6.975, 5.975], "texture": "#layer0"},
				"south": {"uv": [6.525, 5.525, 6.975, 5.975], "texture": "#layer0"},
				"down": {"uv": [6.525, 5.525, 6.975, 5.975], "texture": "#layer0"}
			}
		},
		{
			"name": "bow_89",
			"from": [11.5, 10, 7.75],
			"to": [12, 10.5, 8.25],
			"faces": {
				"north": {"uv": [11.525, 5.975, 11.975, 5.525], "rotation": 180, "texture": "#layer0"},
				"east": {"uv": [11.525, 5.525, 11.975, 5.975], "texture": "#layer0"},
				"south": {"uv": [11.525, 5.525, 11.975, 5.975], "texture": "#layer0"},
				"west": {"uv": [11.525, 5.525, 11.975, 5.975], "texture": "#layer0"},
				"up": {"uv": [11.975, 5.525, 11.525, 5.975], "rotation": 180, "texture": "#layer0"},
				"down": {"uv": [11.525, 5.525, 11.975, 5.975], "texture": "#layer0"}
			}
		},
		{
			"name": "bow_91",
			"from": [4, 9.5, 7.75],
			"to": [4.5, 10, 8.25],
			"faces": {
				"north": {"uv": [4.025, 6.475, 4.475, 6.025], "rotation": 180, "texture": "#layer0"},
				"south": {"uv": [4.025, 6.025, 4.475, 6.475], "texture": "#layer0"},
				"west": {"uv": [4.025, 6.025, 4.475, 6.475], "texture": "#layer0"},
				"up": {"uv": [4.475, 6.025, 4.025, 6.475], "rotation": 180, "texture": "#layer0"}
			}
		},
		{
			"name": "bow_92",
			"from": [4.5, 9.5, 7.55],
			"to": [5, 10, 8.45],
			"faces": {
				"north": {"uv": [4.525, 6.475, 4.975, 6.025], "rotation": 180, "texture": "#layer0"},
				"south": {"uv": [4.525, 6.025, 4.975, 6.475], "texture": "#layer0"},
				"west": {"uv": [4.525, 6.025, 4.975, 6.475], "texture": "#layer0"},
				"up": {"uv": [4.975, 6.025, 4.525, 6.475], "rotation": 180, "texture": "#layer0"}
			}
		},
		{
			"name": "bow_93",
			"from": [5, 9.5, 7.55],
			"to": [5.5, 10, 8.45],
			"faces": {
				"north": {"uv": [5.025, 6.475, 5.475, 6.025], "rotation": 180, "texture": "#layer0"},
				"south": {"uv": [5.025, 6.025, 5.475, 6.475], "texture": "#layer0"}
			}
		},
		{
			"name": "bow_94",
			"from": [5.5, 9.5, 7.55],
			"to": [6, 10, 8.45],
			"faces": {
				"north": {"uv": [5.525, 6.475, 5.975, 6.025], "rotation": 180, "texture": "#layer0"},
				"east": {"uv": [5.525, 6.025, 5.975, 6.475], "texture": "#layer0"},
				"south": {"uv": [5.525, 6.025, 5.975, 6.475], "texture": "#layer0"},
				"down": {"uv": [5.525, 6.025, 5.975, 6.475], "texture": "#layer0"}
			}
		},
		{
			"name": "bow_95",
			"from": [6, 9.5, 7.75],
			"to": [6.5, 10, 8.25],
			"faces": {
				"north": {"uv": [6.025, 6.475, 6.475, 6.025], "rotation": 180, "texture": "#layer0"},
				"east": {"uv": [6.025, 6.025, 6.475, 6.475], "texture": "#layer0"},
				"south": {"uv": [6.025, 6.025, 6.475, 6.475], "texture": "#layer0"},
				"down": {"uv": [6.025, 6.025, 6.475, 6.475], "texture": "#layer0"}
			}
		},
		{
			"name": "bow_96",
			"from": [11, 9.5, 7.75],
			"to": [11.5, 10, 8.25],
			"faces": {
				"north": {"uv": [11.025, 6.475, 11.475, 6.025], "rotation": 180, "texture": "#layer0"},
				"east": {"uv": [11.025, 6.025, 11.475, 6.475], "texture": "#layer0"},
				"south": {"uv": [11.025, 6.025, 11.475, 6.475], "texture": "#layer0"},
				"west": {"uv": [11.025, 6.025, 11.475, 6.475], "texture": "#layer0"},
				"up": {"uv": [11.475, 6.025, 11.025, 6.475], "rotation": 180, "texture": "#layer0"},
				"down": {"uv": [11.025, 6.025, 11.475, 6.475], "texture": "#layer0"}
			}
		},
		{
			"name": "bow_97",
			"from": [3.5, 9, 7.55],
			"to": [4, 9.5, 8.45],
			"faces": {
				"north": {"uv": [3.525, 6.975, 3.975, 6.525], "rotation": 180, "texture": "#layer0"},
				"south": {"uv": [3.525, 6.525, 3.975, 6.975], "texture": "#layer0"},
				"west": {"uv": [3.525, 6.525, 3.975, 6.975], "texture": "#layer0"},
				"up": {"uv": [3.975, 6.525, 3.525, 6.975], "rotation": 180, "texture": "#layer0"}
			}
		},
		{
			"name": "bow_98",
			"from": [4, 9, 7.35],
			"to": [4.5, 9.5, 8.65],
			"faces": {
				"north": {"uv": [4.025, 6.975, 4.475, 6.525], "rotation": 180, "texture": "#layer0"},
				"east": {"uv": [4.025, 6.525, 4.475, 6.975], "texture": "#layer0"},
				"south": {"uv": [4.025, 6.525, 4.475, 6.975], "texture": "#layer0"},
				"west": {"uv": [4.025, 6.525, 4.475, 6.975], "texture": "#layer0"},
				"up": {"uv": [4.475, 6.525, 4.025, 6.975], "rotation": 180, "texture": "#layer0"}
			}
		},
		{
			"name": "bow_99",
			"from": [4.5, 9, 7.55],
			"to": [5, 9.5, 8.45],
			"faces": {
				"north": {"uv": [4.525, 6.025, 4.975, 6.475], "texture": "#layer0"},
				"south": {"uv": [4.525, 6.025, 4.975, 6.475], "texture": "#layer0"}
			}
		},
		{
			"name": "bow_100",
			"from": [5, 9, 7.55],
			"to": [5.5, 9.5, 8.45],
			"faces": {
				"north": {"uv": [5.025, 6.975, 5.475, 6.525], "rotation": 180, "texture": "#layer0"},
				"east": {"uv": [5.025, 6.525, 5.475, 6.975], "texture": "#layer0"},
				"south": {"uv": [5.025, 6.525, 5.475, 6.975], "texture": "#layer0"},
				"down": {"uv": [5.025, 6.525, 5.475, 6.975], "texture": "#layer0"}
			}
		},
		{
			"name": "bow_101",
			"from": [5.5, 9, 7.75],
			"to": [6, 9.5, 8.25],
			"faces": {
				"north": {"uv": [5.525, 6.975, 5.975, 6.525], "rotation": 180, "texture": "#layer0"},
				"east": {"uv": [5.525, 6.525, 5.975, 6.975], "texture": "#layer0"},
				"south": {"uv": [5.525, 6.525, 5.975, 6.975], "texture": "#layer0"},
				"down": {"uv": [5.525, 6.525, 5.975, 6.975], "texture": "#layer0"}
			}
		},
		{
			"name": "bow_102",
			"from": [10.5, 9, 7.75],
			"to": [11, 9.5, 8.25],
			"faces": {
				"north": {"uv": [10.525, 6.975, 10.975, 6.525], "rotation": 180, "texture": "#layer0"},
				"east": {"uv": [10.525, 6.525, 10.975, 6.975], "texture": "#layer0"},
				"south": {"uv": [10.525, 6.525, 10.975, 6.975], "texture": "#layer0"},
				"west": {"uv": [10.525, 6.525, 10.975, 6.975], "texture": "#layer0"},
				"up": {"uv": [10.975, 6.525, 10.525, 6.975], "rotation": 180, "texture": "#layer0"},
				"down": {"uv": [10.525, 6.525, 10.975, 6.975], "texture": "#layer0"}
			}
		},
		{
			"name": "bow_103",
			"from": [3, 8.5, 7.55],
			"to": [3.5, 9, 8.45],
			"faces": {
				"north": {"uv": [3.025, 7.475, 3.475, 7.025], "rotation": 180, "texture": "#layer0"},
				"south": {"uv": [3.025, 7.025, 3.475, 7.475], "texture": "#layer0"},
				"west": {"uv": [3.025, 7.025, 3.475, 7.475], "texture": "#layer0"},
				"up": {"uv": [3.475, 7.025, 3.025, 7.475], "rotation": 180, "texture": "#layer0"}
			}
		},
		{
			"name": "bow_104",
			"from": [3.5, 8.5, 7.35],
			"to": [4, 9, 8.65],
			"faces": {
				"north": {"uv": [3.525, 7.475, 3.975, 7.025], "rotation": 180, "texture": "#layer0"},
				"south": {"uv": [3.525, 7.025, 3.975, 7.475], "texture": "#layer0"},
				"west": {"uv": [3.525, 7.025, 3.975, 7.475], "texture": "#layer0"},
				"up": {"uv": [3.975, 7.025, 3.525, 7.475], "rotation": 180, "texture": "#layer0"}
			}
		},
		{
			"name": "bow_105",
			"from": [4, 8.5, 7.35],
			"to": [4.5, 9, 8.65],
			"faces": {
				"north": {"uv": [4.025, 7.475, 4.475, 7.025], "rotation": 180, "texture": "#layer0"},
				"south": {"uv": [4.025, 7.025, 4.475, 7.475], "texture": "#layer0"}
			}
		},
		{
			"name": "bow_106",
			"from": [4.5, 8.5, 7.35],
			"to": [5, 9, 8.65],
			"faces": {
				"north": {"uv": [4.525, 7.475, 4.975, 7.025], "rotation": 180, "texture": "#layer0"},
				"east": {"uv": [4.525, 7.025, 4.975, 7.475], "texture": "#layer0"},
				"south": {"uv": [4.525, 7.025, 4.975, 7.475], "texture": "#layer0"},
				"up": {"uv": [4.975, 7.025, 4.525, 7.475], "rotation": 180, "texture": "#layer0"},
				"down": {"uv": [4.525, 7.025, 4.975, 7.475], "texture": "#layer0"}
			}
		},
		{
			"name": "bow_107",
			"from": [5, 8.5, 7.75],
			"to": [5.5, 9, 8.25],
			"faces": {
				"north": {"uv": [5.025, 7.475, 5.475, 7.025], "rotation": 180, "texture": "#layer0"},
				"east": {"uv": [5.025, 7.025, 5.475, 7.475], "texture": "#layer0"},
				"south": {"uv": [5.025, 7.025, 5.475, 7.475], "texture": "#layer0"},
				"down": {"uv": [5.025, 7.025, 5.475, 7.475], "texture": "#layer0"}
			}
		},
		{
			"name": "bow_108",
			"from": [10, 8.5, 7.75],
			"to": [10.5, 9, 8.25],
			"faces": {
				"north": {"uv": [10.025, 7.475, 10.475, 7.025], "rotation": 180, "texture": "#layer0"},
				"east": {"uv": [10.025, 7.025, 10.475, 7.475], "texture": "#layer0"},
				"south": {"uv": [10.025, 7.025, 10.475, 7.475], "texture": "#layer0"},
				"west": {"uv": [10.025, 7.025, 10.475, 7.475], "texture": "#layer0"},
				"up": {"uv": [10.475, 7.025, 10.025, 7.475], "rotation": 180, "texture": "#layer0"},
				"down": {"uv": [10.025, 7.025, 10.475, 7.475], "texture": "#layer0"}
			}
		},
		{
			"name": "bow_109",
			"from": [3, 8, 7.55],
			"to": [3.5, 8.5, 8.45],
			"faces": {
				"north": {"uv": [3.025, 7.975, 3.475, 7.525], "rotation": 180, "texture": "#layer0"},
				"south": {"uv": [3.025, 7.525, 3.475, 7.975], "texture": "#layer0"},
				"west": {"uv": [3.025, 7.525, 3.475, 7.975], "texture": "#layer0"}
			}
		},
		{
			"name": "bow_110",
			"from": [3.5, 8, 7.35],
			"to": [4, 8.5, 8.65],
			"faces": {
				"north": {"uv": [3.525, 7.975, 3.975, 7.525], "rotation": 180, "texture": "#layer0"},
				"south": {"uv": [3.525, 7.525, 3.975, 7.975], "texture": "#layer0"},
				"west": {"uv": [3.525, 7.525, 3.975, 7.975], "texture": "#layer0"}
			}
		},
		{
			"name": "bow_111",
			"from": [4, 8, 7.35],
			"to": [4.5, 8.5, 8.65],
			"faces": {
				"north": {"uv": [4.025, 7.975, 4.475, 7.525], "rotation": 180, "texture": "#layer0"},
				"east": {"uv": [4.025, 7.525, 4.475, 7.975], "texture": "#layer0"},
				"south": {"uv": [4.025, 7.525, 4.475, 7.975], "texture": "#layer0"}
			}
		},
		{
			"name": "bow_112",
			"from": [4.5, 8, 7.55],
			"to": [5, 8.5, 8.45],
			"faces": {
				"north": {"uv": [4.525, 7.975, 4.975, 7.525], "rotation": 180, "texture": "#layer0"},
				"east": {"uv": [4.525, 7.525, 4.975, 7.975], "texture": "#layer0"},
				"south": {"uv": [4.525, 7.525, 4.975, 7.975], "texture": "#layer0"}
			}
		},
		{
			"name": "bow_113",
			"from": [9.5, 8, 7.75],
			"to": [10, 8.5, 8.25],
			"faces": {
				"north": {"uv": [9.525, 7.975, 9.975, 7.525], "rotation": 180, "texture": "#layer0"},
				"east": {"uv": [9.525, 7.525, 9.975, 7.975], "texture": "#layer0"},
				"south": {"uv": [9.525, 7.525, 9.975, 7.975], "texture": "#layer0"},
				"west": {"uv": [9.525, 7.525, 9.975, 7.975], "texture": "#layer0"},
				"up": {"uv": [9.975, 7.525, 9.525, 7.975], "rotation": 180, "texture": "#layer0"},
				"down": {"uv": [9.525, 7.525, 9.975, 7.975], "texture": "#layer0"}
			}
		},
		{
			"name": "bow_114",
			"from": [2.5, 7.5, 7.55],
			"to": [3, 8, 8.45],
			"faces": {
				"north": {"uv": [2.525, 8.475, 2.975, 8.025], "rotation": 180, "texture": "#layer0"},
				"south": {"uv": [2.525, 8.025, 2.975, 8.475], "texture": "#layer0"},
				"west": {"uv": [2.525, 8.025, 2.975, 8.475], "texture": "#layer0"},
				"up": {"uv": [2.975, 8.025, 2.525, 8.475], "rotation": 180, "texture": "#layer0"}
			}
		},
		{
			"name": "bow_115",
			"from": [3, 7.5, 7.35],
			"to": [3.5, 8, 8.65],
			"faces": {
				"north": {"uv": [3.025, 8.475, 3.475, 8.025], "rotation": 180, "texture": "#layer0"},
				"south": {"uv": [3.025, 8.025, 3.475, 8.475], "texture": "#layer0"},
				"west": {"uv": [3.025, 8.025, 3.475, 8.475], "texture": "#layer0"},
				"up": {"uv": [3.475, 8.025, 3.025, 8.475], "rotation": 180, "texture": "#layer0"}
			}
		},
		{
			"name": "bow_116",
			"from": [3.5, 7.5, 7.35],
			"to": [4, 8, 8.65],
			"faces": {
				"north": {"uv": [3.525, 8.475, 3.975, 8.025], "rotation": 180, "texture": "#layer0"},
				"south": {"uv": [3.525, 8.025, 3.975, 8.475], "texture": "#layer0"}
			}
		},
		{
			"name": "bow_117",
			"from": [4, 7.5, 7.35],
			"to": [4.5, 8, 8.65],
			"faces": {
				"north": {"uv": [4.025, 8.475, 4.475, 8.025], "rotation": 180, "texture": "#layer0"},
				"east": {"uv": [4.025, 8.025, 4.475, 8.475], "texture": "#layer0"},
				"south": {"uv": [4.025, 8.025, 4.475, 8.475], "texture": "#layer0"},
				"down": {"uv": [4.025, 8.025, 4.475, 8.475], "texture": "#layer0"}
			}
		},
		{
			"name": "bow_118",
			"from": [4.5, 7.5, 7.55],
			"to": [5, 8, 8.45],
			"faces": {
				"north": {"uv": [4.525, 8.475, 4.975, 8.025], "rotation": 180, "texture": "#layer0"},
				"east": {"uv": [4.525, 8.025, 4.975, 8.475], "texture": "#layer0"},
				"south": {"uv": [4.525, 8.025, 4.975, 8.475], "texture": "#layer0"},
				"down": {"uv": [4.525, 8.025, 4.975, 8.475], "texture": "#layer0"}
			}
		},
		{
			"name": "bow_119",
			"from": [9, 7.5, 7.75],
			"to": [9.5, 8, 8.25],
			"faces": {
				"north": {"uv": [9.025, 8.475, 9.475, 8.025], "rotation": 180, "texture": "#layer0"},
				"east": {"uv": [9.025, 8.025, 9.475, 8.475], "texture": "#layer0"},
				"south": {"uv": [9.025, 8.025, 9.475, 8.475], "texture": "#layer0"},
				"west": {"uv": [9.025, 8.025, 9.475, 8.475], "texture": "#layer0"},
				"up": {"uv": [9.475, 8.025, 9.025, 8.475], "rotation": 180, "texture": "#layer0"},
				"down": {"uv": [9.025, 8.025, 9.475, 8.475], "texture": "#layer0"}
			}
		},
		{
			"name": "bow_120",
			"from": [2.5, 7, 7.55],
			"to": [3, 7.5, 8.45],
			"faces": {
				"north": {"uv": [2.525, 8.975, 2.975, 8.525], "rotation": 180, "texture": "#layer0"},
				"south": {"uv": [2.525, 8.525, 2.975, 8.975], "texture": "#layer0"},
				"west": {"uv": [2.525, 8.525, 2.975, 8.975], "texture": "#layer0"}
			}
		},
		{
			"name": "bow_121",
			"from": [3, 7, 7.35],
			"to": [3.5, 7.5, 8.65],
			"faces": {
				"north": {"uv": [3.025, 8.975, 3.475, 8.525], "rotation": 180, "texture": "#layer0"},
				"south": {"uv": [3.025, 8.525, 3.475, 8.975], "texture": "#layer0"},
				"west": {"uv": [3.025, 8.525, 3.475, 8.975], "texture": "#layer0"}
			}
		},
		{
			"name": "bow_122",
			"from": [3.5, 7, 7.35],
			"to": [4, 7.5, 8.65],
			"faces": {
				"north": {"uv": [3.525, 8.975, 3.975, 8.525], "rotation": 180, "texture": "#layer0"},
				"east": {"uv": [3.525, 8.525, 3.975, 8.975], "texture": "#layer0"},
				"south": {"uv": [3.525, 8.525, 3.975, 8.975], "texture": "#layer0"}
			}
		},
		{
			"name": "bow_123",
			"from": [4, 7, 7.55],
			"to": [4.5, 7.5, 8.45],
			"faces": {
				"north": {"uv": [4.025, 8.975, 4.475, 8.525], "rotation": 180, "texture": "#layer0"},
				"east": {"uv": [4.025, 8.525, 4.475, 8.975], "texture": "#layer0"},
				"south": {"uv": [4.025, 8.525, 4.475, 8.975], "texture": "#layer0"}
			}
		},
		{
			"name": "bow_124",
			"from": [8.5, 7, 7.75],
			"to": [9, 7.5, 8.25],
			"faces": {
				"north": {"uv": [8.525, 8.975, 8.975, 8.525], "rotation": 180, "texture": "#layer0"},
				"east": {"uv": [8.525, 8.525, 8.975, 8.975], "texture": "#layer0"},
				"south": {"uv": [8.525, 8.525, 8.975, 8.975], "texture": "#layer0"},
				"west": {"uv": [8.525, 8.525, 8.975, 8.975], "texture": "#layer0"},
				"up": {"uv": [8.975, 8.525, 8.525, 8.975], "rotation": 180, "texture": "#layer0"},
				"down": {"uv": [8.525, 8.525, 8.975, 8.975], "texture": "#layer0"}
			}
		},
		{
			"name": "bow_125",
			"from": [2.5, 6.5, 7.55],
			"to": [3, 7, 8.45],
			"faces": {
				"north": {"uv": [2.525, 9.475, 2.975, 9.025], "rotation": 180, "texture": "#layer0"},
				"south": {"uv": [2.525, 9.025, 2.975, 9.475], "texture": "#layer0"},
				"west": {"uv": [2.525, 9.025, 2.975, 9.475], "texture": "#layer0"}
			}
		},
		{
			"name": "bow_126",
			"from": [3, 6.5, 7.35],
			"to": [3.5, 7, 8.65],
			"faces": {
				"north": {"uv": [3.025, 9.475, 3.475, 9.025], "rotation": 180, "texture": "#layer0"},
				"south": {"uv": [3.025, 9.025, 3.475, 9.475], "texture": "#layer0"},
				"west": {"uv": [3.025, 9.025, 3.475, 9.475], "texture": "#layer0"}
			}
		},
		{
			"name": "bow_127",
			"from": [3.5, 6.5, 7.35],
			"to": [4, 7, 8.65],
			"faces": {
				"north": {"uv": [3.525, 9.475, 3.975, 9.025], "rotation": 180, "texture": "#layer0"},
				"east": {"uv": [3.525, 9.025, 3.975, 9.475], "texture": "#layer0"},
				"south": {"uv": [3.525, 9.025, 3.975, 9.475], "texture": "#layer0"},
				"down": {"uv": [3.525, 9.025, 3.975, 9.475], "texture": "#layer0"}
			}
		},
		{
			"name": "bow_128",
			"from": [4, 6.5, 7.55],
			"to": [4.5, 7, 8.45],
			"faces": {
				"north": {"uv": [4.025, 9.475, 4.475, 9.025], "rotation": 180, "texture": "#layer0"},
				"east": {"uv": [4.025, 9.025, 4.475, 9.475], "texture": "#layer0"},
				"south": {"uv": [4.025, 9.025, 4.475, 9.475], "texture": "#layer0"},
				"down": {"uv": [4.025, 9.025, 4.475, 9.475], "texture": "#layer0"}
			}
		},
		{
			"name": "bow_129",
			"from": [8, 6.5, 7.75],
			"to": [8.5, 7, 8.25],
			"faces": {
				"north": {"uv": [8.025, 9.475, 8.475, 9.025], "rotation": 180, "texture": "#layer0"},
				"east": {"uv": [8.025, 9.025, 8.475, 9.475], "texture": "#layer0"},
				"south": {"uv": [8.025, 9.025, 8.475, 9.475], "texture": "#layer0"},
				"west": {"uv": [8.025, 9.025, 8.475, 9.475], "texture": "#layer0"},
				"up": {"uv": [8.475, 9.025, 8.025, 9.475], "rotation": 180, "texture": "#layer0"},
				"down": {"uv": [8.025, 9.025, 8.475, 9.475], "texture": "#layer0"}
			}
		},
		{
			"name": "bow_130",
			"from": [2, 6, 7.55],
			"to": [2.5, 6.5, 8.45],
			"faces": {
				"north": {"uv": [2.025, 9.975, 2.475, 9.525], "rotation": 180, "texture": "#layer0"},
				"south": {"uv": [2.025, 9.525, 2.475, 9.975], "texture": "#layer0"},
				"west": {"uv": [2.025, 9.525, 2.475, 9.975], "texture": "#layer0"},
				"up": {"uv": [2.475, 9.525, 2.025, 9.975], "rotation": 180, "texture": "#layer0"}
			}
		},
		{
			"name": "bow_131",
			"from": [2.5, 6, 7.35],
			"to": [3, 6.5, 8.65],
			"faces": {
				"north": {"uv": [2.525, 9.975, 2.975, 9.525], "rotation": 180, "texture": "#layer0"},
				"south": {"uv": [2.525, 9.525, 2.975, 9.975], "texture": "#layer0"},
				"west": {"uv": [2.525, 9.525, 2.975, 9.975], "texture": "#layer0"},
				"up": {"uv": [2.975, 9.525, 2.525, 9.975], "rotation": 180, "texture": "#layer0"}
			}
		},
		{
			"name": "bow_132",
			"from": [3, 6, 7.35],
			"to": [3.5, 6.5, 8.65],
			"faces": {
				"north": {"uv": [3.025, 9.975, 3.475, 9.525], "rotation": 180, "texture": "#layer0"},
				"east": {"uv": [3.025, 9.525, 3.475, 9.975], "texture": "#layer0"},
				"south": {"uv": [3.025, 9.525, 3.475, 9.975], "texture": "#layer0"}
			}
		},
		{
			"name": "bow_133",
			"from": [3.5, 6, 7.55],
			"to": [4, 6.5, 8.45],
			"faces": {
				"north": {"uv": [3.525, 9.975, 3.975, 9.525], "rotation": 180, "texture": "#layer0"},
				"east": {"uv": [3.525, 9.525, 3.975, 9.975], "texture": "#layer0"},
				"south": {"uv": [3.525, 9.525, 3.975, 9.975], "texture": "#layer0"}
			}
		},
		{
			"name": "bow_134",
			"from": [7.5, 6, 7.75],
			"to": [8, 6.5, 8.25],
			"faces": {
				"north": {"uv": [7.525, 9.975, 7.975, 9.525], "rotation": 180, "texture": "#layer0"},
				"east": {"uv": [7.525, 9.525, 7.975, 9.975], "texture": "#layer0"},
				"south": {"uv": [7.525, 9.525, 7.975, 9.975], "texture": "#layer0"},
				"west": {"uv": [7.525, 9.525, 7.975, 9.975], "texture": "#layer0"},
				"up": {"uv": [7.975, 9.525, 7.525, 9.975], "rotation": 180, "texture": "#layer0"},
				"down": {"uv": [7.525, 9.525, 7.975, 9.975], "texture": "#layer0"}
			}
		},
		{
			"name": "bow_135",
			"from": [2, 5.5, 7.55],
			"to": [2.5, 6, 8.45],
			"faces": {
				"north": {"uv": [2.025, 10.475, 2.475, 10.025], "rotation": 180, "texture": "#layer0"},
				"south": {"uv": [2.025, 10.025, 2.475, 10.475], "texture": "#layer0"},
				"west": {"uv": [2.025, 10.025, 2.475, 10.475], "texture": "#layer0"}
			}
		},
		{
			"name": "bow_136",
			"from": [2.5, 5.5, 7.35],
			"to": [3, 6, 8.65],
			"faces": {
				"north": {"uv": [2.525, 10.475, 2.975, 10.025], "rotation": 180, "texture": "#layer0"},
				"south": {"uv": [2.525, 10.025, 2.975, 10.475], "texture": "#layer0"},
				"west": {"uv": [2.525, 10.025, 2.975, 10.475], "texture": "#layer0"}
			}
		},
		{
			"name": "bow_137",
			"from": [3, 5.5, 7.35],
			"to": [3.5, 6, 8.65],
			"faces": {
				"north": {"uv": [3.025, 10.475, 3.475, 10.025], "rotation": 180, "texture": "#layer0"},
				"east": {"uv": [3.025, 10.025, 3.475, 10.475], "texture": "#layer0"},
				"south": {"uv": [3.025, 10.025, 3.475, 10.475], "texture": "#layer0"}
			}
		},
		{
			"name": "bow_138",
			"from": [3.5, 5.5, 7.55],
			"to": [4, 6, 8.45],
			"faces": {
				"north": {"uv": [3.525, 10.475, 3.975, 10.025], "rotation": 180, "texture": "#layer0"},
				"east": {"uv": [3.525, 10.025, 3.975, 10.475], "texture": "#layer0"},
				"south": {"uv": [3.525, 10.025, 3.975, 10.475], "texture": "#layer0"}
			}
		},
		{
			"name": "bow_139",
			"from": [7, 5.5, 7.75],
			"to": [7.5, 6, 8.25],
			"faces": {
				"north": {"uv": [7.025, 10.475, 7.475, 10.025], "rotation": 180, "texture": "#layer0"},
				"east": {"uv": [7.025, 10.025, 7.475, 10.475], "texture": "#layer0"},
				"south": {"uv": [7.025, 10.025, 7.475, 10.475], "texture": "#layer0"},
				"west": {"uv": [7.025, 10.025, 7.475, 10.475], "texture": "#layer0"},
				"up": {"uv": [7.475, 10.025, 7.025, 10.475], "rotation": 180, "texture": "#layer0"},
				"down": {"uv": [7.025, 10.025, 7.475, 10.475], "texture": "#layer0"}
			}
		},
		{
			"name": "bow_140",
			"from": [2, 5, 7.55],
			"to": [2.5, 5.5, 8.45],
			"faces": {
				"north": {"uv": [2.025, 10.975, 2.475, 10.525], "rotation": 180, "texture": "#layer0"},
				"south": {"uv": [2.025, 10.525, 2.475, 10.975], "texture": "#layer0"},
				"west": {"uv": [2.025, 10.525, 2.475, 10.975], "texture": "#layer0"}
			}
		},
		{
			"name": "bow_141",
			"from": [2.5, 5, 7.35],
			"to": [3, 5.5, 8.65],
			"faces": {
				"north": {"uv": [2.525, 10.975, 2.975, 10.525], "rotation": 180, "texture": "#layer0"},
				"south": {"uv": [2.525, 10.525, 2.975, 10.975], "texture": "#layer0"},
				"west": {"uv": [2.525, 10.525, 2.975, 10.975], "texture": "#layer0"}
			}
		},
		{
			"name": "bow_142",
			"from": [3, 5, 7.35],
			"to": [3.5, 5.5, 8.65],
			"faces": {
				"north": {"uv": [3.025, 10.975, 3.475, 10.525], "rotation": 180, "texture": "#layer0"},
				"east": {"uv": [3.025, 10.525, 3.475, 10.975], "texture": "#layer0"},
				"south": {"uv": [3.025, 10.525, 3.475, 10.975], "texture": "#layer0"},
				"down": {"uv": [3.025, 10.525, 3.475, 10.975], "texture": "#layer0"}
			}
		},
		{
			"name": "bow_143",
			"from": [3.5, 5, 7.55],
			"to": [4, 5.5, 8.45],
			"faces": {
				"north": {"uv": [3.525, 10.975, 3.975, 10.525], "rotation": 180, "texture": "#layer0"},
				"east": {"uv": [3.525, 10.525, 3.975, 10.975], "texture": "#layer0"},
				"south": {"uv": [3.525, 10.525, 3.975, 10.975], "texture": "#layer0"},
				"down": {"uv": [3.525, 10.525, 3.975, 10.975], "texture": "#layer0"}
			}
		},
		{
			"name": "bow_144",
			"from": [6.5, 5, 7.75],
			"to": [7, 5.5, 8.25],
			"faces": {
				"north": {"uv": [6.525, 10.975, 6.975, 10.525], "rotation": 180, "texture": "#layer0"},
				"east": {"uv": [6.525, 10.525, 6.975, 10.975], "texture": "#layer0"},
				"south": {"uv": [6.525, 10.525, 6.975, 10.975], "texture": "#layer0"},
				"west": {"uv": [6.525, 10.525, 6.975, 10.975], "texture": "#layer0"},
				"up": {"uv": [6.975, 10.525, 6.525, 10.975], "rotation": 180, "texture": "#layer0"},
				"down": {"uv": [6.525, 10.525, 6.975, 10.975], "texture": "#layer0"}
			}
		},
		{
			"name": "bow_145",
			"from": [1.5, 4.5, 7.55],
			"to": [2, 5, 8.45],
			"faces": {
				"north": {"uv": [1.525, 11.475, 1.975, 11.025], "rotation": 180, "texture": "#layer0"},
				"south": {"uv": [1.525, 11.025, 1.975, 11.475], "texture": "#layer0"},
				"west": {"uv": [1.525, 11.025, 1.975, 11.475], "texture": "#layer0"},
				"up": {"uv": [1.975, 11.025, 1.525, 11.475], "rotation": 180, "texture": "#layer0"}
			}
		},
		{
			"name": "bow_146",
			"from": [2, 4.5, 7.35],
			"to": [2.5, 5, 8.65],
			"faces": {
				"north": {"uv": [2.025, 11.475, 2.475, 11.025], "rotation": 180, "texture": "#layer0"},
				"south": {"uv": [2.025, 11.025, 2.475, 11.475], "texture": "#layer0"},
				"west": {"uv": [2.025, 11.025, 2.475, 11.475], "texture": "#layer0"},
				"up": {"uv": [2.475, 11.025, 2.025, 11.475], "rotation": 180, "texture": "#layer0"}
			}
		},
		{
			"name": "bow_147",
			"from": [2.5, 4.5, 7.35],
			"to": [3, 5, 8.65],
			"faces": {
				"north": {"uv": [2.525, 11.475, 2.975, 11.025], "rotation": 180, "texture": "#layer0"},
				"east": {"uv": [2.525, 11.025, 2.975, 11.475], "texture": "#layer0"},
				"south": {"uv": [2.525, 11.025, 2.975, 11.475], "texture": "#layer0"}
			}
		},
		{
			"name": "bow_148",
			"from": [3, 4.5, 7.55],
			"to": [3.5, 5, 8.45],
			"faces": {
				"north": {"uv": [3.025, 11.475, 3.475, 11.025], "rotation": 180, "texture": "#layer0"},
				"east": {"uv": [3.025, 11.025, 3.475, 11.475], "texture": "#layer0"},
				"south": {"uv": [3.025, 11.025, 3.475, 11.475], "texture": "#layer0"}
			}
		},
		{
			"name": "bow_149",
			"from": [6, 4.5, 7.75],
			"to": [6.5, 5, 8.25],
			"faces": {
				"north": {"uv": [6.025, 11.475, 6.475, 11.025], "rotation": 180, "texture": "#layer0"},
				"east": {"uv": [6.025, 11.025, 6.475, 11.475], "texture": "#layer0"},
				"south": {"uv": [6.025, 11.025, 6.475, 11.475], "texture": "#layer0"},
				"west": {"uv": [6.025, 11.025, 6.475, 11.475], "texture": "#layer0"},
				"up": {"uv": [6.475, 11.025, 6.025, 11.475], "rotation": 180, "texture": "#layer0"},
				"down": {"uv": [6.025, 11.025, 6.475, 11.475], "texture": "#layer0"}
			}
		},
		{
			"name": "bow_150",
			"from": [1.5, 4, 7.55],
			"to": [2, 4.5, 8.45],
			"faces": {
				"north": {"uv": [1.525, 11.975, 1.975, 11.525], "rotation": 180, "texture": "#layer0"},
				"south": {"uv": [1.525, 11.525, 1.975, 11.975], "texture": "#layer0"},
				"west": {"uv": [1.525, 11.525, 1.975, 11.975], "texture": "#layer0"}
			}
		},
		{
			"name": "bow_151",
			"from": [2, 4, 7.35],
			"to": [2.5, 4.5, 8.65],
			"faces": {
				"north": {"uv": [2.025, 11.975, 2.475, 11.525], "rotation": 180, "texture": "#layer0"},
				"south": {"uv": [2.025, 11.525, 2.475, 11.975], "texture": "#layer0"},
				"west": {"uv": [2.025, 11.525, 2.475, 11.975], "texture": "#layer0"}
			}
		},
		{
			"name": "bow_152",
			"from": [2.5, 4, 7.35],
			"to": [3, 4.5, 8.65],
			"faces": {
				"north": {"uv": [2.525, 11.975, 2.975, 11.525], "rotation": 180, "texture": "#layer0"},
				"east": {"uv": [2.525, 11.525, 2.975, 11.975], "texture": "#layer0"},
				"south": {"uv": [2.525, 11.525, 2.975, 11.975], "texture": "#layer0"}
			}
		},
		{
			"name": "bow_153",
			"from": [3, 4, 7.55],
			"to": [3.5, 4.5, 8.45],
			"faces": {
				"north": {"uv": [3.025, 11.975, 3.475, 11.525], "rotation": 180, "texture": "#layer0"},
				"east": {"uv": [3.025, 11.525, 3.475, 11.975], "texture": "#layer0"},
				"south": {"uv": [3.025, 11.525, 3.475, 11.975], "texture": "#layer0"}
			}
		},
		{
			"name": "bow_154",
			"from": [5.5, 4, 7.75],
			"to": [6, 4.5, 8.25],
			"faces": {
				"north": {"uv": [5.525, 11.975, 5.975, 11.525], "rotation": 180, "texture": "#layer0"},
				"east": {"uv": [5.525, 11.525, 5.975, 11.975], "texture": "#layer0"},
				"south": {"uv": [5.525, 11.525, 5.975, 11.975], "texture": "#layer0"},
				"west": {"uv": [5.525, 11.525, 5.975, 11.975], "texture": "#layer0"},
				"up": {"uv": [5.975, 11.525, 5.525, 11.975], "rotation": 180, "texture": "#layer0"},
				"down": {"uv": [5.525, 11.525, 5.975, 11.975], "texture": "#layer0"}
			}
		},
		{
			"name": "bow_155",
			"from": [1.5, 3.5, 7.55],
			"to": [2, 4, 8.45],
			"faces": {
				"north": {"uv": [1.525, 12.475, 1.975, 12.025], "rotation": 180, "texture": "#layer0"},
				"south": {"uv": [1.525, 12.025, 1.975, 12.475], "texture": "#layer0"},
				"west": {"uv": [1.525, 12.025, 1.975, 12.475], "texture": "#layer0"}
			}
		},
		{
			"name": "bow_156",
			"from": [2, 3.5, 7.35],
			"to": [2.5, 4, 8.65],
			"faces": {
				"north": {"uv": [2.025, 12.475, 2.475, 12.025], "rotation": 180, "texture": "#layer0"},
				"south": {"uv": [2.025, 12.025, 2.475, 12.475], "texture": "#layer0"},
				"west": {"uv": [2.025, 12.025, 2.475, 12.475], "texture": "#layer0"}
			}
		},
		{
			"name": "bow_157",
			"from": [2.5, 3.5, 7.35],
			"to": [3, 4, 8.65],
			"faces": {
				"north": {"uv": [2.525, 12.475, 2.975, 12.025], "rotation": 180, "texture": "#layer0"},
				"east": {"uv": [2.525, 12.025, 2.975, 12.475], "texture": "#layer0"},
				"south": {"uv": [2.525, 12.025, 2.975, 12.475], "texture": "#layer0"},
				"down": {"uv": [2.525, 12.025, 2.975, 12.475], "texture": "#layer0"}
			}
		},
		{
			"name": "bow_158",
			"from": [3, 3.5, 7.55],
			"to": [3.5, 4, 8.45],
			"faces": {
				"north": {"uv": [3.025, 12.475, 3.475, 12.025], "rotation": 180, "texture": "#layer0"},
				"east": {"uv": [3.025, 12.025, 3.475, 12.475], "texture": "#layer0"},
				"south": {"uv": [3.025, 12.025, 3.475, 12.475], "texture": "#layer0"},
				"down": {"uv": [3.025, 12.025, 3.475, 12.475], "texture": "#layer0"}
			}
		},
		{
			"name": "bow_159",
			"from": [5, 3.5, 7.75],
			"to": [5.5, 4, 8.25],
			"faces": {
				"north": {"uv": [5.025, 12.475, 5.475, 12.025], "rotation": 180, "texture": "#layer0"},
				"east": {"uv": [5.025, 12.025, 5.475, 12.475], "texture": "#layer0"},
				"south": {"uv": [5.025, 12.025, 5.475, 12.475], "texture": "#layer0"},
				"west": {"uv": [5.025, 12.025, 5.475, 12.475], "texture": "#layer0"},
				"up": {"uv": [5.475, 12.025, 5.025, 12.475], "rotation": 180, "texture": "#layer0"},
				"down": {"uv": [5.025, 12.025, 5.475, 12.475], "texture": "#layer0"}
			}
		},
		{
			"name": "bow_160",
			"from": [1.5, 3, 7.55],
			"to": [2, 3.5, 8.45],
			"faces": {
				"north": {"uv": [1.525, 12.975, 1.975, 12.525], "rotation": 180, "texture": "#layer0"},
				"south": {"uv": [1.525, 12.525, 1.975, 12.975], "texture": "#layer0"},
				"west": {"uv": [1.525, 12.525, 1.975, 12.975], "texture": "#layer0"}
			}
		},
		{
			"name": "bow_161",
			"from": [2, 3, 7.35],
			"to": [2.5, 3.5, 8.65],
			"faces": {
				"north": {"uv": [2.025, 12.975, 2.475, 12.525], "rotation": 180, "texture": "#layer0"},
				"east": {"uv": [2.025, 12.525, 2.475, 12.975], "texture": "#layer0"},
				"south": {"uv": [2.025, 12.525, 2.475, 12.975], "texture": "#layer0"},
				"west": {"uv": [2.025, 12.525, 2.475, 12.975], "texture": "#layer0"}
			}
		},
		{
			"name": "bow_162",
			"from": [2.5, 3, 7.55],
			"to": [3, 3.5, 8.45],
			"faces": {
				"north": {"uv": [2.525, 12.975, 2.975, 12.525], "rotation": 180, "texture": "#layer0"},
				"east": {"uv": [2.525, 12.525, 2.975, 12.975], "texture": "#layer0"},
				"south": {"uv": [2.525, 12.525, 2.975, 12.975], "texture": "#layer0"}
			}
		},
		{
			"name": "bow_163",
			"from": [4.5, 3, 7.75],
			"to": [5, 3.5, 8.25],
			"faces": {
				"north": {"uv": [4.525, 12.975, 4.975, 12.525], "rotation": 180, "texture": "#layer0"},
				"east": {"uv": [4.525, 12.525, 4.975, 12.975], "texture": "#layer0"},
				"south": {"uv": [4.525, 12.525, 4.975, 12.975], "texture": "#layer0"},
				"west": {"uv": [4.525, 12.525, 4.975, 12.975], "texture": "#layer0"},
				"up": {"uv": [4.975, 12.525, 4.525, 12.975], "rotation": 180, "texture": "#layer0"},
				"down": {"uv": [4.525, 12.525, 4.975, 12.975], "texture": "#layer0"}
			}
		},
		{
			"name": "bow_164",
			"from": [1.5, 2.5, 7.55],
			"to": [2, 3, 8.45],
			"faces": {
				"north": {"uv": [1.525, 13.475, 1.975, 13.025], "rotation": 180, "texture": "#layer0"},
				"south": {"uv": [1.525, 13.025, 1.975, 13.475], "texture": "#layer0"},
				"west": {"uv": [1.525, 13.025, 1.975, 13.475], "texture": "#layer0"}
			}
		},
		{
			"name": "bow_165",
			"from": [2, 2.5, 7.35],
			"to": [2.5, 3, 8.65],
			"faces": {
				"north": {"uv": [2.025, 13.475, 2.475, 13.025], "rotation": 180, "texture": "#layer0"},
				"east": {"uv": [2.025, 13.025, 2.475, 13.475], "texture": "#layer0"},
				"south": {"uv": [2.025, 13.025, 2.475, 13.475], "texture": "#layer0"},
				"west": {"uv": [2.025, 13.025, 2.475, 13.475], "texture": "#layer0"}
			}
		},
		{
			"name": "bow_166",
			"from": [2.5, 2.5, 7.55],
			"to": [3, 3, 8.45],
			"faces": {
				"north": {"uv": [2.525, 13.475, 2.975, 13.025], "rotation": 180, "texture": "#layer0"},
				"east": {"uv": [2.525, 13.025, 2.975, 13.475], "texture": "#layer0"},
				"south": {"uv": [2.525, 13.025, 2.975, 13.475], "texture": "#layer0"}
			}
		},
		{
			"name": "bow_167",
			"from": [4, 2.5, 7.75],
			"to": [4.5, 3, 8.25],
			"faces": {
				"north": {"uv": [4.025, 13.475, 4.475, 13.025], "rotation": 180, "texture": "#layer0"},
				"east": {"uv": [4.025, 13.025, 4.475, 13.475], "texture": "#layer0"},
				"south": {"uv": [4.025, 13.025, 4.475, 13.475], "texture": "#layer0"},
				"west": {"uv": [4.025, 13.025, 4.475, 13.475], "texture": "#layer0"},
				"up": {"uv": [4.475, 13.025, 4.025, 13.475], "rotation": 180, "texture": "#layer0"},
				"down": {"uv": [4.025, 13.025, 4.475, 13.475], "texture": "#layer0"}
			}
		},
		{
			"name": "bow_168",
			"from": [1.5, 2, 7.55],
			"to": [2, 2.5, 8.45],
			"faces": {
				"north": {"uv": [1.525, 13.975, 1.975, 13.525], "rotation": 180, "texture": "#layer0"},
				"south": {"uv": [1.525, 13.525, 1.975, 13.975], "texture": "#layer0"},
				"west": {"uv": [1.525, 13.525, 1.975, 13.975], "texture": "#layer0"}
			}
		},
		{
			"name": "bow_169",
			"from": [2, 2, 7.35],
			"to": [2.5, 2.5, 8.65],
			"faces": {
				"north": {"uv": [2.025, 13.975, 2.475, 13.525], "rotation": 180, "texture": "#layer0"},
				"east": {"uv": [2.025, 13.525, 2.475, 13.975], "texture": "#layer0"},
				"south": {"uv": [2.025, 13.525, 2.475, 13.975], "texture": "#layer0"},
				"west": {"uv": [2.025, 13.525, 2.475, 13.975], "texture": "#layer0"}
			}
		},
		{
			"name": "bow_170",
			"from": [2.5, 2, 7.55],
			"to": [3, 2.5, 8.45],
			"faces": {
				"north": {"uv": [2.525, 13.975, 2.975, 13.525], "rotation": 180, "texture": "#layer0"},
				"east": {"uv": [2.525, 13.525, 2.975, 13.975], "texture": "#layer0"},
				"south": {"uv": [2.525, 13.525, 2.975, 13.975], "texture": "#layer0"}
			}
		},
		{
			"name": "bow_171",
			"from": [3.5, 2, 7.75],
			"to": [4, 2.5, 8.25],
			"faces": {
				"north": {"uv": [3.525, 13.975, 3.975, 13.525], "rotation": 180, "texture": "#layer0"},
				"east": {"uv": [3.525, 13.525, 3.975, 13.975], "texture": "#layer0"},
				"south": {"uv": [3.525, 13.525, 3.975, 13.975], "texture": "#layer0"},
				"west": {"uv": [3.525, 13.525, 3.975, 13.975], "texture": "#layer0"},
				"up": {"uv": [3.975, 13.525, 3.525, 13.975], "rotation": 180, "texture": "#layer0"},
				"down": {"uv": [3.525, 13.525, 3.975, 13.975], "texture": "#layer0"}
			}
		},
		{
			"name": "bow_172",
			"from": [1.5, 1.5, 7.55],
			"to": [2, 2, 8.45],
			"faces": {
				"north": {"uv": [1.525, 14.475, 1.975, 14.025], "rotation": 180, "texture": "#layer0"},
				"south": {"uv": [1.525, 14.025, 1.975, 14.475], "texture": "#layer0"},
				"west": {"uv": [1.525, 14.025, 1.975, 14.475], "texture": "#layer0"}
			}
		},
		{
			"name": "bow_173",
			"from": [2, 1.5, 7.35],
			"to": [2.5, 2, 8.65],
			"faces": {
				"north": {"uv": [2.025, 14.475, 2.475, 14.025], "rotation": 180, "texture": "#layer0"},
				"east": {"uv": [2.025, 14.025, 2.475, 14.475], "texture": "#layer0"},
				"south": {"uv": [2.025, 14.025, 2.475, 14.475], "texture": "#layer0"},
				"west": {"uv": [2.025, 14.025, 2.475, 14.475], "texture": "#layer0"}
			}
		},
		{
			"name": "bow_174",
			"from": [2.5, 1.5, 7.55],
			"to": [3, 2, 8.45],
			"faces": {
				"north": {"uv": [2.525, 14.475, 2.975, 14.025], "rotation": 180, "texture": "#layer0"},
				"east": {"uv": [2.525, 14.025, 2.975, 14.475], "texture": "#layer0"},
				"south": {"uv": [2.525, 14.025, 2.975, 14.475], "texture": "#layer0"}
			}
		},
		{
			"name": "bow_175",
			"from": [3, 1.5, 7.75],
			"to": [3.5, 2, 8.25],
			"faces": {
				"north": {"uv": [3.025, 14.475, 3.475, 14.025], "rotation": 180, "texture": "#layer0"},
				"east": {"uv": [3.025, 14.025, 3.475, 14.475], "texture": "#layer0"},
				"south": {"uv": [3.025, 14.025, 3.475, 14.475], "texture": "#layer0"},
				"up": {"uv": [3.475, 14.025, 3.025, 14.475], "rotation": 180, "texture": "#layer0"},
				"down": {"uv": [3.025, 14.025, 3.475, 14.475], "texture": "#layer0"}
			}
		},
		{
			"name": "bow_176",
			"from": [1.5, 1, 7.55],
			"to": [2, 1.5, 8.45],
			"faces": {
				"north": {"uv": [1.525, 14.975, 1.975, 14.525], "rotation": 180, "texture": "#layer0"},
				"south": {"uv": [1.525, 14.525, 1.975, 14.975], "texture": "#layer0"},
				"west": {"uv": [1.525, 14.525, 1.975, 14.975], "texture": "#layer0"}
			}
		},
		{
			"name": "bow_177",
			"from": [2, 1, 7.35],
			"to": [2.5, 1.5, 8.65],
			"faces": {
				"north": {"uv": [2.025, 14.975, 2.475, 14.525], "rotation": 180, "texture": "#layer0"},
				"east": {"uv": [2.025, 14.525, 2.475, 14.975], "texture": "#layer0"},
				"south": {"uv": [2.025, 14.525, 2.475, 14.975], "texture": "#layer0"},
				"west": {"uv": [2.025, 14.525, 2.475, 14.975], "texture": "#layer0"},
				"down": {"uv": [2.025, 14.525, 2.475, 14.975], "texture": "#layer0"}
			}
		},
		{
			"name": "bow_178",
			"from": [2.5, 1, 7.55],
			"to": [3, 1.5, 8.45],
			"faces": {
				"north": {"uv": [2.525, 14.975, 2.975, 14.525], "rotation": 180, "texture": "#layer0"},
				"east": {"uv": [2.525, 14.525, 2.975, 14.975], "texture": "#layer0"},
				"south": {"uv": [2.525, 14.525, 2.975, 14.975], "texture": "#layer0"},
				"down": {"uv": [2.525, 14.525, 2.975, 14.975], "texture": "#layer0"}
			}
		},
		{
			"name": "bow_179",
			"from": [1.5, 0.5, 7.55],
			"to": [2, 1, 8.45],
			"faces": {
				"north": {"uv": [1.525, 15.475, 1.975, 15.025], "rotation": 180, "texture": "#layer0"},
				"south": {"uv": [1.525, 15.025, 1.975, 15.475], "texture": "#layer0"},
				"west": {"uv": [1.525, 15.025, 1.975, 15.475], "texture": "#layer0"}
			}
		},
		{
			"name": "bow_180",
			"from": [2, 0.5, 7.55],
			"to": [2.5, 1, 8.45],
			"faces": {
				"north": {"uv": [2.025, 15.475, 2.475, 15.025], "rotation": 180, "texture": "#layer0"},
				"east": {"uv": [2.025, 15.025, 2.475, 15.475], "texture": "#layer0"},
				"south": {"uv": [2.025, 15.025, 2.475, 15.475], "texture": "#layer0"},
				"down": {"uv": [2.025, 15.025, 2.475, 15.475], "texture": "#layer0"}
			}
		},
		{
			"name": "bow_181",
			"from": [1.5, 0, 7.55],
			"to": [2, 0.5, 8.45],
			"faces": {
				"north": {"uv": [1.525, 15.975, 1.975, 15.525], "rotation": 180, "texture": "#layer0"},
				"east": {"uv": [1.525, 15.525, 1.975, 15.975], "texture": "#layer0"},
				"south": {"uv": [1.525, 15.525, 1.975, 15.975], "texture": "#layer0"},
				"west": {"uv": [1.525, 15.525, 1.975, 15.975], "texture": "#layer0"},
				"down": {"uv": [1.525, 15.525, 1.975, 15.975], "texture": "#layer0"}
			}
		}
	],
	    "display": {
        "thirdperson_righthand": {
            "rotation": [ -80, 260, -40 ],
            "translation": [ -1, -2, 2.5 ],
            "scale": [ 0.9, 0.9, 0.9 ]
        },
        "thirdperson_lefthand": {
            "rotation": [ -80, -280, 40 ],
            "translation": [ -1, -2, 2.5 ],
            "scale": [ 0.9, 0.9, 0.9 ]
        },
        "firstperson_righthand": {
            "rotation": [ 0, -90, 25 ],
            "translation": [ 1.13, 3.2, 1.13],
            "scale": [ 0.68, 0.68, 0.68 ]
        },
        "firstperson_lefthand": {
            "rotation": [ 0, 90, -25 ],
            "translation": [ 1.13, 3.2, 1.13],
            "scale": [ 0.68, 0.68, 0.68 ]
        }
    },
    "overrides": [
        {
            "predicate": {
                "pulling": 1
            },
            "model": "item/bow_pulling_0"
        },
        {
            "predicate": {
                "pulling": 1,
                "pull": 0.65
            },
            "model": "item/bow_pulling_1"
        },
        {
            "predicate": {
                "pulling": 1,
                "pull": 0.9
            },
            "model": "item/bow_pulling_2"
        }
    ],
	"groups": [
		{
			"name": "bow",
			"origin": [8, 8, 8],
			"children": [0, 1, 2, 3, 4, 5, 6, 7, 8, 9, 10, 11, 12, 13, 14, 15, 16, 17, 18, 19, 20, 21, 22, 23, 24, 25, 26, 27, 28, 29, 30, 31, 32, 33, 34, 35, 36, 37, 38, 39, 40, 41, 42, 43, 44, 45, 46, 47, 48, 49, 50, 51, 52, 53, 54, 55, 56, 57, 58, 59, 60, 61, 62, 63, 64, 65, 66, 67, 68, 69, 70, 71, 72, 73, 74, 75, 76, 77, 78, 79, 80, 81, 82, 83, 84, 85, 86, 87, 88, 89, 90, 91, 92, 93, 94, 95, 96, 97, 98, 99, 100, 101, 102, 103, 104, 105, 106, 107, 108, 109, 110, 111, 112, 113, 114, 115, 116, 117, 118, 119, 120, 121, 122, 123, 124, 125, 126, 127, 128, 129, 130, 131, 132, 133, 134, 135, 136, 137, 138, 139, 140, 141, 142, 143, 144, 145, 146, 147, 148, 149, 150, 151, 152, 153, 154, 155, 156, 157, 158, 159, 160, 161, 162, 163, 164, 165, 166, 167, 168, 169, 170, 171, 172, 173, 174, 175]
		}
	]
}