{
	"credit": "Made with Blockbench",
	"parent": "item/bow",
	"textures": {
		"layer0": "item/bow_pulling_2",
		"particle": "item/bow_pulling_2"
	},
	"elements": [
		{
			"name": "bow_pulling_2_0",
			"from": [2.5, 13.5, 7.75],
			"to": [3, 14, 8.25],
			"faces": {
				"north": {"uv": [2.525, 2.475, 2.975, 2.025], "rotation": 180, "texture": "#layer0"},
				"south": {"uv": [2.525, 2.025, 2.975, 2.475], "texture": "#layer0"},
				"west": {"uv": [2.525, 2.025, 2.975, 2.475], "texture": "#layer0"},
				"up": {"uv": [2.975, 2.025, 2.525, 2.475], "rotation": 180, "texture": "#layer0"}
			}
		},
		{
			"name": "bow_pulling_2_1",
			"from": [3, 13.5, 7.75],
			"to": [3.5, 14, 8.25],
			"faces": {
				"north": {"uv": [3.025, 2.475, 3.475, 2.025], "rotation": 180, "texture": "#layer0"},
				"south": {"uv": [3.025, 2.025, 3.475, 2.475], "texture": "#layer0"},
				"up": {"uv": [3.475, 2.025, 3.025, 2.475], "rotation": 180, "texture": "#layer0"}
			}
		},
		{
			"name": "bow_pulling_2_2",
			"from": [3.5, 13.5, 7.75],
			"to": [4, 14, 8.25],
			"faces": {
				"north": {"uv": [3.525, 2.475, 3.975, 2.025], "rotation": 180, "texture": "#layer0"},
				"east": {"uv": [3.525, 2.025, 3.975, 2.475], "texture": "#layer0"},
				"south": {"uv": [3.525, 2.025, 3.975, 2.475], "texture": "#layer0"},
				"up": {"uv": [3.975, 2.025, 3.525, 2.475], "rotation": 180, "texture": "#layer0"}
			}
		},
		{
			"name": "bow_pulling_2_3",
			"from": [2.5, 13, 7.75],
			"to": [3, 13.5, 8.25],
			"faces": {
				"north": {"uv": [2.525, 2.975, 2.975, 2.525], "rotation": 180, "texture": "#layer0"},
				"south": {"uv": [2.525, 2.525, 2.975, 2.975], "texture": "#layer0"},
				"west": {"uv": [2.525, 2.525, 2.975, 2.975], "texture": "#layer0"}
			}
		},
		{
			"name": "bow_pulling_2_4",
			"from": [3, 13, 7.55],
			"to": [3.5, 13.5, 8.45],
			"faces": {
				"north": {"uv": [3.025, 2.975, 3.475, 2.525], "rotation": 180, "texture": "#layer0"},
				"south": {"uv": [3.025, 2.525, 3.475, 2.975], "texture": "#layer0"},
				"west": {"uv": [3.025, 2.525, 3.475, 2.975], "texture": "#layer0"},
				"up": {"uv": [3.475, 2.525, 3.025, 2.975], "rotation": 180, "texture": "#layer0"}
			}
		},
		{
			"name": "bow_pulling_2_5",
			"from": [3.5, 13, 7.55],
			"to": [4, 13.5, 8.45],
			"faces": {
				"north": {"uv": [3.525, 2.975, 3.975, 2.525], "rotation": 180, "texture": "#layer0"},
				"east": {"uv": [3.525, 2.525, 3.975, 2.975], "texture": "#layer0"},
				"south": {"uv": [3.525, 2.525, 3.975, 2.975], "texture": "#layer0"},
				"up": {"uv": [3.975, 2.525, 3.525, 2.975], "rotation": 180, "texture": "#layer0"}
			}
		},
		{
			"name": "bow_pulling_2_6",
			"from": [4, 13, 7.75],
			"to": [4.5, 13.5, 8.25],
			"faces": {
				"north": {"uv": [4.025, 2.975, 4.475, 2.525], "rotation": 180, "texture": "#layer0"},
				"south": {"uv": [4.025, 2.525, 4.475, 2.975], "texture": "#layer0"},
				"up": {"uv": [4.475, 2.525, 4.025, 2.975], "rotation": 180, "texture": "#layer0"}
			}
		},
		{
			"name": "bow_pulling_2_7",
			"from": [4.5, 13, 7.75],
			"to": [5, 13.5, 8.25],
			"faces": {
				"north": {"uv": [4.525, 2.975, 4.975, 2.525], "rotation": 180, "texture": "#layer0"},
				"east": {"uv": [4.525, 2.525, 4.975, 2.975], "texture": "#layer0"},
				"south": {"uv": [4.525, 2.525, 4.975, 2.975], "texture": "#layer0"},
				"up": {"uv": [4.975, 2.525, 4.525, 2.975], "rotation": 180, "texture": "#layer0"},
				"down": {"uv": [4.525, 2.525, 4.975, 2.975], "texture": "#layer0"}
			}
		},
		{
			"name": "bow_pulling_2_8",
			"from": [8.5, 13, 7.55],
			"to": [9, 13.5, 8.45],
			"faces": {
				"north": {"uv": [8.525, 2.975, 8.975, 2.525], "rotation": 180, "texture": "#layer0"},
				"south": {"uv": [8.525, 2.525, 8.975, 2.975], "texture": "#layer0"},
				"west": {"uv": [8.525, 2.525, 8.975, 2.975], "texture": "#layer0"},
				"up": {"uv": [8.975, 2.525, 8.525, 2.975], "rotation": 180, "texture": "#layer0"}
			}
		},
		{
			"name": "bow_pulling_2_9",
			"from": [9, 13, 7.55],
			"to": [9.5, 13.5, 8.45],
			"faces": {
				"north": {"uv": [9.025, 2.975, 9.475, 2.525], "rotation": 180, "texture": "#layer0"},
				"south": {"uv": [9.025, 2.525, 9.475, 2.975], "texture": "#layer0"},
				"up": {"uv": [9.475, 2.525, 9.025, 2.975], "rotation": 180, "texture": "#layer0"}
			}
		},
		{
			"name": "bow_pulling_2_10",
			"from": [9.5, 13, 7.55],
			"to": [10, 13.5, 8.45],
			"faces": {
				"north": {"uv": [9.525, 2.975, 9.975, 2.525], "rotation": 180, "texture": "#layer0"},
				"south": {"uv": [9.525, 2.525, 9.975, 2.975], "texture": "#layer0"},
				"up": {"uv": [9.975, 2.525, 9.525, 2.975], "rotation": 180, "texture": "#layer0"}
			}
		},
		{
			"name": "bow_pulling_2_11",
			"from": [10, 13, 7.55],
			"to": [10.5, 13.5, 8.45],
			"faces": {
				"north": {"uv": [10.025, 2.975, 10.475, 2.525], "rotation": 180, "texture": "#layer0"},
				"south": {"uv": [10.025, 2.525, 10.475, 2.975], "texture": "#layer0"},
				"up": {"uv": [10.475, 2.525, 10.025, 2.975], "rotation": 180, "texture": "#layer0"}
			}
		},
		{
			"name": "bow_pulling_2_12",
			"from": [10.5, 13, 7.55],
			"to": [11, 13.5, 8.45],
			"faces": {
				"north": {"uv": [10.525, 2.975, 10.975, 2.525], "rotation": 180, "texture": "#layer0"},
				"south": {"uv": [10.525, 2.525, 10.975, 2.975], "texture": "#layer0"},
				"up": {"uv": [10.975, 2.525, 10.525, 2.975], "rotation": 180, "texture": "#layer0"}
			}
		},
		{
			"name": "bow_pulling_2_13",
			"from": [11, 13, 7.55],
			"to": [11.5, 13.5, 8.45],
			"faces": {
				"north": {"uv": [11.025, 2.975, 11.475, 2.525], "rotation": 180, "texture": "#layer0"},
				"south": {"uv": [11.025, 2.525, 11.475, 2.975], "texture": "#layer0"},
				"up": {"uv": [11.475, 2.525, 11.025, 2.975], "rotation": 180, "texture": "#layer0"}
			}
		},
		{
			"name": "bow_pulling_2_14",
			"from": [11.5, 13, 7.55],
			"to": [12, 13.5, 8.45],
			"faces": {
				"north": {"uv": [11.525, 2.975, 11.975, 2.525], "rotation": 180, "texture": "#layer0"},
				"south": {"uv": [11.525, 2.525, 11.975, 2.975], "texture": "#layer0"},
				"up": {"uv": [11.975, 2.525, 11.525, 2.975], "rotation": 180, "texture": "#layer0"}
			}
		},
		{
			"name": "bow_pulling_2_15",
			"from": [12, 13, 7.55],
			"to": [12.5, 13.5, 8.45],
			"faces": {
				"north": {"uv": [12.025, 2.975, 12.475, 2.525], "rotation": 180, "texture": "#layer0"},
				"south": {"uv": [12.025, 2.525, 12.475, 2.975], "texture": "#layer0"},
				"up": {"uv": [12.475, 2.525, 12.025, 2.975], "rotation": 180, "texture": "#layer0"}
			}
		},
		{
			"name": "bow_pulling_2_16",
			"from": [12.5, 13, 7.55],
			"to": [13, 13.5, 8.45],
			"faces": {
				"north": {"uv": [12.525, 2.975, 12.975, 2.525], "rotation": 180, "texture": "#layer0"},
				"south": {"uv": [12.525, 2.525, 12.975, 2.975], "texture": "#layer0"},
				"up": {"uv": [12.975, 2.525, 12.525, 2.975], "rotation": 180, "texture": "#layer0"}
			}
		},
		{
			"name": "bow_pulling_2_17",
			"from": [13, 13, 7.55],
			"to": [13.5, 13.5, 8.45],
			"faces": {
				"north": {"uv": [13.025, 2.975, 13.475, 2.525], "rotation": 180, "texture": "#layer0"},
				"south": {"uv": [13.025, 2.525, 13.475, 2.975], "texture": "#layer0"},
				"up": {"uv": [13.475, 2.525, 13.025, 2.975], "rotation": 180, "texture": "#layer0"}
			}
		},
		{
			"name": "bow_pulling_2_18",
			"from": [13.5, 13, 7.55],
			"to": [14, 13.5, 8.45],
			"faces": {
				"north": {"uv": [13.525, 2.975, 13.975, 2.525], "rotation": 180, "texture": "#layer0"},
				"south": {"uv": [13.525, 2.525, 13.975, 2.975], "texture": "#layer0"},
				"up": {"uv": [13.975, 2.525, 13.525, 2.975], "rotation": 180, "texture": "#layer0"}
			}
		},
		{
			"name": "bow_pulling_2_19",
			"from": [14, 13, 7.55],
			"to": [14.5, 13.5, 8.45],
			"faces": {
				"north": {"uv": [14.025, 2.975, 14.475, 2.525], "rotation": 180, "texture": "#layer0"},
				"south": {"uv": [14.025, 2.525, 14.475, 2.975], "texture": "#layer0"},
				"up": {"uv": [14.475, 2.525, 14.025, 2.975], "rotation": 180, "texture": "#layer0"}
			}
		},
		{
			"name": "bow_pulling_2_20",
			"from": [14.5, 13, 7.55],
			"to": [15, 13.5, 8.45],
			"faces": {
				"north": {"uv": [14.525, 2.975, 14.975, 2.525], "rotation": 180, "texture": "#layer0"},
				"south": {"uv": [14.525, 2.525, 14.975, 2.975], "texture": "#layer0"},
				"up": {"uv": [14.975, 2.525, 14.525, 2.975], "rotation": 180, "texture": "#layer0"}
			}
		},
		{
			"name": "bow_pulling_2_21",
			"from": [15, 13, 7.55],
			"to": [15.5, 13.5, 8.45],
			"faces": {
				"north": {"uv": [15.025, 2.975, 15.475, 2.525], "rotation": 180, "texture": "#layer0"},
				"south": {"uv": [15.025, 2.525, 15.475, 2.975], "texture": "#layer0"},
				"up": {"uv": [15.475, 2.525, 15.025, 2.975], "rotation": 180, "texture": "#layer0"}
			}
		},
		{
			"name": "bow_pulling_2_22",
			"from": [15.5, 13, 7.55],
			"to": [16, 13.5, 8.45],
			"faces": {
				"north": {"uv": [15.525, 2.975, 15.975, 2.525], "rotation": 180, "texture": "#layer0"},
				"east": {"uv": [15.525, 2.525, 15.975, 2.975], "texture": "#layer0"},
				"south": {"uv": [15.525, 2.525, 15.975, 2.975], "texture": "#layer0"},
				"up": {"uv": [15.975, 2.525, 15.525, 2.975], "rotation": 180, "texture": "#layer0"},
				"down": {"uv": [15.525, 2.525, 15.975, 2.975], "texture": "#layer0"}
			}
		},
		{
			"name": "bow_pulling_2_23",
			"from": [2.5, 12.5, 7.75],
			"to": [3, 13, 8.25],
			"faces": {
				"north": {"uv": [2.525, 3.475, 2.975, 3.025], "rotation": 180, "texture": "#layer0"},
				"south": {"uv": [2.525, 3.025, 2.975, 3.475], "texture": "#layer0"},
				"west": {"uv": [2.525, 3.025, 2.975, 3.475], "texture": "#layer0"},
				"down": {"uv": [2.525, 3.025, 2.975, 3.475], "texture": "#layer0"}
			}
		},
		{
			"name": "bow_pulling_2_24",
			"from": [3, 12.5, 7.55],
			"to": [3.5, 13, 8.45],
			"faces": {
				"north": {"uv": [3.025, 3.475, 3.475, 3.025], "rotation": 180, "texture": "#layer0"},
				"south": {"uv": [3.025, 3.025, 3.475, 3.475], "texture": "#layer0"},
				"west": {"uv": [3.025, 3.025, 3.475, 3.475], "texture": "#layer0"},
				"down": {"uv": [3.025, 3.025, 3.475, 3.475], "texture": "#layer0"}
			}
		},
		{
			"name": "bow_pulling_2_25",
			"from": [3.5, 12.5, 7.55],
			"to": [4, 13, 8.45],
			"faces": {
				"north": {"uv": [3.525, 3.475, 3.975, 3.025], "rotation": 180, "texture": "#layer0"},
				"south": {"uv": [3.525, 3.025, 3.975, 3.475], "texture": "#layer0"}
			}
		},
		{
			"name": "bow_pulling_2_26",
			"from": [4, 12.5, 7.55],
			"to": [4.5, 13, 8.45],
			"faces": {
				"north": {"uv": [4.025, 3.475, 4.475, 3.025], "rotation": 180, "texture": "#layer0"},
				"east": {"uv": [4.025, 3.025, 4.475, 3.475], "texture": "#layer0"},
				"south": {"uv": [4.025, 3.025, 4.475, 3.475], "texture": "#layer0"},
				"up": {"uv": [4.475, 3.025, 4.025, 3.475], "rotation": 180, "texture": "#layer0"},
				"down": {"uv": [4.025, 3.025, 4.475, 3.475], "texture": "#layer0"}
			}
		},
		{
			"name": "bow_pulling_2_27",
			"from": [7, 12.5, 7.55],
			"to": [7.5, 13, 8.45],
			"faces": {
				"north": {"uv": [7.025, 3.475, 7.475, 3.025], "rotation": 180, "texture": "#layer0"},
				"south": {"uv": [7.025, 3.025, 7.475, 3.475], "texture": "#layer0"},
				"west": {"uv": [7.025, 3.025, 7.475, 3.475], "texture": "#layer0"},
				"up": {"uv": [7.475, 3.025, 7.025, 3.475], "rotation": 180, "texture": "#layer0"}
			}
		},
		{
			"name": "bow_pulling_2_28",
			"from": [7.5, 12.5, 7.55],
			"to": [8, 13, 8.45],
			"faces": {
				"north": {"uv": [7.525, 3.475, 7.975, 3.025], "rotation": 180, "texture": "#layer0"},
				"south": {"uv": [7.525, 3.025, 7.975, 3.475], "texture": "#layer0"},
				"up": {"uv": [7.975, 3.025, 7.525, 3.475], "rotation": 180, "texture": "#layer0"}
			}
		},
		{
			"name": "bow_pulling_2_29",
			"from": [8, 12.5, 7.55],
			"to": [8.5, 13, 8.45],
			"faces": {
				"north": {"uv": [8.025, 3.475, 8.475, 3.025], "rotation": 180, "texture": "#layer0"},
				"south": {"uv": [8.025, 3.025, 8.475, 3.475], "texture": "#layer0"},
				"up": {"uv": [8.475, 3.025, 8.025, 3.475], "rotation": 180, "texture": "#layer0"}
			}
		},
		{
			"name": "bow_pulling_2_30",
			"from": [8.5, 12.5, 7.35],
			"to": [9, 13, 8.65],
			"faces": {
				"north": {"uv": [8.525, 3.475, 8.975, 3.025], "rotation": 180, "texture": "#layer0"},
				"south": {"uv": [8.525, 3.025, 8.975, 3.475], "texture": "#layer0"},
				"west": {"uv": [8.525, 3.025, 8.975, 3.475], "texture": "#layer0"},
				"up": {"uv": [8.975, 3.025, 8.525, 3.475], "rotation": 180, "texture": "#layer0"}
			}
		},
		{
			"name": "bow_pulling_2_31",
			"from": [9, 12.5, 7.35],
			"to": [9.5, 13, 8.65],
			"faces": {
				"north": {"uv": [9.025, 3.475, 9.475, 3.025], "rotation": 180, "texture": "#layer0"},
				"south": {"uv": [9.025, 3.025, 9.475, 3.475], "texture": "#layer0"},
				"up": {"uv": [9.475, 3.025, 9.025, 3.475], "rotation": 180, "texture": "#layer0"}
			}
		},
		{
			"name": "bow_pulling_2_32",
			"from": [9.5, 12.5, 7.35],
			"to": [10, 13, 8.65],
			"faces": {
				"north": {"uv": [9.525, 3.475, 9.975, 3.025], "rotation": 180, "texture": "#layer0"},
				"south": {"uv": [9.525, 3.025, 9.975, 3.475], "texture": "#layer0"},
				"up": {"uv": [9.975, 3.025, 9.525, 3.475], "rotation": 180, "texture": "#layer0"}
			}
		},
		{
			"name": "bow_pulling_2_33",
			"from": [10, 12.5, 7.35],
			"to": [10.5, 13, 8.65],
			"faces": {
				"north": {"uv": [10.025, 3.475, 10.475, 3.025], "rotation": 180, "texture": "#layer0"},
				"south": {"uv": [10.025, 3.025, 10.475, 3.475], "texture": "#layer0"},
				"up": {"uv": [10.475, 3.025, 10.025, 3.475], "rotation": 180, "texture": "#layer0"}
			}
		},
		{
			"name": "bow_pulling_2_34",
			"from": [10.5, 12.5, 7.35],
			"to": [11, 13, 8.65],
			"faces": {
				"north": {"uv": [10.525, 3.475, 10.975, 3.025], "rotation": 180, "texture": "#layer0"},
				"south": {"uv": [10.525, 3.025, 10.975, 3.475], "texture": "#layer0"},
				"up": {"uv": [10.975, 3.025, 10.525, 3.475], "rotation": 180, "texture": "#layer0"}
			}
		},
		{
			"name": "bow_pulling_2_35",
			"from": [11, 12.5, 7.35],
			"to": [11.5, 13, 8.65],
			"faces": {
				"north": {"uv": [11.025, 3.475, 11.475, 3.025], "rotation": 180, "texture": "#layer0"},
				"south": {"uv": [11.025, 3.025, 11.475, 3.475], "texture": "#layer0"},
				"up": {"uv": [11.475, 3.025, 11.025, 3.475], "rotation": 180, "texture": "#layer0"}
			}
		},
		{
			"name": "bow_pulling_2_36",
			"from": [11.5, 12.5, 7.35],
			"to": [12, 13, 8.65],
			"faces": {
				"north": {"uv": [11.525, 3.475, 11.975, 3.025], "rotation": 180, "texture": "#layer0"},
				"south": {"uv": [11.525, 3.025, 11.975, 3.475], "texture": "#layer0"},
				"up": {"uv": [11.975, 3.025, 11.525, 3.475], "rotation": 180, "texture": "#layer0"}
			}
		},
		{
			"name": "bow_pulling_2_37",
			"from": [12, 12.5, 7.35],
			"to": [12.5, 13, 8.65],
			"faces": {
				"north": {"uv": [12.025, 3.475, 12.475, 3.025], "rotation": 180, "texture": "#layer0"},
				"south": {"uv": [12.025, 3.025, 12.475, 3.475], "texture": "#layer0"},
				"up": {"uv": [12.475, 3.025, 12.025, 3.475], "rotation": 180, "texture": "#layer0"},
				"down": {"uv": [12.025, 3.025, 12.475, 3.475], "texture": "#layer0"}
			}
		},
		{
			"name": "bow_pulling_2_38",
			"from": [12.5, 12.5, 7.35],
			"to": [13, 13, 8.65],
			"faces": {
				"north": {"uv": [12.525, 3.475, 12.975, 3.025], "rotation": 180, "texture": "#layer0"},
				"south": {"uv": [12.525, 3.025, 12.975, 3.475], "texture": "#layer0"},
				"up": {"uv": [12.975, 3.025, 12.525, 3.475], "rotation": 180, "texture": "#layer0"},
				"down": {"uv": [12.525, 3.025, 12.975, 3.475], "texture": "#layer0"}
			}
		},
		{
			"name": "bow_pulling_2_39",
			"from": [13, 12.5, 7.35],
			"to": [13.5, 13, 8.65],
			"faces": {
				"north": {"uv": [13.025, 3.475, 13.475, 3.025], "rotation": 180, "texture": "#layer0"},
				"south": {"uv": [13.025, 3.025, 13.475, 3.475], "texture": "#layer0"},
				"up": {"uv": [13.475, 3.025, 13.025, 3.475], "rotation": 180, "texture": "#layer0"},
				"down": {"uv": [13.025, 3.025, 13.475, 3.475], "texture": "#layer0"}
			}
		},
		{
			"name": "bow_pulling_2_40",
			"from": [13.5, 12.5, 7.35],
			"to": [14, 13, 8.65],
			"faces": {
				"north": {"uv": [13.525, 3.475, 13.975, 3.025], "rotation": 180, "texture": "#layer0"},
				"south": {"uv": [13.525, 3.025, 13.975, 3.475], "texture": "#layer0"},
				"up": {"uv": [13.975, 3.025, 13.525, 3.475], "rotation": 180, "texture": "#layer0"},
				"down": {"uv": [13.525, 3.025, 13.975, 3.475], "texture": "#layer0"}
			}
		},
		{
			"name": "bow_pulling_2_41",
			"from": [14, 12.5, 7.35],
			"to": [14.5, 13, 8.65],
			"faces": {
				"north": {"uv": [14.025, 3.475, 14.475, 3.025], "rotation": 180, "texture": "#layer0"},
				"south": {"uv": [14.025, 3.025, 14.475, 3.475], "texture": "#layer0"},
				"up": {"uv": [14.475, 3.025, 14.025, 3.475], "rotation": 180, "texture": "#layer0"},
				"down": {"uv": [14.025, 3.025, 14.475, 3.475], "texture": "#layer0"}
			}
		},
		{
			"name": "bow_pulling_2_42",
			"from": [14.5, 12.5, 7.35],
			"to": [15, 13, 8.65],
			"faces": {
				"north": {"uv": [14.525, 3.475, 14.975, 3.025], "rotation": 180, "texture": "#layer0"},
				"east": {"uv": [14.525, 3.025, 14.975, 3.475], "texture": "#layer0"},
				"south": {"uv": [14.525, 3.025, 14.975, 3.475], "texture": "#layer0"},
				"up": {"uv": [14.975, 3.025, 14.525, 3.475], "rotation": 180, "texture": "#layer0"},
				"down": {"uv": [14.525, 3.025, 14.975, 3.475], "texture": "#layer0"}
			}
		},
		{
			"name": "bow_pulling_2_43",
			"from": [15, 12.5, 7.55],
			"to": [15.5, 13, 8.45],
			"faces": {
				"north": {"uv": [15.025, 3.475, 15.475, 3.025], "rotation": 180, "texture": "#layer0"},
				"east": {"uv": [15.025, 3.025, 15.475, 3.475], "texture": "#layer0"},
				"south": {"uv": [15.025, 3.025, 15.475, 3.475], "texture": "#layer0"},
				"down": {"uv": [15.025, 3.025, 15.475, 3.475], "texture": "#layer0"}
			}
		},
		{
			"name": "bow_pulling_2_44",
			"from": [3, 12, 7.75],
			"to": [3.5, 12.5, 8.25],
			"faces": {
				"north": {"uv": [3.025, 3.975, 3.475, 3.525], "rotation": 180, "texture": "#layer0"},
				"south": {"uv": [3.025, 3.525, 3.475, 3.975], "texture": "#layer0"},
				"west": {"uv": [3.025, 3.525, 3.475, 3.975], "texture": "#layer0"}
			}
		},
		{
			"name": "bow_pulling_2_45",
			"from": [3.5, 12, 7.55],
			"to": [4, 12.5, 8.45],
			"faces": {
				"north": {"uv": [3.525, 3.975, 3.975, 3.525], "rotation": 180, "texture": "#layer0"},
				"east": {"uv": [3.525, 3.525, 3.975, 3.975], "texture": "#layer0"},
				"south": {"uv": [3.525, 3.525, 3.975, 3.975], "texture": "#layer0"},
				"west": {"uv": [3.525, 3.525, 3.975, 3.975], "texture": "#layer0"},
				"down": {"uv": [3.525, 3.525, 3.975, 3.975], "texture": "#layer0"}
			}
		},
		{
			"name": "bow_pulling_2_46",
			"from": [4, 12, 7.75],
			"to": [4.5, 12.5, 8.25],
			"faces": {
				"north": {"uv": [4.025, 3.975, 4.475, 3.525], "rotation": 180, "texture": "#layer0"},
				"south": {"uv": [4.025, 3.525, 4.475, 3.975], "texture": "#layer0"}
			}
		},
		{
			"name": "bow_pulling_2_47",
			"from": [4.5, 12, 7.75],
			"to": [5, 12.5, 8.25],
			"faces": {
				"north": {"uv": [4.525, 3.975, 4.975, 3.525], "rotation": 180, "texture": "#layer0"},
				"east": {"uv": [4.525, 3.525, 4.975, 3.975], "texture": "#layer0"},
				"south": {"uv": [4.525, 3.525, 4.975, 3.975], "texture": "#layer0"},
				"up": {"uv": [4.975, 3.525, 4.525, 3.975], "rotation": 180, "texture": "#layer0"}
			}
		},
		{
			"name": "bow_pulling_2_49",
			"from": [6.5, 12, 7.55],
			"to": [7, 12.5, 8.45],
			"faces": {
				"north": {"uv": [6.525, 3.975, 6.975, 3.525], "rotation": 180, "texture": "#layer0"},
				"south": {"uv": [6.525, 3.525, 6.975, 3.975], "texture": "#layer0"},
				"west": {"uv": [6.525, 3.525, 6.975, 3.975], "texture": "#layer0"},
				"up": {"uv": [6.975, 3.525, 6.525, 3.975], "rotation": 180, "texture": "#layer0"}
			}
		},
		{
			"name": "bow_pulling_2_50",
			"from": [7, 12, 7.35],
			"to": [7.5, 12.5, 8.65],
			"faces": {
				"north": {"uv": [7.025, 3.975, 7.475, 3.525], "rotation": 180, "texture": "#layer0"},
				"south": {"uv": [7.025, 3.525, 7.475, 3.975], "texture": "#layer0"},
				"west": {"uv": [7.025, 3.525, 7.475, 3.975], "texture": "#layer0"},
				"up": {"uv": [7.475, 3.525, 7.025, 3.975], "rotation": 180, "texture": "#layer0"}
			}
		},
		{
			"name": "bow_pulling_2_51",
			"from": [7.5, 12, 7.35],
			"to": [8, 12.5, 8.65],
			"faces": {
				"north": {"uv": [7.525, 3.975, 7.975, 3.525], "rotation": 180, "texture": "#layer0"},
				"south": {"uv": [7.525, 3.525, 7.975, 3.975], "texture": "#layer0"},
				"up": {"uv": [7.975, 3.525, 7.525, 3.975], "rotation": 180, "texture": "#layer0"}
			}
		},
		{
			"name": "bow_pulling_2_52",
			"from": [8, 12, 7.35],
			"to": [8.5, 12.5, 8.65],
			"faces": {
				"north": {"uv": [8.025, 3.975, 8.475, 3.525], "rotation": 180, "texture": "#layer0"},
				"south": {"uv": [8.025, 3.525, 8.475, 3.975], "texture": "#layer0"},
				"up": {"uv": [8.475, 3.525, 8.025, 3.975], "rotation": 180, "texture": "#layer0"}
			}
		},
		{
			"name": "bow_pulling_2_53",
			"from": [8.5, 12, 7.35],
			"to": [9, 12.5, 8.65],
			"faces": {
				"north": {"uv": [8.525, 3.975, 8.975, 3.525], "rotation": 180, "texture": "#layer0"},
				"south": {"uv": [8.525, 3.525, 8.975, 3.975], "texture": "#layer0"},
				"down": {"uv": [8.525, 3.525, 8.975, 3.975], "texture": "#layer0"}
			}
		},
		{
			"name": "bow_pulling_2_54",
			"from": [9, 12, 7.35],
			"to": [9.5, 12.5, 8.65],
			"faces": {
				"north": {"uv": [9.025, 3.975, 9.475, 3.525], "rotation": 180, "texture": "#layer0"},
				"south": {"uv": [9.025, 3.525, 9.475, 3.975], "texture": "#layer0"},
				"down": {"uv": [9.025, 3.525, 9.475, 3.975], "texture": "#layer0"}
			}
		},
		{
			"name": "bow_pulling_2_55",
			"from": [9.5, 12, 7.35],
			"to": [10, 12.5, 8.65],
			"faces": {
				"north": {"uv": [9.525, 3.975, 9.975, 3.525], "rotation": 180, "texture": "#layer0"},
				"south": {"uv": [9.525, 3.525, 9.975, 3.975], "texture": "#layer0"},
				"down": {"uv": [9.525, 3.525, 9.975, 3.975], "texture": "#layer0"}
			}
		},
		{
			"name": "bow_pulling_2_56",
			"from": [10, 12, 7.35],
			"to": [10.5, 12.5, 8.65],
			"faces": {
				"north": {"uv": [10.025, 3.975, 10.475, 3.525], "rotation": 180, "texture": "#layer0"},
				"south": {"uv": [10.025, 3.525, 10.475, 3.975], "texture": "#layer0"},
				"down": {"uv": [10.025, 3.525, 10.475, 3.975], "texture": "#layer0"}
			}
		},
		{
			"name": "bow_pulling_2_57",
			"from": [10.5, 12, 7.35],
			"to": [11, 12.5, 8.65],
			"faces": {
				"north": {"uv": [10.525, 3.975, 10.975, 3.525], "rotation": 180, "texture": "#layer0"},
				"south": {"uv": [10.525, 3.525, 10.975, 3.975], "texture": "#layer0"},
				"down": {"uv": [10.525, 3.525, 10.975, 3.975], "texture": "#layer0"}
			}
		},
		{
			"name": "bow_pulling_2_58",
			"from": [11, 12, 7.35],
			"to": [11.5, 12.5, 8.65],
			"faces": {
				"north": {"uv": [11.025, 3.975, 11.475, 3.525], "rotation": 180, "texture": "#layer0"},
				"south": {"uv": [11.025, 3.525, 11.475, 3.975], "texture": "#layer0"},
				"down": {"uv": [11.025, 3.525, 11.475, 3.975], "texture": "#layer0"}
			}
		},
		{
			"name": "bow_pulling_2_59",
			"from": [11.5, 12, 7.35],
			"to": [12, 12.5, 8.65],
			"faces": {
				"north": {"uv": [11.525, 3.975, 11.975, 3.525], "rotation": 180, "texture": "#layer0"},
				"east": {"uv": [11.525, 3.525, 11.975, 3.975], "texture": "#layer0"},
				"south": {"uv": [11.525, 3.525, 11.975, 3.975], "texture": "#layer0"},
				"down": {"uv": [11.525, 3.525, 11.975, 3.975], "texture": "#layer0"}
			}
		},
		{
			"name": "bow_pulling_2_60",
			"from": [12, 12, 7.55],
			"to": [12.5, 12.5, 8.45],
			"faces": {
				"north": {"uv": [12.025, 3.975, 12.475, 3.525], "rotation": 180, "texture": "#layer0"},
				"south": {"uv": [12.025, 3.525, 12.475, 3.975], "texture": "#layer0"},
				"down": {"uv": [12.025, 3.525, 12.475, 3.975], "texture": "#layer0"}
			}
		},
		{
			"name": "bow_pulling_2_61",
			"from": [12.5, 12, 7.55],
			"to": [13, 12.5, 8.45],
			"faces": {
				"north": {"uv": [12.525, 3.975, 12.975, 3.525], "rotation": 180, "texture": "#layer0"},
				"south": {"uv": [12.525, 3.525, 12.975, 3.975], "texture": "#layer0"},
				"down": {"uv": [12.525, 3.525, 12.975, 3.975], "texture": "#layer0"}
			}
		},
		{
			"name": "bow_pulling_2_62",
			"from": [13, 12, 7.55],
			"to": [13.5, 12.5, 8.45],
			"faces": {
				"north": {"uv": [13.025, 3.975, 13.475, 3.525], "rotation": 180, "texture": "#layer0"},
				"south": {"uv": [13.025, 3.525, 13.475, 3.975], "texture": "#layer0"},
				"down": {"uv": [13.025, 3.525, 13.475, 3.975], "texture": "#layer0"}
			}
		},
		{
			"name": "bow_pulling_2_63",
			"from": [13.5, 12, 7.55],
			"to": [14, 12.5, 8.45],
			"faces": {
				"north": {"uv": [13.525, 3.975, 13.975, 3.525], "rotation": 180, "texture": "#layer0"},
				"south": {"uv": [13.525, 3.525, 13.975, 3.975], "texture": "#layer0"},
				"down": {"uv": [13.525, 3.525, 13.975, 3.975], "texture": "#layer0"}
			}
		},
		{
			"name": "bow_pulling_2_64",
			"from": [14, 12, 7.55],
			"to": [14.5, 12.5, 8.45],
			"faces": {
				"north": {"uv": [14.025, 3.975, 14.475, 3.525], "rotation": 180, "texture": "#layer0"},
				"south": {"uv": [14.025, 3.525, 14.475, 3.975], "texture": "#layer0"},
				"down": {"uv": [14.025, 3.525, 14.475, 3.975], "texture": "#layer0"}
			}
		},
		{
			"name": "bow_pulling_2_65",
			"from": [14.5, 12, 7.55],
			"to": [15, 12.5, 8.45],
			"faces": {
				"north": {"uv": [14.525, 3.975, 14.975, 3.525], "rotation": 180, "texture": "#layer0"},
				"east": {"uv": [14.525, 3.525, 14.975, 3.975], "texture": "#layer0"},
				"south": {"uv": [14.525, 3.525, 14.975, 3.975], "texture": "#layer0"},
				"down": {"uv": [14.525, 3.525, 14.975, 3.975], "texture": "#layer0"}
			}
		},
		{
			"name": "bow_pulling_2_66",
			"from": [3, 11.5, 7.75],
			"to": [3.5, 12, 8.25],
			"faces": {
				"north": {"uv": [3.025, 4.475, 3.475, 4.025], "rotation": 180, "texture": "#layer0"},
				"east": {"uv": [3.025, 4.025, 3.475, 4.475], "texture": "#layer0"},
				"south": {"uv": [3.025, 4.025, 3.475, 4.475], "texture": "#layer0"},
				"west": {"uv": [3.025, 4.025, 3.475, 4.475], "texture": "#layer0"},
				"down": {"uv": [3.025, 4.025, 3.475, 4.475], "texture": "#layer0"}
			}
		},
		{
			"name": "bow_pulling_2_67",
			"from": [4, 11.5, 7.75],
			"to": [4.5, 12, 8.25],
			"faces": {
				"north": {"uv": [4.025, 4.475, 4.475, 4.025], "rotation": 180, "texture": "#layer0"},
				"south": {"uv": [4.025, 4.025, 4.475, 4.475], "texture": "#layer0"},
				"west": {"uv": [4.025, 4.025, 4.475, 4.475], "texture": "#layer0"},
				"down": {"uv": [4.025, 4.025, 4.475, 4.475], "texture": "#layer0"}
			}
		},
		{
			"name": "bow_pulling_2_68",
			"from": [4.5, 11.5, 7.75],
			"to": [5, 12, 8.25],
			"faces": {
				"north": {"uv": [4.525, 4.475, 4.975, 4.025], "rotation": 180, "texture": "#layer0"},
				"south": {"uv": [4.525, 4.025, 4.975, 4.475], "texture": "#layer0"}
			}
		},
		{
			"name": "bow_pulling_2_69",
			"from": [5, 11.5, 7.75],
			"to": [5.5, 12, 8.25],
			"faces": {
				"north": {"uv": [5.025, 4.475, 5.475, 4.025], "rotation": 180, "texture": "#layer0"},
				"east": {"uv": [5.025, 4.025, 5.475, 4.475], "texture": "#layer0"},
				"south": {"uv": [5.025, 4.025, 5.475, 4.475], "texture": "#layer0"},
				"up": {"uv": [5.475, 4.025, 5.025, 4.475], "rotation": 180, "texture": "#layer0"}
			}
		},
		{
			"name": "bow_pulling_2_71",
			"from": [6, 11.5, 7.75],
			"to": [6.5, 12, 8.25],
			"faces": {
				"north": {"uv": [6.025, 4.475, 6.475, 4.025], "rotation": 180, "texture": "#layer0"},
				"south": {"uv": [6.025, 4.025, 6.475, 4.475], "texture": "#layer0"},
				"west": {"uv": [6.025, 4.025, 6.475, 4.475], "texture": "#layer0"},
				"up": {"uv": [6.475, 4.025, 6.025, 4.475], "rotation": 180, "texture": "#layer0"}
			}
		},
		{
			"name": "bow_pulling_2_72",
			"from": [6.5, 11.5, 7.35],
			"to": [7, 12, 8.65],
			"faces": {
				"north": {"uv": [6.525, 4.475, 6.975, 4.025], "rotation": 180, "texture": "#layer0"},
				"south": {"uv": [6.525, 4.025, 6.975, 4.475], "texture": "#layer0"},
				"west": {"uv": [6.525, 4.025, 6.975, 4.475], "texture": "#layer0"},
				"up": {"uv": [6.975, 4.025, 6.525, 4.475], "rotation": 180, "texture": "#layer0"},
				"down": {"uv": [6.525, 4.025, 6.975, 4.475], "texture": "#layer0"}
			}
		},
		{
			"name": "bow_pulling_2_73",
			"from": [7, 11.5, 7.35],
			"to": [7.5, 12, 8.65],
			"faces": {
				"north": {"uv": [7.025, 4.475, 7.475, 4.025], "rotation": 180, "texture": "#layer0"},
				"south": {"uv": [7.025, 4.025, 7.475, 4.475], "texture": "#layer0"}
			}
		},
		{
			"name": "bow_pulling_2_74",
			"from": [7.5, 11.5, 7.35],
			"to": [8, 12, 8.65],
			"faces": {
				"north": {"uv": [7.525, 4.475, 7.975, 4.025], "rotation": 180, "texture": "#layer0"},
				"south": {"uv": [7.525, 4.025, 7.975, 4.475], "texture": "#layer0"},
				"down": {"uv": [7.525, 4.025, 7.975, 4.475], "texture": "#layer0"}
			}
		},
		{
			"name": "bow_pulling_2_75",
			"from": [8, 11.5, 7.35],
			"to": [8.5, 12, 8.65],
			"faces": {
				"north": {"uv": [8.025, 4.475, 8.475, 4.025], "rotation": 180, "texture": "#layer0"},
				"east": {"uv": [8.025, 4.025, 8.475, 4.475], "texture": "#layer0"},
				"south": {"uv": [8.025, 4.025, 8.475, 4.475], "texture": "#layer0"},
				"down": {"uv": [8.025, 4.025, 8.475, 4.475], "texture": "#layer0"}
			}
		},
		{
			"name": "bow_pulling_2_76",
			"from": [8.5, 11.5, 7.55],
			"to": [9, 12, 8.45],
			"faces": {
				"north": {"uv": [8.525, 4.475, 8.975, 4.025], "rotation": 180, "texture": "#layer0"},
				"south": {"uv": [8.525, 4.025, 8.975, 4.475], "texture": "#layer0"},
				"down": {"uv": [8.525, 4.025, 8.975, 4.475], "texture": "#layer0"}
			}
		},
		{
			"name": "bow_pulling_2_77",
			"from": [9, 11.5, 7.55],
			"to": [9.5, 12, 8.45],
			"faces": {
				"north": {"uv": [9.025, 4.475, 9.475, 4.025], "rotation": 180, "texture": "#layer0"},
				"south": {"uv": [9.025, 4.025, 9.475, 4.475], "texture": "#layer0"},
				"down": {"uv": [9.025, 4.025, 9.475, 4.475], "texture": "#layer0"}
			}
		},
		{
			"name": "bow_pulling_2_78",
			"from": [9.5, 11.5, 7.55],
			"to": [10, 12, 8.45],
			"faces": {
				"north": {"uv": [9.525, 4.475, 9.975, 4.025], "rotation": 180, "texture": "#layer0"},
				"south": {"uv": [9.525, 4.025, 9.975, 4.475], "texture": "#layer0"},
				"down": {"uv": [9.525, 4.025, 9.975, 4.475], "texture": "#layer0"}
			}
		},
		{
			"name": "bow_pulling_2_79",
			"from": [10, 11.5, 7.55],
			"to": [10.5, 12, 8.45],
			"faces": {
				"north": {"uv": [10.025, 4.475, 10.475, 4.025], "rotation": 180, "texture": "#layer0"},
				"south": {"uv": [10.025, 4.025, 10.475, 4.475], "texture": "#layer0"},
				"down": {"uv": [10.025, 4.025, 10.475, 4.475], "texture": "#layer0"}
			}
		},
		{
			"name": "bow_pulling_2_80",
			"from": [10.5, 11.5, 7.55],
			"to": [11, 12, 8.45],
			"faces": {
				"north": {"uv": [10.525, 4.475, 10.975, 4.025], "rotation": 180, "texture": "#layer0"},
				"south": {"uv": [10.525, 4.025, 10.975, 4.475], "texture": "#layer0"},
				"down": {"uv": [10.525, 4.025, 10.975, 4.475], "texture": "#layer0"}
			}
		},
		{
			"name": "bow_pulling_2_81",
			"from": [11, 11.5, 7.55],
			"to": [11.5, 12, 8.45],
			"faces": {
				"north": {"uv": [11.025, 4.475, 11.475, 4.025], "rotation": 180, "texture": "#layer0"},
				"south": {"uv": [11.025, 4.025, 11.475, 4.475], "texture": "#layer0"},
				"down": {"uv": [11.025, 4.025, 11.475, 4.475], "texture": "#layer0"}
			}
		},
		{
			"name": "bow_pulling_2_82",
			"from": [11.5, 11.5, 7.55],
			"to": [12, 12, 8.45],
			"faces": {
				"north": {"uv": [11.525, 4.475, 11.975, 4.025], "rotation": 180, "texture": "#layer0"},
				"east": {"uv": [11.525, 4.025, 11.975, 4.475], "texture": "#layer0"},
				"south": {"uv": [11.525, 4.025, 11.975, 4.475], "texture": "#layer0"},
				"down": {"uv": [11.525, 4.025, 11.975, 4.475], "texture": "#layer0"}
			}
		},
		{
			"name": "bow_pulling_2_83",
			"from": [14.5, 11.5, 7.75],
			"to": [15, 12, 8.25],
			"faces": {
				"north": {"uv": [14.525, 4.475, 14.975, 4.025], "rotation": 180, "texture": "#layer0"},
				"east": {"uv": [14.525, 4.025, 14.975, 4.475], "texture": "#layer0"},
				"south": {"uv": [14.525, 4.025, 14.975, 4.475], "texture": "#layer0"},
				"west": {"uv": [14.525, 4.025, 14.975, 4.475], "texture": "#layer0"}
			}
		},
		{
			"name": "bow_pulling_2_84",
			"from": [4.5, 11, 7.75],
			"to": [5, 11.5, 8.25],
			"faces": {
				"north": {"uv": [4.525, 4.975, 4.975, 4.525], "rotation": 180, "texture": "#layer0"},
				"south": {"uv": [4.525, 4.525, 4.975, 4.975], "texture": "#layer0"},
				"west": {"uv": [4.525, 4.525, 4.975, 4.975], "texture": "#layer0"},
				"down": {"uv": [4.525, 4.525, 4.975, 4.975], "texture": "#layer0"}
			}
		},
		{
			"name": "bow_pulling_2_85",
			"from": [5, 11, 7.75],
			"to": [5.5, 11.5, 8.25],
			"faces": {
				"north": {"uv": [5.025, 4.975, 5.475, 4.525], "rotation": 180, "texture": "#layer0"},
				"south": {"uv": [5.025, 4.525, 5.475, 4.975], "texture": "#layer0"}
			}
		},
		{
			"name": "bow_pulling_2_86",
			"from": [5.5, 11, 7.75],
			"to": [6, 11.5, 8.25],
			"faces": {
				"north": {"uv": [6.025, 4.025, 6.475, 4.475], "texture": "#layer0"},
				"south": {"uv": [6.025, 4.025, 6.475, 4.475], "texture": "#layer0"},
				"up": {"uv": [6.025, 4.025, 6.475, 4.475], "texture": "#layer0"}
			}
		},
		{
			"name": "bow_pulling_2_87",
			"from": [6, 11, 7.55],
			"to": [6.5, 11.5, 8.45],
			"faces": {
				"north": {"uv": [6.025, 4.975, 6.475, 4.525], "rotation": 180, "texture": "#layer0"},
				"south": {"uv": [6.025, 4.525, 6.475, 4.975], "texture": "#layer0"},
				"west": {"uv": [6.025, 4.525, 6.475, 4.975], "texture": "#layer0"},
				"up": {"uv": [6.475, 4.525, 6.025, 4.975], "rotation": 180, "texture": "#layer0"}
			}
		},
		{
			"name": "bow_pulling_2_88",
			"from": [6.5, 11, 7.55],
			"to": [7, 11.5, 8.45],
			"faces": {
				"north": {"uv": [6.525, 5.025, 6.975, 5.475], "texture": "#layer0"},
				"south": {"uv": [6.525, 5.025, 6.975, 5.475], "texture": "#layer0"}
			}
		},
		{
			"name": "bow_pulling_2_89",
			"from": [7, 11, 7.35],
			"to": [7.5, 11.5, 8.65],
			"faces": {
				"north": {"uv": [7.025, 4.975, 7.475, 4.525], "rotation": 180, "texture": "#layer0"},
				"east": {"uv": [7.025, 4.525, 7.475, 4.975], "texture": "#layer0"},
				"south": {"uv": [7.025, 4.525, 7.475, 4.975], "texture": "#layer0"},
				"west": {"uv": [7.025, 4.525, 7.475, 4.975], "texture": "#layer0"},
				"down": {"uv": [7.025, 4.525, 7.475, 4.975], "texture": "#layer0"}
			}
		},
		{
			"name": "bow_pulling_2_90",
			"from": [7.5, 11, 7.55],
			"to": [8, 11.5, 8.45],
			"faces": {
				"north": {"uv": [7.525, 4.975, 7.975, 4.525], "rotation": 180, "texture": "#layer0"},
				"south": {"uv": [7.525, 4.525, 7.975, 4.975], "texture": "#layer0"},
				"down": {"uv": [7.525, 4.525, 7.975, 4.975], "texture": "#layer0"}
			}
		},
		{
			"name": "bow_pulling_2_91",
			"from": [8, 11, 7.55],
			"to": [8.5, 11.5, 8.45],
			"faces": {
				"north": {"uv": [8.025, 4.975, 8.475, 4.525], "rotation": 180, "texture": "#layer0"},
				"east": {"uv": [8.025, 4.525, 8.475, 4.975], "texture": "#layer0"},
				"south": {"uv": [8.025, 4.525, 8.475, 4.975], "texture": "#layer0"},
				"down": {"uv": [8.025, 4.525, 8.475, 4.975], "texture": "#layer0"}
			}
		},
		{
			"name": "bow_pulling_2_92",
			"from": [14.5, 11, 7.75],
			"to": [15, 11.5, 8.25],
			"faces": {
				"north": {"uv": [14.525, 4.975, 14.975, 4.525], "rotation": 180, "texture": "#layer0"},
				"east": {"uv": [14.525, 4.525, 14.975, 4.975], "texture": "#layer0"},
				"south": {"uv": [14.525, 4.525, 14.975, 4.975], "texture": "#layer0"},
				"west": {"uv": [14.525, 4.525, 14.975, 4.975], "texture": "#layer0"},
				"down": {"uv": [14.525, 4.525, 14.975, 4.975], "texture": "#layer0"}
			}
		},
		{
			"name": "bow_pulling_2_94",
			"from": [5, 10.5, 7.75],
			"to": [5.5, 11, 8.25],
			"faces": {
				"north": {"uv": [6.025, 4.025, 6.475, 4.475], "texture": "#layer0"},
				"south": {"uv": [6.025, 4.025, 6.475, 4.475], "texture": "#layer0"},
				"west": {"uv": [6.025, 4.025, 6.475, 4.475], "texture": "#layer0"}
			}
		},
		{
			"name": "bow_pulling_2_95",
			"from": [5.5, 10.5, 7.55],
			"to": [6, 11, 8.45],
			"faces": {
				"north": {"uv": [6.025, 4.525, 6.475, 4.975], "texture": "#layer0"},
				"south": {"uv": [6.025, 4.525, 6.475, 4.975], "texture": "#layer0"},
				"west": {"uv": [6.025, 4.525, 6.475, 4.975], "texture": "#layer0"},
				"up": {"uv": [6.025, 4.525, 6.475, 4.975], "texture": "#layer0"}
			}
		},
		{
			"name": "bow_pulling_2_96",
			"from": [6, 10.5, 7.55],
			"to": [6.5, 11, 8.45],
			"faces": {
				"north": {"uv": [6.025, 4.525, 6.475, 4.975], "texture": "#layer0"},
				"south": {"uv": [6.025, 4.525, 6.475, 4.975], "texture": "#layer0"}
			}
		},
		{
			"name": "bow_pulling_2_97",
			"from": [6.5, 10.5, 7.55],
			"to": [7, 11, 8.45],
			"faces": {
				"north": {"uv": [6.525, 5.475, 6.975, 5.025], "rotation": 180, "texture": "#layer0"},
				"east": {"uv": [6.525, 5.025, 6.975, 5.475], "texture": "#layer0"},
				"south": {"uv": [6.525, 5.025, 6.975, 5.475], "texture": "#layer0"},
				"down": {"uv": [6.525, 5.025, 6.975, 5.475], "texture": "#layer0"}
			}
		},
		{
			"name": "bow_pulling_2_98",
			"from": [7, 10.5, 7.75],
			"to": [7.5, 11, 8.25],
			"faces": {
				"north": {"uv": [7.025, 5.475, 7.475, 5.025], "rotation": 180, "texture": "#layer0"},
				"east": {"uv": [7.025, 5.025, 7.475, 5.475], "texture": "#layer0"},
				"south": {"uv": [7.025, 5.025, 7.475, 5.475], "texture": "#layer0"},
				"down": {"uv": [7.025, 5.025, 7.475, 5.475], "texture": "#layer0"}
			}
		},
		{
			"name": "bow_pulling_2_99",
			"from": [14, 10.5, 7.75],
			"to": [14.5, 11, 8.25],
			"faces": {
				"north": {"uv": [14.025, 5.475, 14.475, 5.025], "rotation": 180, "texture": "#layer0"},
				"east": {"uv": [14.025, 5.025, 14.475, 5.475], "texture": "#layer0"},
				"south": {"uv": [14.025, 5.025, 14.475, 5.475], "texture": "#layer0"},
				"west": {"uv": [14.025, 5.025, 14.475, 5.475], "texture": "#layer0"},
				"up": {"uv": [14.475, 5.025, 14.025, 5.475], "rotation": 180, "texture": "#layer0"}
			}
		},
		{
			"name": "bow_pulling_2_101",
			"from": [4.5, 10, 7.75],
			"to": [5, 10.5, 8.25],
			"faces": {
				"north": {"uv": [4.525, 5.975, 4.975, 5.525], "rotation": 180, "texture": "#layer0"},
				"south": {"uv": [4.525, 5.525, 4.975, 5.975], "texture": "#layer0"},
				"west": {"uv": [4.525, 5.525, 4.975, 5.975], "texture": "#layer0"},
				"up": {"uv": [4.975, 5.525, 4.525, 5.975], "rotation": 180, "texture": "#layer0"}
			}
		},
		{
			"name": "bow_pulling_2_102",
			"from": [5, 10, 7.55],
			"to": [5.5, 10.5, 8.45],
			"faces": {
				"north": {"uv": [5.025, 5.975, 5.475, 5.525], "rotation": 180, "texture": "#layer0"},
				"south": {"uv": [5.025, 5.525, 5.475, 5.975], "texture": "#layer0"},
				"west": {"uv": [5.025, 5.525, 5.475, 5.975], "texture": "#layer0"},
				"up": {"uv": [5.475, 5.525, 5.025, 5.975], "rotation": 180, "texture": "#layer0"}
			}
		},
		{
			"name": "bow_pulling_2_103",
			"from": [5.5, 10, 7.55],
			"to": [6, 10.5, 8.45],
			"faces": {
				"north": {"uv": [6.025, 4.525, 6.475, 4.975], "texture": "#layer0"},
				"south": {"uv": [6.025, 4.525, 6.475, 4.975], "texture": "#layer0"}
			}
		},
		{
			"name": "bow_pulling_2_104",
			"from": [6, 10, 7.55],
			"to": [6.5, 10.5, 8.45],
			"faces": {
				"north": {"uv": [6.025, 4.525, 6.475, 4.975], "texture": "#layer0"},
				"east": {"uv": [6.025, 4.525, 6.475, 4.975], "texture": "#layer0"},
				"south": {"uv": [6.025, 4.525, 6.475, 4.975], "texture": "#layer0"},
				"down": {"uv": [6.025, 4.525, 6.475, 4.975], "texture": "#layer0"}
			}
		},
		{
			"name": "bow_pulling_2_105",
			"from": [6.5, 10, 7.75],
			"to": [7, 10.5, 8.25],
			"faces": {
				"north": {"uv": [6.025, 4.025, 6.475, 4.475], "texture": "#layer0"},
				"east": {"uv": [6.025, 4.025, 6.475, 4.475], "texture": "#layer0"},
				"south": {"uv": [6.025, 4.025, 6.475, 4.475], "texture": "#layer0"}
			}
		},
		{
			"name": "bow_pulling_2_106",
			"from": [14, 10, 7.75],
			"to": [14.5, 10.5, 8.25],
			"faces": {
				"north": {"uv": [14.025, 5.975, 14.475, 5.525], "rotation": 180, "texture": "#layer0"},
				"east": {"uv": [14.025, 5.525, 14.475, 5.975], "texture": "#layer0"},
				"south": {"uv": [14.025, 5.525, 14.475, 5.975], "texture": "#layer0"},
				"west": {"uv": [14.025, 5.525, 14.475, 5.975], "texture": "#layer0"}
			}
		},
		{
			"name": "bow_pulling_2_108",
			"from": [4, 9.5, 7.75],
			"to": [4.5, 10, 8.25],
			"faces": {
				"north": {"uv": [4.025, 6.475, 4.475, 6.025], "rotation": 180, "texture": "#layer0"},
				"south": {"uv": [4.025, 6.025, 4.475, 6.475], "texture": "#layer0"},
				"west": {"uv": [4.025, 6.025, 4.475, 6.475], "texture": "#layer0"},
				"up": {"uv": [4.475, 6.025, 4.025, 6.475], "rotation": 180, "texture": "#layer0"}
			}
		},
		{
			"name": "bow_pulling_2_109",
			"from": [4.5, 9.5, 7.55],
			"to": [5, 10, 8.45],
			"faces": {
				"north": {"uv": [4.525, 6.475, 4.975, 6.025], "rotation": 180, "texture": "#layer0"},
				"south": {"uv": [4.525, 6.025, 4.975, 6.475], "texture": "#layer0"},
				"west": {"uv": [4.525, 6.025, 4.975, 6.475], "texture": "#layer0"},
				"up": {"uv": [4.975, 6.025, 4.525, 6.475], "rotation": 180, "texture": "#layer0"}
			}
		},
		{
			"name": "bow_pulling_2_110",
			"from": [5, 9.5, 7.55],
			"to": [5.5, 10, 8.45],
			"faces": {
				"north": {"uv": [5.025, 6.475, 5.475, 6.025], "rotation": 180, "texture": "#layer0"},
				"south": {"uv": [5.025, 6.025, 5.475, 6.475], "texture": "#layer0"}
			}
		},
		{
			"name": "bow_pulling_2_111",
			"from": [5.5, 9.5, 7.55],
			"to": [6, 10, 8.45],
			"faces": {
				"north": {"uv": [5.525, 6.475, 5.975, 6.025], "rotation": 180, "texture": "#layer0"},
				"east": {"uv": [5.525, 6.025, 5.975, 6.475], "texture": "#layer0"},
				"south": {"uv": [5.525, 6.025, 5.975, 6.475], "texture": "#layer0"},
				"down": {"uv": [5.525, 6.025, 5.975, 6.475], "texture": "#layer0"}
			}
		},
		{
			"name": "bow_pulling_2_112",
			"from": [6, 9.5, 7.75],
			"to": [6.5, 10, 8.25],
			"faces": {
				"north": {"uv": [6.025, 4.025, 6.475, 4.475], "texture": "#layer0"},
				"south": {"uv": [6.025, 4.025, 6.475, 4.475], "texture": "#layer0"},
				"down": {"uv": [6.025, 4.025, 6.475, 4.475], "texture": "#layer0"}
			}
		},
		{
			"name": "bow_pulling_2_113",
			"from": [6.5, 9.5, 7.75],
			"to": [7, 10, 8.25],
			"faces": {
				"north": {"uv": [6.525, 6.475, 6.975, 6.025], "rotation": 180, "texture": "#layer0"},
				"south": {"uv": [6.525, 6.025, 6.975, 6.475], "texture": "#layer0"}
			}
		},
		{
			"name": "bow_pulling_2_114",
			"from": [7, 9.5, 7.75],
			"to": [7.5, 10, 8.25],
			"faces": {
				"north": {"uv": [7.025, 6.475, 7.475, 6.025], "rotation": 180, "texture": "#layer0"},
				"east": {"uv": [7.025, 6.025, 7.475, 6.475], "texture": "#layer0"},
				"south": {"uv": [7.025, 6.025, 7.475, 6.475], "texture": "#layer0"},
				"up": {"uv": [7.475, 6.025, 7.025, 6.475], "rotation": 180, "texture": "#layer0"}
			}
		},
		{
			"name": "bow_pulling_2_115",
			"from": [14, 9.5, 7.75],
			"to": [14.5, 10, 8.25],
			"faces": {
				"north": {"uv": [14.025, 6.475, 14.475, 6.025], "rotation": 180, "texture": "#layer0"},
				"east": {"uv": [14.025, 6.025, 14.475, 6.475], "texture": "#layer0"},
				"south": {"uv": [14.025, 6.025, 14.475, 6.475], "texture": "#layer0"},
				"west": {"uv": [14.025, 6.025, 14.475, 6.475], "texture": "#layer0"}
			}
		},
		{
			"name": "bow_pulling_2_116",
			"from": [3.5, 9, 7.55],
			"to": [4, 9.5, 8.45],
			"faces": {
				"north": {"uv": [3.525, 6.975, 3.975, 6.525], "rotation": 180, "texture": "#layer0"},
				"south": {"uv": [3.525, 6.525, 3.975, 6.975], "texture": "#layer0"},
				"west": {"uv": [3.525, 6.525, 3.975, 6.975], "texture": "#layer0"},
				"up": {"uv": [3.975, 6.525, 3.525, 6.975], "rotation": 180, "texture": "#layer0"}
			}
		},
		{
			"name": "bow_pulling_2_117",
			"from": [4, 9, 7.35],
			"to": [4.5, 9.5, 8.65],
			"faces": {
				"north": {"uv": [4.025, 6.975, 4.475, 6.525], "rotation": 180, "texture": "#layer0"},
				"east": {"uv": [4.025, 6.525, 4.475, 6.975], "texture": "#layer0"},
				"south": {"uv": [4.025, 6.525, 4.475, 6.975], "texture": "#layer0"},
				"west": {"uv": [4.025, 6.525, 4.475, 6.975], "texture": "#layer0"},
				"up": {"uv": [4.475, 6.525, 4.025, 6.975], "rotation": 180, "texture": "#layer0"}
			}
		},
		{
			"name": "bow_pulling_2_118",
			"from": [4.5, 9, 7.55],
			"to": [5, 9.5, 8.45],
			"faces": {
				"north": {"uv": [4.525, 6.025, 4.975, 6.475], "texture": "#layer0"},
				"south": {"uv": [4.525, 6.025, 4.975, 6.475], "texture": "#layer0"}
			}
		},
		{
			"name": "bow_pulling_2_119",
			"from": [5, 9, 7.55],
			"to": [5.5, 9.5, 8.45],
			"faces": {
				"north": {"uv": [5.025, 6.975, 5.475, 6.525], "rotation": 180, "texture": "#layer0"},
				"east": {"uv": [5.025, 6.525, 5.475, 6.975], "texture": "#layer0"},
				"south": {"uv": [5.025, 6.525, 5.475, 6.975], "texture": "#layer0"},
				"down": {"uv": [5.025, 6.525, 5.475, 6.975], "texture": "#layer0"}
			}
		},
		{
			"name": "bow_pulling_2_120",
			"from": [5.5, 9, 7.75],
			"to": [6, 9.5, 8.25],
			"faces": {
				"north": {"uv": [5.525, 6.975, 5.975, 6.525], "rotation": 180, "texture": "#layer0"},
				"east": {"uv": [5.525, 6.525, 5.975, 6.975], "texture": "#layer0"},
				"south": {"uv": [5.525, 6.525, 5.975, 6.975], "texture": "#layer0"},
				"down": {"uv": [5.525, 6.525, 5.975, 6.975], "texture": "#layer0"}
			}
		},
		{
			"name": "bow_pulling_2_121",
			"from": [6.5, 9, 7.75],
			"to": [7, 9.5, 8.25],
			"faces": {
				"north": {"uv": [6.525, 6.975, 6.975, 6.525], "rotation": 180, "texture": "#layer0"},
				"south": {"uv": [6.525, 6.525, 6.975, 6.975], "texture": "#layer0"},
				"west": {"uv": [6.525, 6.525, 6.975, 6.975], "texture": "#layer0"},
				"down": {"uv": [6.525, 6.525, 6.975, 6.975], "texture": "#layer0"}
			}
		},
		{
			"name": "bow_pulling_2_122",
			"from": [7, 9, 7.75],
			"to": [7.5, 9.5, 8.25],
			"faces": {
				"north": {"uv": [7.025, 6.975, 7.475, 6.525], "rotation": 180, "texture": "#layer0"},
				"south": {"uv": [7.025, 6.525, 7.475, 6.975], "texture": "#layer0"}
			}
		},
		{
			"name": "bow_pulling_2_123",
			"from": [7.5, 9, 7.75],
			"to": [8, 9.5, 8.25],
			"faces": {
				"north": {"uv": [7.525, 6.975, 7.975, 6.525], "rotation": 180, "texture": "#layer0"},
				"east": {"uv": [7.525, 6.525, 7.975, 6.975], "texture": "#layer0"},
				"south": {"uv": [7.525, 6.525, 7.975, 6.975], "texture": "#layer0"},
				"up": {"uv": [7.975, 6.525, 7.525, 6.975], "rotation": 180, "texture": "#layer0"}
			}
		},
		{
			"name": "bow_pulling_2_124",
			"from": [14, 9, 7.75],
			"to": [14.5, 9.5, 8.25],
			"faces": {
				"north": {"uv": [14.025, 6.975, 14.475, 6.525], "rotation": 180, "texture": "#layer0"},
				"east": {"uv": [14.025, 6.525, 14.475, 6.975], "texture": "#layer0"},
				"south": {"uv": [14.025, 6.525, 14.475, 6.975], "texture": "#layer0"},
				"west": {"uv": [14.025, 6.525, 14.475, 6.975], "texture": "#layer0"}
			}
		},
		{
			"name": "bow_pulling_2_125",
			"from": [3, 8.5, 7.55],
			"to": [3.5, 9, 8.45],
			"faces": {
				"north": {"uv": [3.025, 7.475, 3.475, 7.025], "rotation": 180, "texture": "#layer0"},
				"south": {"uv": [3.025, 7.025, 3.475, 7.475], "texture": "#layer0"},
				"west": {"uv": [3.025, 7.025, 3.475, 7.475], "texture": "#layer0"},
				"up": {"uv": [3.475, 7.025, 3.025, 7.475], "rotation": 180, "texture": "#layer0"}
			}
		},
		{
			"name": "bow_pulling_2_126",
			"from": [3.5, 8.5, 7.35],
			"to": [4, 9, 8.65],
			"faces": {
				"north": {"uv": [3.525, 7.475, 3.975, 7.025], "rotation": 180, "texture": "#layer0"},
				"south": {"uv": [3.525, 7.025, 3.975, 7.475], "texture": "#layer0"},
				"west": {"uv": [3.525, 7.025, 3.975, 7.475], "texture": "#layer0"},
				"up": {"uv": [3.975, 7.025, 3.525, 7.475], "rotation": 180, "texture": "#layer0"}
			}
		},
		{
			"name": "bow_pulling_2_127",
			"from": [4, 8.5, 7.35],
			"to": [4.5, 9, 8.65],
			"faces": {
				"north": {"uv": [4.025, 7.475, 4.475, 7.025], "rotation": 180, "texture": "#layer0"},
				"south": {"uv": [4.025, 7.025, 4.475, 7.475], "texture": "#layer0"}
			}
		},
		{
			"name": "bow_pulling_2_128",
			"from": [4.5, 8.5, 7.35],
			"to": [5, 9, 8.65],
			"faces": {
				"north": {"uv": [4.525, 7.475, 4.975, 7.025], "rotation": 180, "texture": "#layer0"},
				"east": {"uv": [4.525, 7.025, 4.975, 7.475], "texture": "#layer0"},
				"south": {"uv": [4.525, 7.025, 4.975, 7.475], "texture": "#layer0"},
				"up": {"uv": [4.975, 7.025, 4.525, 7.475], "rotation": 180, "texture": "#layer0"},
				"down": {"uv": [4.525, 7.025, 4.975, 7.475], "texture": "#layer0"}
			}
		},
		{
			"name": "bow_pulling_2_129",
			"from": [5, 8.5, 7.75],
			"to": [5.5, 9, 8.25],
			"faces": {
				"north": {"uv": [5.025, 7.475, 5.475, 7.025], "rotation": 180, "texture": "#layer0"},
				"east": {"uv": [5.025, 7.025, 5.475, 7.475], "texture": "#layer0"},
				"south": {"uv": [5.025, 7.025, 5.475, 7.475], "texture": "#layer0"},
				"down": {"uv": [5.025, 7.025, 5.475, 7.475], "texture": "#layer0"}
			}
		},
		{
			"name": "bow_pulling_2_130",
			"from": [7, 8.5, 7.75],
			"to": [7.5, 9, 8.25],
			"faces": {
				"north": {"uv": [7.025, 7.475, 7.475, 7.025], "rotation": 180, "texture": "#layer0"},
				"south": {"uv": [7.025, 7.025, 7.475, 7.475], "texture": "#layer0"},
				"west": {"uv": [7.025, 7.025, 7.475, 7.475], "texture": "#layer0"},
				"down": {"uv": [7.025, 7.025, 7.475, 7.475], "texture": "#layer0"}
			}
		},
		{
			"name": "bow_pulling_2_131",
			"from": [7.5, 8.5, 7.75],
			"to": [8, 9, 8.25],
			"faces": {
				"north": {"uv": [7.525, 7.475, 7.975, 7.025], "rotation": 180, "texture": "#layer0"},
				"south": {"uv": [7.525, 7.025, 7.975, 7.475], "texture": "#layer0"}
			}
		},
		{
			"name": "bow_pulling_2_132",
			"from": [8, 8.5, 7.75],
			"to": [8.5, 9, 8.25],
			"faces": {
				"north": {"uv": [8.025, 7.475, 8.475, 7.025], "rotation": 180, "texture": "#layer0"},
				"east": {"uv": [8.025, 7.025, 8.475, 7.475], "texture": "#layer0"},
				"south": {"uv": [8.025, 7.025, 8.475, 7.475], "texture": "#layer0"},
				"up": {"uv": [8.475, 7.025, 8.025, 7.475], "rotation": 180, "texture": "#layer0"}
			}
		},
		{
			"name": "bow_pulling_2_133",
			"from": [14, 8.5, 7.75],
			"to": [14.5, 9, 8.25],
			"faces": {
				"north": {"uv": [14.025, 7.475, 14.475, 7.025], "rotation": 180, "texture": "#layer0"},
				"east": {"uv": [14.025, 7.025, 14.475, 7.475], "texture": "#layer0"},
				"south": {"uv": [14.025, 7.025, 14.475, 7.475], "texture": "#layer0"},
				"west": {"uv": [14.025, 7.025, 14.475, 7.475], "texture": "#layer0"},
				"down": {"uv": [14.025, 7.025, 14.475, 7.475], "texture": "#layer0"}
			}
		},
		{
			"name": "bow_pulling_2_134",
			"from": [3, 8, 7.55],
			"to": [3.5, 8.5, 8.45],
			"faces": {
				"north": {"uv": [3.025, 7.975, 3.475, 7.525], "rotation": 180, "texture": "#layer0"},
				"south": {"uv": [3.025, 7.525, 3.475, 7.975], "texture": "#layer0"},
				"west": {"uv": [3.025, 7.525, 3.475, 7.975], "texture": "#layer0"}
			}
		},
		{
			"name": "bow_pulling_2_135",
			"from": [3.5, 8, 7.35],
			"to": [4, 8.5, 8.65],
			"faces": {
				"north": {"uv": [3.525, 7.975, 3.975, 7.525], "rotation": 180, "texture": "#layer0"},
				"south": {"uv": [3.525, 7.525, 3.975, 7.975], "texture": "#layer0"},
				"west": {"uv": [3.525, 7.525, 3.975, 7.975], "texture": "#layer0"}
			}
		},
		{
			"name": "bow_pulling_2_136",
			"from": [4, 8, 7.35],
			"to": [4.5, 8.5, 8.65],
			"faces": {
				"north": {"uv": [4.025, 7.975, 4.475, 7.525], "rotation": 180, "texture": "#layer0"},
				"east": {"uv": [4.025, 7.525, 4.475, 7.975], "texture": "#layer0"},
				"south": {"uv": [4.025, 7.525, 4.475, 7.975], "texture": "#layer0"}
			}
		},
		{
			"name": "bow_pulling_2_137",
			"from": [4.5, 8, 7.55],
			"to": [5, 8.5, 8.45],
			"faces": {
				"north": {"uv": [4.525, 7.975, 4.975, 7.525], "rotation": 180, "texture": "#layer0"},
				"east": {"uv": [4.525, 7.525, 4.975, 7.975], "texture": "#layer0"},
				"south": {"uv": [4.525, 7.525, 4.975, 7.975], "texture": "#layer0"}
			}
		},
		{
			"name": "bow_pulling_2_138",
			"from": [7.5, 8, 7.75],
			"to": [8, 8.5, 8.25],
			"faces": {
				"north": {"uv": [7.525, 7.975, 7.975, 7.525], "rotation": 180, "texture": "#layer0"},
				"south": {"uv": [7.525, 7.525, 7.975, 7.975], "texture": "#layer0"},
				"west": {"uv": [7.525, 7.525, 7.975, 7.975], "texture": "#layer0"},
				"down": {"uv": [7.525, 7.525, 7.975, 7.975], "texture": "#layer0"}
			}
		},
		{
			"name": "bow_pulling_2_139",
			"from": [8, 8, 7.75],
			"to": [8.5, 8.5, 8.25],
			"faces": {
				"north": {"uv": [8.025, 7.975, 8.475, 7.525], "rotation": 180, "texture": "#layer0"},
				"south": {"uv": [8.025, 7.525, 8.475, 7.975], "texture": "#layer0"}
			}
		},
		{
			"name": "bow_pulling_2_140",
			"from": [8.5, 8, 7.75],
			"to": [9, 8.5, 8.25],
			"faces": {
				"north": {"uv": [8.525, 7.975, 8.975, 7.525], "rotation": 180, "texture": "#layer0"},
				"east": {"uv": [8.525, 7.525, 8.975, 7.975], "texture": "#layer0"},
				"south": {"uv": [8.525, 7.525, 8.975, 7.975], "texture": "#layer0"},
				"up": {"uv": [8.975, 7.525, 8.525, 7.975], "rotation": 180, "texture": "#layer0"}
			}
		},
		{
			"name": "bow_pulling_2_141",
			"from": [13.5, 8, 7.75],
			"to": [14, 8.5, 8.25],
			"faces": {
				"north": {"uv": [13.525, 7.975, 13.975, 7.525], "rotation": 180, "texture": "#layer0"},
				"east": {"uv": [13.525, 7.525, 13.975, 7.975], "texture": "#layer0"},
				"south": {"uv": [13.525, 7.525, 13.975, 7.975], "texture": "#layer0"},
				"west": {"uv": [13.525, 7.525, 13.975, 7.975], "texture": "#layer0"},
				"up": {"uv": [13.975, 7.525, 13.525, 7.975], "rotation": 180, "texture": "#layer0"}
			}
		},
		{
			"name": "bow_pulling_2_142",
			"from": [3, 7.5, 7.55],
			"to": [3.5, 8, 8.45],
			"faces": {
				"north": {"uv": [3.025, 8.475, 3.475, 8.025], "rotation": 180, "texture": "#layer0"},
				"south": {"uv": [3.025, 8.025, 3.475, 8.475], "texture": "#layer0"},
				"west": {"uv": [3.025, 8.025, 3.475, 8.475], "texture": "#layer0"}
			}
		},
		{
			"name": "bow_pulling_2_143",
			"from": [3.5, 7.5, 7.35],
			"to": [4, 8, 8.65],
			"faces": {
				"north": {"uv": [3.525, 8.475, 3.975, 8.025], "rotation": 180, "texture": "#layer0"},
				"south": {"uv": [3.525, 8.025, 3.975, 8.475], "texture": "#layer0"},
				"west": {"uv": [3.525, 8.025, 3.975, 8.475], "texture": "#layer0"}
			}
		},
		{
			"name": "bow_pulling_2_144",
			"from": [4, 7.5, 7.35],
			"to": [4.5, 8, 8.65],
			"faces": {
				"north": {"uv": [4.025, 8.475, 4.475, 8.025], "rotation": 180, "texture": "#layer0"},
				"east": {"uv": [4.025, 8.025, 4.475, 8.475], "texture": "#layer0"},
				"south": {"uv": [4.025, 8.025, 4.475, 8.475], "texture": "#layer0"},
				"down": {"uv": [4.025, 8.025, 4.475, 8.475], "texture": "#layer0"}
			}
		},
		{
			"name": "bow_pulling_2_145",
			"from": [4.5, 7.5, 7.55],
			"to": [5, 8, 8.45],
			"faces": {
				"north": {"uv": [4.525, 8.475, 4.975, 8.025], "rotation": 180, "texture": "#layer0"},
				"east": {"uv": [4.525, 8.025, 4.975, 8.475], "texture": "#layer0"},
				"south": {"uv": [4.525, 8.025, 4.975, 8.475], "texture": "#layer0"},
				"down": {"uv": [4.525, 8.025, 4.975, 8.475], "texture": "#layer0"}
			}
		},
		{
			"name": "bow_pulling_2_146",
			"from": [8, 7.5, 7.75],
			"to": [8.5, 8, 8.25],
			"faces": {
				"north": {"uv": [8.025, 8.475, 8.475, 8.025], "rotation": 180, "texture": "#layer0"},
				"south": {"uv": [8.025, 8.025, 8.475, 8.475], "texture": "#layer0"},
				"west": {"uv": [8.025, 8.025, 8.475, 8.475], "texture": "#layer0"},
				"down": {"uv": [8.025, 8.025, 8.475, 8.475], "texture": "#layer0"}
			}
		},
		{
			"name": "bow_pulling_2_147",
			"from": [8.5, 7.5, 7.75],
			"to": [9, 8, 8.25],
			"faces": {
				"north": {"uv": [8.525, 8.475, 8.975, 8.025], "rotation": 180, "texture": "#layer0"},
				"south": {"uv": [8.525, 8.025, 8.975, 8.475], "texture": "#layer0"}
			}
		},
		{
			"name": "bow_pulling_2_148",
			"from": [9, 7.5, 7.75],
			"to": [9.5, 8, 8.25],
			"faces": {
				"north": {"uv": [9.025, 8.475, 9.475, 8.025], "rotation": 180, "texture": "#layer0"},
				"east": {"uv": [9.025, 8.025, 9.475, 8.475], "texture": "#layer0"},
				"south": {"uv": [9.025, 8.025, 9.475, 8.475], "texture": "#layer0"},
				"up": {"uv": [9.475, 8.025, 9.025, 8.475], "rotation": 180, "texture": "#layer0"}
			}
		},
		{
			"name": "bow_pulling_2_149",
			"from": [13.5, 7.5, 7.75],
			"to": [14, 8, 8.25],
			"faces": {
				"north": {"uv": [13.525, 8.475, 13.975, 8.025], "rotation": 180, "texture": "#layer0"},
				"east": {"uv": [13.525, 8.025, 13.975, 8.475], "texture": "#layer0"},
				"south": {"uv": [13.525, 8.025, 13.975, 8.475], "texture": "#layer0"},
				"west": {"uv": [13.525, 8.025, 13.975, 8.475], "texture": "#layer0"}
			}
		},
		{
			"name": "bow_pulling_2_150",
			"from": [2.5, 7, 7.55],
			"to": [3, 7.5, 8.45],
			"faces": {
				"north": {"uv": [2.525, 8.975, 2.975, 8.525], "rotation": 180, "texture": "#layer0"},
				"south": {"uv": [2.525, 8.525, 2.975, 8.975], "texture": "#layer0"},
				"west": {"uv": [2.525, 8.525, 2.975, 8.975], "texture": "#layer0"},
				"up": {"uv": [2.975, 8.525, 2.525, 8.975], "rotation": 180, "texture": "#layer0"}
			}
		},
		{
			"name": "bow_pulling_2_151",
			"from": [3, 7, 7.35],
			"to": [3.5, 7.5, 8.65],
			"faces": {
				"north": {"uv": [3.025, 8.975, 3.475, 8.525], "rotation": 180, "texture": "#layer0"},
				"south": {"uv": [3.025, 8.525, 3.475, 8.975], "texture": "#layer0"},
				"west": {"uv": [3.025, 8.525, 3.475, 8.975], "texture": "#layer0"},
				"up": {"uv": [3.475, 8.525, 3.025, 8.975], "rotation": 180, "texture": "#layer0"}
			}
		},
		{
			"name": "bow_pulling_2_152",
			"from": [3.5, 7, 7.35],
			"to": [4, 7.5, 8.65],
			"faces": {
				"north": {"uv": [3.525, 8.975, 3.975, 8.525], "rotation": 180, "texture": "#layer0"},
				"east": {"uv": [3.525, 8.525, 3.975, 8.975], "texture": "#layer0"},
				"south": {"uv": [3.525, 8.525, 3.975, 8.975], "texture": "#layer0"}
			}
		},
		{
			"name": "bow_pulling_2_153",
			"from": [4, 7, 7.55],
			"to": [4.5, 7.5, 8.45],
			"faces": {
				"north": {"uv": [4.025, 8.975, 4.475, 8.525], "rotation": 180, "texture": "#layer0"},
				"east": {"uv": [4.025, 8.525, 4.475, 8.975], "texture": "#layer0"},
				"south": {"uv": [4.025, 8.525, 4.475, 8.975], "texture": "#layer0"}
			}
		},
		{
			"name": "bow_pulling_2_154",
			"from": [8.5, 7, 7.75],
			"to": [9, 7.5, 8.25],
			"faces": {
				"north": {"uv": [8.525, 8.975, 8.975, 8.525], "rotation": 180, "texture": "#layer0"},
				"south": {"uv": [8.525, 8.525, 8.975, 8.975], "texture": "#layer0"},
				"west": {"uv": [8.525, 8.525, 8.975, 8.975], "texture": "#layer0"},
				"down": {"uv": [8.525, 8.525, 8.975, 8.975], "texture": "#layer0"}
			}
		},
		{
			"name": "bow_pulling_2_155",
			"from": [9, 7, 7.75],
			"to": [9.5, 7.5, 8.25],
			"faces": {
				"north": {"uv": [9.025, 8.975, 9.475, 8.525], "rotation": 180, "texture": "#layer0"},
				"south": {"uv": [9.025, 8.525, 9.475, 8.975], "texture": "#layer0"}
			}
		},
		{
			"name": "bow_pulling_2_156",
			"from": [9.5, 7, 7.75],
			"to": [10, 7.5, 8.25],
			"faces": {
				"north": {"uv": [9.525, 8.975, 9.975, 8.525], "rotation": 180, "texture": "#layer0"},
				"east": {"uv": [9.525, 8.525, 9.975, 8.975], "texture": "#layer0"},
				"south": {"uv": [9.525, 8.525, 9.975, 8.975], "texture": "#layer0"},
				"up": {"uv": [9.975, 8.525, 9.525, 8.975], "rotation": 180, "texture": "#layer0"}
			}
		},
		{
			"name": "bow_pulling_2_157",
			"from": [13.5, 7, 7.75],
			"to": [14, 7.5, 8.25],
			"faces": {
				"north": {"uv": [13.525, 8.975, 13.975, 8.525], "rotation": 180, "texture": "#layer0"},
				"east": {"uv": [13.525, 8.525, 13.975, 8.975], "texture": "#layer0"},
				"south": {"uv": [13.525, 8.525, 13.975, 8.975], "texture": "#layer0"},
				"west": {"uv": [13.525, 8.525, 13.975, 8.975], "texture": "#layer0"}
			}
		},
		{
			"name": "bow_pulling_2_158",
			"from": [2.5, 6.5, 7.55],
			"to": [3, 7, 8.45],
			"faces": {
				"north": {"uv": [2.525, 9.475, 2.975, 9.025], "rotation": 180, "texture": "#layer0"},
				"south": {"uv": [2.525, 9.025, 2.975, 9.475], "texture": "#layer0"},
				"west": {"uv": [2.525, 9.025, 2.975, 9.475], "texture": "#layer0"}
			}
		},
		{
			"name": "bow_pulling_2_159",
			"from": [3, 6.5, 7.35],
			"to": [3.5, 7, 8.65],
			"faces": {
				"north": {"uv": [3.025, 9.475, 3.475, 9.025], "rotation": 180, "texture": "#layer0"},
				"south": {"uv": [3.025, 9.025, 3.475, 9.475], "texture": "#layer0"},
				"west": {"uv": [3.025, 9.025, 3.475, 9.475], "texture": "#layer0"}
			}
		},
		{
			"name": "bow_pulling_2_160",
			"from": [3.5, 6.5, 7.35],
			"to": [4, 7, 8.65],
			"faces": {
				"north": {"uv": [3.525, 9.475, 3.975, 9.025], "rotation": 180, "texture": "#layer0"},
				"east": {"uv": [3.525, 9.025, 3.975, 9.475], "texture": "#layer0"},
				"south": {"uv": [3.525, 9.025, 3.975, 9.475], "texture": "#layer0"}
			}
		},
		{
			"name": "bow_pulling_2_161",
			"from": [4, 6.5, 7.55],
			"to": [4.5, 7, 8.45],
			"faces": {
				"north": {"uv": [4.025, 9.475, 4.475, 9.025], "rotation": 180, "texture": "#layer0"},
				"east": {"uv": [4.025, 9.025, 4.475, 9.475], "texture": "#layer0"},
				"south": {"uv": [4.025, 9.025, 4.475, 9.475], "texture": "#layer0"}
			}
		},
		{
			"name": "bow_pulling_2_162",
			"from": [9, 6.5, 7.75],
			"to": [9.5, 7, 8.25],
			"faces": {
				"north": {"uv": [9.025, 9.475, 9.475, 9.025], "rotation": 180, "texture": "#layer0"},
				"south": {"uv": [9.025, 9.025, 9.475, 9.475], "texture": "#layer0"},
				"west": {"uv": [9.025, 9.025, 9.475, 9.475], "texture": "#layer0"},
				"down": {"uv": [9.025, 9.025, 9.475, 9.475], "texture": "#layer0"}
			}
		},
		{
			"name": "bow_pulling_2_163",
			"from": [9.5, 6.5, 7.75],
			"to": [10, 7, 8.25],
			"faces": {
				"north": {"uv": [9.525, 9.475, 9.975, 9.025], "rotation": 180, "texture": "#layer0"},
				"south": {"uv": [9.525, 9.025, 9.975, 9.475], "texture": "#layer0"}
			}
		},
		{
			"name": "bow_pulling_2_164",
			"from": [10, 6.5, 7.75],
			"to": [10.5, 7, 8.25],
			"faces": {
				"north": {"uv": [10.025, 9.475, 10.475, 9.025], "rotation": 180, "texture": "#layer0"},
				"east": {"uv": [10.025, 9.025, 10.475, 9.475], "texture": "#layer0"},
				"south": {"uv": [10.025, 9.025, 10.475, 9.475], "texture": "#layer0"},
				"up": {"uv": [10.475, 9.025, 10.025, 9.475], "rotation": 180, "texture": "#layer0"}
			}
		},
		{
			"name": "bow_pulling_2_165",
			"from": [13.5, 6.5, 7.75],
			"to": [14, 7, 8.25],
			"faces": {
				"north": {"uv": [13.525, 9.475, 13.975, 9.025], "rotation": 180, "texture": "#layer0"},
				"east": {"uv": [13.525, 9.025, 13.975, 9.475], "texture": "#layer0"},
				"south": {"uv": [13.525, 9.025, 13.975, 9.475], "texture": "#layer0"},
				"west": {"uv": [13.525, 9.025, 13.975, 9.475], "texture": "#layer0"}
			}
		},
		{
			"name": "bow_pulling_2_166",
			"from": [2.5, 6, 7.55],
			"to": [3, 6.5, 8.45],
			"faces": {
				"north": {"uv": [2.525, 9.975, 2.975, 9.525], "rotation": 180, "texture": "#layer0"},
				"south": {"uv": [2.525, 9.525, 2.975, 9.975], "texture": "#layer0"},
				"west": {"uv": [2.525, 9.525, 2.975, 9.975], "texture": "#layer0"}
			}
		},
		{
			"name": "bow_pulling_2_167",
			"from": [3, 6, 7.35],
			"to": [3.5, 6.5, 8.65],
			"faces": {
				"north": {"uv": [3.025, 9.975, 3.475, 9.525], "rotation": 180, "texture": "#layer0"},
				"south": {"uv": [3.025, 9.525, 3.475, 9.975], "texture": "#layer0"},
				"west": {"uv": [3.025, 9.525, 3.475, 9.975], "texture": "#layer0"}
			}
		},
		{
			"name": "bow_pulling_2_168",
			"from": [3.5, 6, 7.35],
			"to": [4, 6.5, 8.65],
			"faces": {
				"north": {"uv": [3.525, 9.975, 3.975, 9.525], "rotation": 180, "texture": "#layer0"},
				"east": {"uv": [3.525, 9.525, 3.975, 9.975], "texture": "#layer0"},
				"south": {"uv": [3.525, 9.525, 3.975, 9.975], "texture": "#layer0"}
			}
		},
		{
			"name": "bow_pulling_2_169",
			"from": [4, 6, 7.55],
			"to": [4.5, 6.5, 8.45],
			"faces": {
				"north": {"uv": [4.025, 9.975, 4.475, 9.525], "rotation": 180, "texture": "#layer0"},
				"east": {"uv": [4.025, 9.525, 4.475, 9.975], "texture": "#layer0"},
				"south": {"uv": [4.025, 9.525, 4.475, 9.975], "texture": "#layer0"}
			}
		},
		{
			"name": "bow_pulling_2_170",
			"from": [9.5, 6, 7.75],
			"to": [10, 6.5, 8.25],
			"faces": {
				"north": {"uv": [9.525, 9.975, 9.975, 9.525], "rotation": 180, "texture": "#layer0"},
				"south": {"uv": [9.525, 9.525, 9.975, 9.975], "texture": "#layer0"},
				"west": {"uv": [9.525, 9.525, 9.975, 9.975], "texture": "#layer0"},
				"down": {"uv": [9.525, 9.525, 9.975, 9.975], "texture": "#layer0"}
			}
		},
		{
			"name": "bow_pulling_2_171",
			"from": [10, 6, 7.75],
			"to": [10.5, 6.5, 8.25],
			"faces": {
				"north": {"uv": [10.025, 9.975, 10.475, 9.525], "rotation": 180, "texture": "#layer0"},
				"south": {"uv": [10.025, 9.525, 10.475, 9.975], "texture": "#layer0"}
			}
		},
		{
			"name": "bow_pulling_2_172",
			"from": [10.5, 6, 7.75],
			"to": [11, 6.5, 8.25],
			"faces": {
				"north": {"uv": [10.525, 9.975, 10.975, 9.525], "rotation": 180, "texture": "#layer0"},
				"east": {"uv": [10.525, 9.525, 10.975, 9.975], "texture": "#layer0"},
				"south": {"uv": [10.525, 9.525, 10.975, 9.975], "texture": "#layer0"},
				"up": {"uv": [10.975, 9.525, 10.525, 9.975], "rotation": 180, "texture": "#layer0"}
			}
		},
		{
			"name": "bow_pulling_2_173",
			"from": [13.5, 6, 7.75],
			"to": [14, 6.5, 8.25],
			"faces": {
				"north": {"uv": [13.525, 9.975, 13.975, 9.525], "rotation": 180, "texture": "#layer0"},
				"east": {"uv": [13.525, 9.525, 13.975, 9.975], "texture": "#layer0"},
				"south": {"uv": [13.525, 9.525, 13.975, 9.975], "texture": "#layer0"},
				"west": {"uv": [13.525, 9.525, 13.975, 9.975], "texture": "#layer0"}
			}
		},
		{
			"name": "bow_pulling_2_174",
			"from": [2.5, 5.5, 7.55],
			"to": [3, 6, 8.45],
			"faces": {
				"north": {"uv": [2.525, 10.475, 2.975, 10.025], "rotation": 180, "texture": "#layer0"},
				"south": {"uv": [2.525, 10.025, 2.975, 10.475], "texture": "#layer0"},
				"west": {"uv": [2.525, 10.025, 2.975, 10.475], "texture": "#layer0"}
			}
		},
		{
			"name": "bow_pulling_2_175",
			"from": [3, 5.5, 7.35],
			"to": [3.5, 6, 8.65],
			"faces": {
				"north": {"uv": [3.025, 10.475, 3.475, 10.025], "rotation": 180, "texture": "#layer0"},
				"south": {"uv": [3.025, 10.025, 3.475, 10.475], "texture": "#layer0"},
				"west": {"uv": [3.025, 10.025, 3.475, 10.475], "texture": "#layer0"}
			}
		},
		{
			"name": "bow_pulling_2_176",
			"from": [3.5, 5.5, 7.35],
			"to": [4, 6, 8.65],
			"faces": {
				"north": {"uv": [3.525, 10.475, 3.975, 10.025], "rotation": 180, "texture": "#layer0"},
				"east": {"uv": [3.525, 10.025, 3.975, 10.475], "texture": "#layer0"},
				"south": {"uv": [3.525, 10.025, 3.975, 10.475], "texture": "#layer0"}
			}
		},
		{
			"name": "bow_pulling_2_177",
			"from": [4, 5.5, 7.55],
			"to": [4.5, 6, 8.45],
			"faces": {
				"north": {"uv": [4.025, 10.475, 4.475, 10.025], "rotation": 180, "texture": "#layer0"},
				"east": {"uv": [4.025, 10.025, 4.475, 10.475], "texture": "#layer0"},
				"south": {"uv": [4.025, 10.025, 4.475, 10.475], "texture": "#layer0"}
			}
		},
		{
			"name": "bow_pulling_2_178",
			"from": [10, 5.5, 7.75],
			"to": [10.5, 6, 8.25],
			"faces": {
				"north": {"uv": [10.025, 10.475, 10.475, 10.025], "rotation": 180, "texture": "#layer0"},
				"south": {"uv": [10.025, 10.025, 10.475, 10.475], "texture": "#layer0"},
				"west": {"uv": [10.025, 10.025, 10.475, 10.475], "texture": "#layer0"},
				"down": {"uv": [10.025, 10.025, 10.475, 10.475], "texture": "#layer0"}
			}
		},
		{
			"name": "bow_pulling_2_179",
			"from": [10.5, 5.5, 7.75],
			"to": [11, 6, 8.25],
			"faces": {
				"north": {"uv": [10.525, 10.475, 10.975, 10.025], "rotation": 180, "texture": "#layer0"},
				"south": {"uv": [10.525, 10.025, 10.975, 10.475], "texture": "#layer0"}
			}
		},
		{
			"name": "bow_pulling_2_180",
			"from": [11, 5.5, 7.75],
			"to": [11.5, 6, 8.25],
			"faces": {
				"north": {"uv": [11.025, 10.475, 11.475, 10.025], "rotation": 180, "texture": "#layer0"},
				"east": {"uv": [11.025, 10.025, 11.475, 10.475], "texture": "#layer0"},
				"south": {"uv": [11.025, 10.025, 11.475, 10.475], "texture": "#layer0"},
				"up": {"uv": [11.475, 10.025, 11.025, 10.475], "rotation": 180, "texture": "#layer0"}
			}
		},
		{
			"name": "bow_pulling_2_181",
			"from": [13.5, 5.5, 7.75],
			"to": [14, 6, 8.25],
			"faces": {
				"north": {"uv": [13.525, 10.475, 13.975, 10.025], "rotation": 180, "texture": "#layer0"},
				"east": {"uv": [13.525, 10.025, 13.975, 10.475], "texture": "#layer0"},
				"south": {"uv": [13.525, 10.025, 13.975, 10.475], "texture": "#layer0"},
				"west": {"uv": [13.525, 10.025, 13.975, 10.475], "texture": "#layer0"},
				"down": {"uv": [13.525, 10.025, 13.975, 10.475], "texture": "#layer0"}
			}
		},
		{
			"name": "bow_pulling_2_182",
			"from": [2.5, 5, 7.55],
			"to": [3, 5.5, 8.45],
			"faces": {
				"north": {"uv": [2.525, 10.975, 2.975, 10.525], "rotation": 180, "texture": "#layer0"},
				"south": {"uv": [2.525, 10.525, 2.975, 10.975], "texture": "#layer0"},
				"west": {"uv": [2.525, 10.525, 2.975, 10.975], "texture": "#layer0"}
			}
		},
		{
			"name": "bow_pulling_2_183",
			"from": [3, 5, 7.35],
			"to": [3.5, 5.5, 8.65],
			"faces": {
				"north": {"uv": [3.025, 10.975, 3.475, 10.525], "rotation": 180, "texture": "#layer0"},
				"south": {"uv": [3.025, 10.525, 3.475, 10.975], "texture": "#layer0"},
				"west": {"uv": [3.025, 10.525, 3.475, 10.975], "texture": "#layer0"}
			}
		},
		{
			"name": "bow_pulling_2_184",
			"from": [3.5, 5, 7.35],
			"to": [4, 5.5, 8.65],
			"faces": {
				"north": {"uv": [3.525, 10.975, 3.975, 10.525], "rotation": 180, "texture": "#layer0"},
				"east": {"uv": [3.525, 10.525, 3.975, 10.975], "texture": "#layer0"},
				"south": {"uv": [3.525, 10.525, 3.975, 10.975], "texture": "#layer0"}
			}
		},
		{
			"name": "bow_pulling_2_185",
			"from": [4, 5, 7.55],
			"to": [4.5, 5.5, 8.45],
			"faces": {
				"north": {"uv": [4.025, 10.975, 4.475, 10.525], "rotation": 180, "texture": "#layer0"},
				"east": {"uv": [4.025, 10.525, 4.475, 10.975], "texture": "#layer0"},
				"south": {"uv": [4.025, 10.525, 4.475, 10.975], "texture": "#layer0"}
			}
		},
		{
			"name": "bow_pulling_2_186",
			"from": [10.5, 5, 7.75],
			"to": [11, 5.5, 8.25],
			"faces": {
				"north": {"uv": [10.525, 10.975, 10.975, 10.525], "rotation": 180, "texture": "#layer0"},
				"south": {"uv": [10.525, 10.525, 10.975, 10.975], "texture": "#layer0"},
				"west": {"uv": [10.525, 10.525, 10.975, 10.975], "texture": "#layer0"},
				"down": {"uv": [10.525, 10.525, 10.975, 10.975], "texture": "#layer0"}
			}
		},
		{
			"name": "bow_pulling_2_187",
			"from": [11, 5, 7.75],
			"to": [11.5, 5.5, 8.25],
			"faces": {
				"north": {"uv": [11.025, 10.975, 11.475, 10.525], "rotation": 180, "texture": "#layer0"},
				"south": {"uv": [11.025, 10.525, 11.475, 10.975], "texture": "#layer0"}
			}
		},
		{
			"name": "bow_pulling_2_188",
			"from": [11.5, 5, 7.75],
			"to": [12, 5.5, 8.25],
			"faces": {
				"north": {"uv": [11.525, 10.975, 11.975, 10.525], "rotation": 180, "texture": "#layer0"},
				"east": {"uv": [11.525, 10.525, 11.975, 10.975], "texture": "#layer0"},
				"south": {"uv": [11.525, 10.525, 11.975, 10.975], "texture": "#layer0"},
				"up": {"uv": [11.975, 10.525, 11.525, 10.975], "rotation": 180, "texture": "#layer0"}
			}
		},
		{
			"name": "bow_pulling_2_189",
			"from": [13, 5, 7.75],
			"to": [13.5, 5.5, 8.25],
			"faces": {
				"north": {"uv": [13.025, 10.975, 13.475, 10.525], "rotation": 180, "texture": "#layer0"},
				"east": {"uv": [13.025, 10.525, 13.475, 10.975], "texture": "#layer0"},
				"south": {"uv": [13.025, 10.525, 13.475, 10.975], "texture": "#layer0"},
				"west": {"uv": [13.025, 10.525, 13.475, 10.975], "texture": "#layer0"},
				"up": {"uv": [13.475, 10.525, 13.025, 10.975], "rotation": 180, "texture": "#layer0"}
			}
		},
		{
			"name": "bow_pulling_2_190",
			"from": [2.5, 4.5, 7.55],
			"to": [3, 5, 8.45],
			"faces": {
				"north": {"uv": [2.525, 11.475, 2.975, 11.025], "rotation": 180, "texture": "#layer0"},
				"south": {"uv": [2.525, 11.025, 2.975, 11.475], "texture": "#layer0"},
				"west": {"uv": [2.525, 11.025, 2.975, 11.475], "texture": "#layer0"}
			}
		},
		{
			"name": "bow_pulling_2_191",
			"from": [3, 4.5, 7.35],
			"to": [3.5, 5, 8.65],
			"faces": {
				"north": {"uv": [3.025, 11.475, 3.475, 11.025], "rotation": 180, "texture": "#layer0"},
				"south": {"uv": [3.025, 11.025, 3.475, 11.475], "texture": "#layer0"},
				"west": {"uv": [3.025, 11.025, 3.475, 11.475], "texture": "#layer0"}
			}
		},
		{
			"name": "bow_pulling_2_192",
			"from": [3.5, 4.5, 7.35],
			"to": [4, 5, 8.65],
			"faces": {
				"north": {"uv": [3.525, 11.475, 3.975, 11.025], "rotation": 180, "texture": "#layer0"},
				"east": {"uv": [3.525, 11.025, 3.975, 11.475], "texture": "#layer0"},
				"south": {"uv": [3.525, 11.025, 3.975, 11.475], "texture": "#layer0"}
			}
		},
		{
			"name": "bow_pulling_2_193",
			"from": [4, 4.5, 7.55],
			"to": [4.5, 5, 8.45],
			"faces": {
				"north": {"uv": [4.025, 11.475, 4.475, 11.025], "rotation": 180, "texture": "#layer0"},
				"east": {"uv": [4.025, 11.025, 4.475, 11.475], "texture": "#layer0"},
				"south": {"uv": [4.025, 11.025, 4.475, 11.475], "texture": "#layer0"}
			}
		},
		{
			"name": "bow_pulling_2_194",
			"from": [11, 4.5, 7.75],
			"to": [11.5, 5, 8.25],
			"faces": {
				"north": {"uv": [11.025, 11.475, 11.475, 11.025], "rotation": 180, "texture": "#layer0"},
				"south": {"uv": [11.025, 11.025, 11.475, 11.475], "texture": "#layer0"},
				"west": {"uv": [11.025, 11.025, 11.475, 11.475], "texture": "#layer0"},
				"down": {"uv": [11.025, 11.025, 11.475, 11.475], "texture": "#layer0"}
			}
		},
		{
			"name": "bow_pulling_2_195",
			"from": [11.5, 4.5, 7.75],
			"to": [12, 5, 8.25],
			"faces": {
				"north": {"uv": [11.525, 11.475, 11.975, 11.025], "rotation": 180, "texture": "#layer0"},
				"south": {"uv": [11.525, 11.025, 11.975, 11.475], "texture": "#layer0"}
			}
		},
		{
			"name": "bow_pulling_2_196",
			"from": [12, 4.5, 7.75],
			"to": [12.5, 5, 8.25],
			"faces": {
				"north": {"uv": [12.025, 11.475, 12.475, 11.025], "rotation": 180, "texture": "#layer0"},
				"east": {"uv": [12.025, 11.025, 12.475, 11.475], "texture": "#layer0"},
				"south": {"uv": [12.025, 11.025, 12.475, 11.475], "texture": "#layer0"},
				"up": {"uv": [12.475, 11.025, 12.025, 11.475], "rotation": 180, "texture": "#layer0"}
			}
		},
		{
			"name": "bow_pulling_2_197",
			"from": [13, 4.5, 7.75],
			"to": [13.5, 5, 8.25],
			"faces": {
				"north": {"uv": [13.025, 11.475, 13.475, 11.025], "rotation": 180, "texture": "#layer0"},
				"east": {"uv": [13.025, 11.025, 13.475, 11.475], "texture": "#layer0"},
				"south": {"uv": [13.025, 11.025, 13.475, 11.475], "texture": "#layer0"},
				"west": {"uv": [13.025, 11.025, 13.475, 11.475], "texture": "#layer0"}
			}
		},
		{
			"name": "bow_pulling_2_198",
			"from": [2.5, 4, 7.55],
			"to": [3, 4.5, 8.45],
			"faces": {
				"north": {"uv": [2.525, 11.975, 2.975, 11.525], "rotation": 180, "texture": "#layer0"},
				"south": {"uv": [2.525, 11.525, 2.975, 11.975], "texture": "#layer0"},
				"west": {"uv": [2.525, 11.525, 2.975, 11.975], "texture": "#layer0"}
			}
		},
		{
			"name": "bow_pulling_2_199",
			"from": [3, 4, 7.35],
			"to": [3.5, 4.5, 8.65],
			"faces": {
				"north": {"uv": [3.025, 11.975, 3.475, 11.525], "rotation": 180, "texture": "#layer0"},
				"south": {"uv": [3.025, 11.525, 3.475, 11.975], "texture": "#layer0"},
				"west": {"uv": [3.025, 11.525, 3.475, 11.975], "texture": "#layer0"}
			}
		},
		{
			"name": "bow_pulling_2_200",
			"from": [3.5, 4, 7.35],
			"to": [4, 4.5, 8.65],
			"faces": {
				"north": {"uv": [3.525, 11.975, 3.975, 11.525], "rotation": 180, "texture": "#layer0"},
				"east": {"uv": [3.525, 11.525, 3.975, 11.975], "texture": "#layer0"},
				"south": {"uv": [3.525, 11.525, 3.975, 11.975], "texture": "#layer0"},
				"down": {"uv": [3.525, 11.525, 3.975, 11.975], "texture": "#layer0"}
			}
		},
		{
			"name": "bow_pulling_2_201",
			"from": [4, 4, 7.55],
			"to": [4.5, 4.5, 8.45],
			"faces": {
				"north": {"uv": [4.025, 11.975, 4.475, 11.525], "rotation": 180, "texture": "#layer0"},
				"east": {"uv": [4.025, 11.525, 4.475, 11.975], "texture": "#layer0"},
				"south": {"uv": [4.025, 11.525, 4.475, 11.975], "texture": "#layer0"},
				"down": {"uv": [4.025, 11.525, 4.475, 11.975], "texture": "#layer0"}
			}
		},
		{
			"name": "bow_pulling_2_202",
			"from": [11.5, 4, 7.75],
			"to": [12, 4.5, 8.25],
			"faces": {
				"north": {"uv": [11.525, 11.975, 11.975, 11.525], "rotation": 180, "texture": "#layer0"},
				"south": {"uv": [11.525, 11.525, 11.975, 11.975], "texture": "#layer0"},
				"west": {"uv": [11.525, 11.525, 11.975, 11.975], "texture": "#layer0"},
				"down": {"uv": [11.525, 11.525, 11.975, 11.975], "texture": "#layer0"}
			}
		},
		{
			"name": "bow_pulling_2_203",
			"from": [12, 4, 7.75],
			"to": [12.5, 4.5, 8.25],
			"faces": {
				"north": {"uv": [12.025, 11.975, 12.475, 11.525], "rotation": 180, "texture": "#layer0"},
				"south": {"uv": [12.025, 11.525, 12.475, 11.975], "texture": "#layer0"}
			}
		},
		{
			"name": "bow_pulling_2_204",
			"from": [12.5, 4, 7.75],
			"to": [13, 4.5, 8.25],
			"faces": {
				"north": {"uv": [12.525, 11.975, 12.975, 11.525], "rotation": 180, "texture": "#layer0"},
				"south": {"uv": [12.525, 11.525, 12.975, 11.975], "texture": "#layer0"},
				"up": {"uv": [12.975, 11.525, 12.525, 11.975], "rotation": 180, "texture": "#layer0"}
			}
		},
		{
			"name": "bow_pulling_2_205",
			"from": [13, 4, 7.75],
			"to": [13.5, 4.5, 8.25],
			"faces": {
				"north": {"uv": [13.025, 11.975, 13.475, 11.525], "rotation": 180, "texture": "#layer0"},
				"east": {"uv": [13.025, 11.525, 13.475, 11.975], "texture": "#layer0"},
				"south": {"uv": [13.025, 11.525, 13.475, 11.975], "texture": "#layer0"}
			}
		},
		{
			"name": "bow_pulling_2_206",
			"from": [2.5, 3.5, 7.55],
			"to": [3, 4, 8.45],
			"faces": {
				"north": {"uv": [2.525, 12.475, 2.975, 12.025], "rotation": 180, "texture": "#layer0"},
				"south": {"uv": [2.525, 12.025, 2.975, 12.475], "texture": "#layer0"},
				"west": {"uv": [2.525, 12.025, 2.975, 12.475], "texture": "#layer0"}
			}
		},
		{
			"name": "bow_pulling_2_207",
			"from": [3, 3.5, 7.35],
			"to": [3.5, 4, 8.65],
			"faces": {
				"north": {"uv": [3.025, 12.475, 3.475, 12.025], "rotation": 180, "texture": "#layer0"},
				"east": {"uv": [3.025, 12.025, 3.475, 12.475], "texture": "#layer0"},
				"south": {"uv": [3.025, 12.025, 3.475, 12.475], "texture": "#layer0"},
				"west": {"uv": [3.025, 12.025, 3.475, 12.475], "texture": "#layer0"}
			}
		},
		{
			"name": "bow_pulling_2_208",
			"from": [3.5, 3.5, 7.55],
			"to": [4, 4, 8.45],
			"faces": {
				"north": {"uv": [3.525, 12.475, 3.975, 12.025], "rotation": 180, "texture": "#layer0"},
				"east": {"uv": [3.525, 12.025, 3.975, 12.475], "texture": "#layer0"},
				"south": {"uv": [3.525, 12.025, 3.975, 12.475], "texture": "#layer0"}
			}
		},
		{
			"name": "bow_pulling_2_209",
			"from": [12, 3.5, 7.75],
			"to": [12.5, 4, 8.25],
			"faces": {
				"north": {"uv": [12.025, 12.475, 12.475, 12.025], "rotation": 180, "texture": "#layer0"},
				"south": {"uv": [12.025, 12.025, 12.475, 12.475], "texture": "#layer0"},
				"west": {"uv": [12.025, 12.025, 12.475, 12.475], "texture": "#layer0"}
			}
		},
		{
			"name": "bow_pulling_2_210",
			"from": [12.5, 3.5, 7.75],
			"to": [13, 4, 8.25],
			"faces": {
				"north": {"uv": [12.525, 12.475, 12.975, 12.025], "rotation": 180, "texture": "#layer0"},
				"south": {"uv": [12.525, 12.025, 12.975, 12.475], "texture": "#layer0"}
			}
		},
		{
			"name": "bow_pulling_2_211",
			"from": [13, 3.5, 7.75],
			"to": [13.5, 4, 8.25],
			"faces": {
				"north": {"uv": [13.025, 12.475, 13.475, 12.025], "rotation": 180, "texture": "#layer0"},
				"east": {"uv": [13.025, 12.025, 13.475, 12.475], "texture": "#layer0"},
				"south": {"uv": [13.025, 12.025, 13.475, 12.475], "texture": "#layer0"},
				"down": {"uv": [13.025, 12.025, 13.475, 12.475], "texture": "#layer0"}
			}
		},
		{
			"name": "bow_pulling_2_212",
			"from": [2.5, 3, 7.55],
			"to": [3, 3.5, 8.45],
			"faces": {
				"north": {"uv": [2.525, 12.975, 2.975, 12.525], "rotation": 180, "texture": "#layer0"},
				"south": {"uv": [2.525, 12.525, 2.975, 12.975], "texture": "#layer0"},
				"west": {"uv": [2.525, 12.525, 2.975, 12.975], "texture": "#layer0"}
			}
		},
		{
			"name": "bow_pulling_2_213",
			"from": [3, 3, 7.35],
			"to": [3.5, 3.5, 8.65],
			"faces": {
				"north": {"uv": [3.025, 12.975, 3.475, 12.525], "rotation": 180, "texture": "#layer0"},
				"east": {"uv": [3.025, 12.525, 3.475, 12.975], "texture": "#layer0"},
				"south": {"uv": [3.025, 12.525, 3.475, 12.975], "texture": "#layer0"},
				"west": {"uv": [3.025, 12.525, 3.475, 12.975], "texture": "#layer0"}
			}
		},
		{
			"name": "bow_pulling_2_214",
			"from": [3.5, 3, 7.55],
			"to": [4, 3.5, 8.45],
			"faces": {
				"north": {"uv": [3.525, 12.975, 3.975, 12.525], "rotation": 180, "texture": "#layer0"},
				"east": {"uv": [3.525, 12.525, 3.975, 12.975], "texture": "#layer0"},
				"south": {"uv": [3.525, 12.525, 3.975, 12.975], "texture": "#layer0"}
			}
		},
		{
			"name": "bow_pulling_2_215",
			"from": [11, 3, 7.75],
			"to": [11.5, 3.5, 8.25],
			"faces": {
				"north": {"uv": [11.025, 12.975, 11.475, 12.525], "rotation": 180, "texture": "#layer0"},
				"south": {"uv": [11.025, 12.525, 11.475, 12.975], "texture": "#layer0"},
				"west": {"uv": [11.025, 12.525, 11.475, 12.975], "texture": "#layer0"},
				"up": {"uv": [11.475, 12.525, 11.025, 12.975], "rotation": 180, "texture": "#layer0"},
				"down": {"uv": [11.025, 12.525, 11.475, 12.975], "texture": "#layer0"}
			}
		},
		{
			"name": "bow_pulling_2_216",
			"from": [11.5, 3, 7.75],
			"to": [12, 3.5, 8.25],
			"faces": {
				"north": {"uv": [11.525, 12.975, 11.975, 12.525], "rotation": 180, "texture": "#layer0"},
				"south": {"uv": [11.525, 12.525, 11.975, 12.975], "texture": "#layer0"},
				"up": {"uv": [11.975, 12.525, 11.525, 12.975], "rotation": 180, "texture": "#layer0"},
				"down": {"uv": [11.525, 12.525, 11.975, 12.975], "texture": "#layer0"}
			}
		},
		{
			"name": "bow_pulling_2_217",
			"from": [12, 3, 7.75],
			"to": [12.5, 3.5, 8.25],
			"faces": {
				"north": {"uv": [12.025, 12.975, 12.475, 12.525], "rotation": 180, "texture": "#layer0"},
				"south": {"uv": [12.025, 12.525, 12.475, 12.975], "texture": "#layer0"},
				"down": {"uv": [12.025, 12.525, 12.475, 12.975], "texture": "#layer0"}
			}
		},
		{
			"name": "bow_pulling_2_218",
			"from": [12.5, 3, 7.75],
			"to": [13, 3.5, 8.25],
			"faces": {
				"north": {"uv": [12.525, 12.975, 12.975, 12.525], "rotation": 180, "texture": "#layer0"},
				"east": {"uv": [12.525, 12.525, 12.975, 12.975], "texture": "#layer0"},
				"south": {"uv": [12.525, 12.525, 12.975, 12.975], "texture": "#layer0"},
				"down": {"uv": [12.525, 12.525, 12.975, 12.975], "texture": "#layer0"}
			}
		},
		{
			"name": "bow_pulling_2_219",
			"from": [2.5, 2.5, 7.55],
			"to": [3, 3, 8.45],
			"faces": {
				"north": {"uv": [2.525, 13.475, 2.975, 13.025], "rotation": 180, "texture": "#layer0"},
				"south": {"uv": [2.525, 13.025, 2.975, 13.475], "texture": "#layer0"},
				"west": {"uv": [2.525, 13.025, 2.975, 13.475], "texture": "#layer0"}
			}
		},
		{
			"name": "bow_pulling_2_220",
			"from": [3, 2.5, 7.35],
			"to": [3.5, 3, 8.65],
			"faces": {
				"north": {"uv": [3.025, 13.475, 3.475, 13.025], "rotation": 180, "texture": "#layer0"},
				"east": {"uv": [3.025, 13.025, 3.475, 13.475], "texture": "#layer0"},
				"south": {"uv": [3.025, 13.025, 3.475, 13.475], "texture": "#layer0"},
				"west": {"uv": [3.025, 13.025, 3.475, 13.475], "texture": "#layer0"}
			}
		},
		{
			"name": "bow_pulling_2_221",
			"from": [3.5, 2.5, 7.55],
			"to": [4, 3, 8.45],
			"faces": {
				"north": {"uv": [3.525, 13.475, 3.975, 13.025], "rotation": 180, "texture": "#layer0"},
				"east": {"uv": [3.525, 13.025, 3.975, 13.475], "texture": "#layer0"},
				"south": {"uv": [3.525, 13.025, 3.975, 13.475], "texture": "#layer0"}
			}
		},
		{
			"name": "bow_pulling_2_222",
			"from": [8.5, 2.5, 7.75],
			"to": [9, 3, 8.25],
			"faces": {
				"north": {"uv": [8.525, 13.475, 8.975, 13.025], "rotation": 180, "texture": "#layer0"},
				"south": {"uv": [8.525, 13.025, 8.975, 13.475], "texture": "#layer0"},
				"west": {"uv": [8.525, 13.025, 8.975, 13.475], "texture": "#layer0"},
				"up": {"uv": [8.975, 13.025, 8.525, 13.475], "rotation": 180, "texture": "#layer0"},
				"down": {"uv": [8.525, 13.025, 8.975, 13.475], "texture": "#layer0"}
			}
		},
		{
			"name": "bow_pulling_2_223",
			"from": [9, 2.5, 7.75],
			"to": [9.5, 3, 8.25],
			"faces": {
				"north": {"uv": [9.025, 13.475, 9.475, 13.025], "rotation": 180, "texture": "#layer0"},
				"south": {"uv": [9.025, 13.025, 9.475, 13.475], "texture": "#layer0"},
				"up": {"uv": [9.475, 13.025, 9.025, 13.475], "rotation": 180, "texture": "#layer0"},
				"down": {"uv": [9.025, 13.025, 9.475, 13.475], "texture": "#layer0"}
			}
		},
		{
			"name": "bow_pulling_2_224",
			"from": [9.5, 2.5, 7.75],
			"to": [10, 3, 8.25],
			"faces": {
				"north": {"uv": [9.525, 13.475, 9.975, 13.025], "rotation": 180, "texture": "#layer0"},
				"south": {"uv": [9.525, 13.025, 9.975, 13.475], "texture": "#layer0"},
				"up": {"uv": [9.975, 13.025, 9.525, 13.475], "rotation": 180, "texture": "#layer0"},
				"down": {"uv": [9.525, 13.025, 9.975, 13.475], "texture": "#layer0"}
			}
		},
		{
			"name": "bow_pulling_2_225",
			"from": [10, 2.5, 7.75],
			"to": [10.5, 3, 8.25],
			"faces": {
				"north": {"uv": [10.025, 13.475, 10.475, 13.025], "rotation": 180, "texture": "#layer0"},
				"south": {"uv": [10.025, 13.025, 10.475, 13.475], "texture": "#layer0"},
				"up": {"uv": [10.475, 13.025, 10.025, 13.475], "rotation": 180, "texture": "#layer0"},
				"down": {"uv": [10.025, 13.025, 10.475, 13.475], "texture": "#layer0"}
			}
		},
		{
			"name": "bow_pulling_2_226",
			"from": [10.5, 2.5, 7.75],
			"to": [11, 3, 8.25],
			"faces": {
				"north": {"uv": [10.525, 13.475, 10.975, 13.025], "rotation": 180, "texture": "#layer0"},
				"east": {"uv": [10.525, 13.025, 10.975, 13.475], "texture": "#layer0"},
				"south": {"uv": [10.525, 13.025, 10.975, 13.475], "texture": "#layer0"},
				"up": {"uv": [10.975, 13.025, 10.525, 13.475], "rotation": 180, "texture": "#layer0"},
				"down": {"uv": [10.525, 13.025, 10.975, 13.475], "texture": "#layer0"}
			}
		},
		{
			"name": "bow_pulling_2_227",
			"from": [2.5, 2, 7.55],
			"to": [3, 2.5, 8.45],
			"faces": {
				"north": {"uv": [2.525, 13.975, 2.975, 13.525], "rotation": 180, "texture": "#layer0"},
				"south": {"uv": [2.525, 13.525, 2.975, 13.975], "texture": "#layer0"},
				"west": {"uv": [2.525, 13.525, 2.975, 13.975], "texture": "#layer0"}
			}
		},
		{
			"name": "bow_pulling_2_228",
			"from": [3, 2, 7.35],
			"to": [3.5, 2.5, 8.65],
			"faces": {
				"north": {"uv": [3.025, 13.975, 3.475, 13.525], "rotation": 180, "texture": "#layer0"},
				"east": {"uv": [3.025, 13.525, 3.475, 13.975], "texture": "#layer0"},
				"south": {"uv": [3.025, 13.525, 3.475, 13.975], "texture": "#layer0"},
				"west": {"uv": [3.025, 13.525, 3.475, 13.975], "texture": "#layer0"}
			}
		},
		{
			"name": "bow_pulling_2_229",
			"from": [3.5, 2, 7.55],
			"to": [4, 2.5, 8.45],
			"faces": {
				"north": {"uv": [3.525, 13.975, 3.975, 13.525], "rotation": 180, "texture": "#layer0"},
				"east": {"uv": [3.525, 13.525, 3.975, 13.975], "texture": "#layer0"},
				"south": {"uv": [3.525, 13.525, 3.975, 13.975], "texture": "#layer0"}
			}
		},
		{
			"name": "bow_pulling_2_230",
			"from": [6.5, 2, 7.75],
			"to": [7, 2.5, 8.25],
			"faces": {
				"north": {"uv": [6.525, 13.975, 6.975, 13.525], "rotation": 180, "texture": "#layer0"},
				"south": {"uv": [6.525, 13.525, 6.975, 13.975], "texture": "#layer0"},
				"west": {"uv": [6.525, 13.525, 6.975, 13.975], "texture": "#layer0"},
				"up": {"uv": [6.975, 13.525, 6.525, 13.975], "rotation": 180, "texture": "#layer0"},
				"down": {"uv": [6.525, 13.525, 6.975, 13.975], "texture": "#layer0"}
			}
		},
		{
			"name": "bow_pulling_2_231",
			"from": [7, 2, 7.75],
			"to": [7.5, 2.5, 8.25],
			"faces": {
				"north": {"uv": [7.025, 13.975, 7.475, 13.525], "rotation": 180, "texture": "#layer0"},
				"south": {"uv": [7.025, 13.525, 7.475, 13.975], "texture": "#layer0"},
				"up": {"uv": [7.475, 13.525, 7.025, 13.975], "rotation": 180, "texture": "#layer0"},
				"down": {"uv": [7.025, 13.525, 7.475, 13.975], "texture": "#layer0"}
			}
		},
		{
			"name": "bow_pulling_2_232",
			"from": [7.5, 2, 7.75],
			"to": [8, 2.5, 8.25],
			"faces": {
				"north": {"uv": [7.525, 13.975, 7.975, 13.525], "rotation": 180, "texture": "#layer0"},
				"south": {"uv": [7.525, 13.525, 7.975, 13.975], "texture": "#layer0"},
				"up": {"uv": [7.975, 13.525, 7.525, 13.975], "rotation": 180, "texture": "#layer0"},
				"down": {"uv": [7.525, 13.525, 7.975, 13.975], "texture": "#layer0"}
			}
		},
		{
			"name": "bow_pulling_2_233",
			"from": [8, 2, 7.75],
			"to": [8.5, 2.5, 8.25],
			"faces": {
				"north": {"uv": [8.025, 13.975, 8.475, 13.525], "rotation": 180, "texture": "#layer0"},
				"east": {"uv": [8.025, 13.525, 8.475, 13.975], "texture": "#layer0"},
				"south": {"uv": [8.025, 13.525, 8.475, 13.975], "texture": "#layer0"},
				"up": {"uv": [8.475, 13.525, 8.025, 13.975], "rotation": 180, "texture": "#layer0"},
				"down": {"uv": [8.025, 13.525, 8.475, 13.975], "texture": "#layer0"}
			}
		},
		{
			"name": "bow_pulling_2_234",
			"from": [2.5, 1.5, 7.55],
			"to": [3, 2, 8.45],
			"faces": {
				"north": {"uv": [2.525, 14.475, 2.975, 14.025], "rotation": 180, "texture": "#layer0"},
				"south": {"uv": [2.525, 14.025, 2.975, 14.475], "texture": "#layer0"},
				"west": {"uv": [2.525, 14.025, 2.975, 14.475], "texture": "#layer0"}
			}
		},
		{
			"name": "bow_pulling_2_235",
			"from": [3, 1.5, 7.35],
			"to": [3.5, 2, 8.65],
			"faces": {
				"north": {"uv": [3.025, 14.475, 3.475, 14.025], "rotation": 180, "texture": "#layer0"},
				"east": {"uv": [3.025, 14.025, 3.475, 14.475], "texture": "#layer0"},
				"south": {"uv": [3.025, 14.025, 3.475, 14.475], "texture": "#layer0"},
				"west": {"uv": [3.025, 14.025, 3.475, 14.475], "texture": "#layer0"}
			}
		},
		{
			"name": "bow_pulling_2_236",
			"from": [3.5, 1.5, 7.55],
			"to": [4, 2, 8.45],
			"faces": {
				"north": {"uv": [3.525, 14.475, 3.975, 14.025], "rotation": 180, "texture": "#layer0"},
				"east": {"uv": [3.525, 14.025, 3.975, 14.475], "texture": "#layer0"},
				"south": {"uv": [3.525, 14.025, 3.975, 14.475], "texture": "#layer0"}
			}
		},
		{
			"name": "bow_pulling_2_237",
			"from": [4.5, 1.5, 7.75],
			"to": [5, 2, 8.25],
			"faces": {
				"north": {"uv": [4.525, 14.475, 4.975, 14.025], "rotation": 180, "texture": "#layer0"},
				"south": {"uv": [4.525, 14.025, 4.975, 14.475], "texture": "#layer0"},
				"west": {"uv": [4.525, 14.025, 4.975, 14.475], "texture": "#layer0"},
				"up": {"uv": [4.975, 14.025, 4.525, 14.475], "rotation": 180, "texture": "#layer0"},
				"down": {"uv": [4.525, 14.025, 4.975, 14.475], "texture": "#layer0"}
			}
		},
		{
			"name": "bow_pulling_2_238",
			"from": [5, 1.5, 7.75],
			"to": [5.5, 2, 8.25],
			"faces": {
				"north": {"uv": [5.025, 14.475, 5.475, 14.025], "rotation": 180, "texture": "#layer0"},
				"south": {"uv": [5.025, 14.025, 5.475, 14.475], "texture": "#layer0"},
				"up": {"uv": [5.475, 14.025, 5.025, 14.475], "rotation": 180, "texture": "#layer0"},
				"down": {"uv": [5.025, 14.025, 5.475, 14.475], "texture": "#layer0"}
			}
		},
		{
			"name": "bow_pulling_2_239",
			"from": [5.5, 1.5, 7.75],
			"to": [6, 2, 8.25],
			"faces": {
				"north": {"uv": [5.525, 14.475, 5.975, 14.025], "rotation": 180, "texture": "#layer0"},
				"south": {"uv": [5.525, 14.025, 5.975, 14.475], "texture": "#layer0"},
				"up": {"uv": [5.975, 14.025, 5.525, 14.475], "rotation": 180, "texture": "#layer0"},
				"down": {"uv": [5.525, 14.025, 5.975, 14.475], "texture": "#layer0"}
			}
		},
		{
			"name": "bow_pulling_2_240",
			"from": [6, 1.5, 7.75],
			"to": [6.5, 2, 8.25],
			"faces": {
				"north": {"uv": [6.025, 14.475, 6.475, 14.025], "rotation": 180, "texture": "#layer0"},
				"east": {"uv": [6.025, 14.025, 6.475, 14.475], "texture": "#layer0"},
				"south": {"uv": [6.025, 14.025, 6.475, 14.475], "texture": "#layer0"},
				"up": {"uv": [6.475, 14.025, 6.025, 14.475], "rotation": 180, "texture": "#layer0"},
				"down": {"uv": [6.025, 14.025, 6.475, 14.475], "texture": "#layer0"}
			}
		},
		{
			"name": "bow_pulling_2_241",
			"from": [2.5, 1, 7.55],
			"to": [3, 1.5, 8.45],
			"faces": {
				"north": {"uv": [2.525, 14.975, 2.975, 14.525], "rotation": 180, "texture": "#layer0"},
				"south": {"uv": [2.525, 14.525, 2.975, 14.975], "texture": "#layer0"},
				"west": {"uv": [2.525, 14.525, 2.975, 14.975], "texture": "#layer0"}
			}
		},
		{
			"name": "bow_pulling_2_242",
			"from": [3, 1, 7.35],
			"to": [3.5, 1.5, 8.65],
			"faces": {
				"north": {"uv": [3.025, 14.975, 3.475, 14.525], "rotation": 180, "texture": "#layer0"},
				"east": {"uv": [3.025, 14.525, 3.475, 14.975], "texture": "#layer0"},
				"south": {"uv": [3.025, 14.525, 3.475, 14.975], "texture": "#layer0"},
				"west": {"uv": [3.025, 14.525, 3.475, 14.975], "texture": "#layer0"},
				"down": {"uv": [3.025, 14.525, 3.475, 14.975], "texture": "#layer0"}
			}
		},
		{
			"name": "bow_pulling_2_243",
			"from": [3.5, 1, 7.55],
			"to": [4, 1.5, 8.45],
			"faces": {
				"north": {"uv": [3.525, 14.975, 3.975, 14.525], "rotation": 180, "texture": "#layer0"},
				"east": {"uv": [3.525, 14.525, 3.975, 14.975], "texture": "#layer0"},
				"south": {"uv": [3.525, 14.525, 3.975, 14.975], "texture": "#layer0"},
				"down": {"uv": [3.525, 14.525, 3.975, 14.975], "texture": "#layer0"}
			}
		},
		{
			"name": "bow_pulling_2_244",
			"from": [4, 1, 7.75],
			"to": [4.5, 1.5, 8.25],
			"faces": {
				"north": {"uv": [4.025, 14.975, 4.475, 14.525], "rotation": 180, "texture": "#layer0"},
				"east": {"uv": [4.025, 14.525, 4.475, 14.975], "texture": "#layer0"},
				"south": {"uv": [4.025, 14.525, 4.475, 14.975], "texture": "#layer0"},
				"up": {"uv": [4.475, 14.525, 4.025, 14.975], "rotation": 180, "texture": "#layer0"},
				"down": {"uv": [4.025, 14.525, 4.475, 14.975], "texture": "#layer0"}
			}
		},
		{
			"name": "bow_pulling_2_245",
			"from": [2.5, 0.5, 7.55],
			"to": [3, 1, 8.45],
			"faces": {
				"north": {"uv": [2.525, 15.475, 2.975, 15.025], "rotation": 180, "texture": "#layer0"},
				"south": {"uv": [2.525, 15.025, 2.975, 15.475], "texture": "#layer0"},
				"west": {"uv": [2.525, 15.025, 2.975, 15.475], "texture": "#layer0"}
			}
		},
		{
			"name": "bow_pulling_2_246",
			"from": [3, 0.5, 7.55],
			"to": [3.5, 1, 8.45],
			"faces": {
				"north": {"uv": [3.025, 15.475, 3.475, 15.025], "rotation": 180, "texture": "#layer0"},
				"east": {"uv": [3.025, 15.025, 3.475, 15.475], "texture": "#layer0"},
				"south": {"uv": [3.025, 15.025, 3.475, 15.475], "texture": "#layer0"},
				"down": {"uv": [3.025, 15.025, 3.475, 15.475], "texture": "#layer0"}
			}
		},
		{
			"name": "bow_pulling_2_247",
			"from": [2.5, 0, 7.55],
			"to": [3, 0.5, 8.45],
			"faces": {
				"north": {"uv": [2.525, 15.975, 2.975, 15.525], "rotation": 180, "texture": "#layer0"},
				"east": {"uv": [2.525, 15.525, 2.975, 15.975], "texture": "#layer0"},
				"south": {"uv": [2.525, 15.525, 2.975, 15.975], "texture": "#layer0"},
				"west": {"uv": [2.525, 15.525, 2.975, 15.975], "texture": "#layer0"},
				"down": {"uv": [2.525, 15.525, 2.975, 15.975], "texture": "#layer0"}
			}
		}
	],
	"groups": [
		{
			"name": "bow_pulling_2",
			"origin": [8, 8, 8],
			"children": [0, 1, 2, 3, 4, 5, 6, 7, 8, 9, 10, 11, 12, 13, 14, 15, 16, 17, 18, 19, 20, 21, 22, 23, 24, 25, 26, 27, 28, 29, 30, 31, 32, 33, 34, 35, 36, 37, 38, 39, 40, 41, 42, 43, 44, 45, 46, 47, 48, 49, 50, 51, 52, 53, 54, 55, 56, 57, 58, 59, 60, 61, 62, 63, 64, 65, 66, 67, 68, 69, 70, 71, 72, 73, 74, 75, 76, 77, 78, 79, 80, 81, 82, 83, 84, 85, 86, 87, 88, 89, 90, 91, 92, 93, 94, 95, 96, 97, 98, 99, 100, 101, 102, 103, 104, 105, 106, 107, 108, 109, 110, 111, 112, 113, 114, 115, 116, 117, 118, 119, 120, 121, 122, 123, 124, 125, 126, 127, 128, 129, 130, 131, 132, 133, 134, 135, 136, 137, 138, 139, 140, 141, 142, 143, 144, 145, 146, 147, 148, 149, 150, 151, 152, 153, 154, 155, 156, 157, 158, 159, 160, 161, 162, 163, 164, 165, 166, 167, 168, 169, 170, 171, 172, 173, 174, 175, 176, 177, 178, 179, 180, 181, 182, 183, 184, 185, 186, 187, 188, 189, 190, 191, 192, 193, 194, 195, 196, 197, 198, 199, 200, 201, 202, 203, 204, 205, 206, 207, 208, 209, 210, 211, 212, 213, 214, 215, 216, 217, 218, 219, 220, 221, 222, 223, 224, 225, 226, 227, 228, 229, 230, 231, 232, 233, 234, 235, 236, 237, 238, 239, 240, 241, 242]
		}
	]
}