{
	"credit": "Made with Blockbench by Juknum",
	"gui_light": "side",
	"display": {
		"thirdperson_righthand": {
			"rotation": [20, -180, 0],
			"translation": [-2.5, -0.5, -1.5],
			"scale": [0.25, 0.25, 0.25]
		},
		"thirdperson_lefthand": {
			"rotation": [20, -180, 0],
			"translation": [-2.5, -0.5, -1.5],
			"scale": [-0.25, 0.25, 0.25]
		},
		"firstperson_righthand": {
			"rotation": [0, 64, 0],
			"translation": [0, -4, 2.25],
			"scale": [-0.5, 0.5, -0.5]
		},
		"firstperson_lefthand": {
			"rotation": [0, 64, 0],
			"translation": [0, -4, 2.25],
			"scale": [0.5, 0.5, -0.5]
		},
		"ground": {
			"scale": [0.2, 0.2, 0.2],
			"translation": [1, 1, 0]
		},
		"gui": {
			"rotation": [ 30, -45, 0 ],
			"translation": [ 2.75, -4, 0],
            "scale":[ 0.45, 0.45, 0.45 ]
		},
		"head": {
            "rotation": [ 0, 90, 0 ],
            "translation": [ 0, 13, 7],
            "scale":[ 1, 1, 1]
        },
		"fixed": {
			"rotation": [0, -90, 0],
			"translation": [0, -4, 3],
			"scale": [0.5, 0.5, 0.5]
		}
	}
}