{
	"credit": "Made with Blockbench by Juknum",
	"parent": "item/doors_display",
	"ambientocclusion": false,
	"textures": {
		"texture": "block/iron_door_bottom",
		"particle": "block/iron_door_special",
		"texture1": "block/iron_door_special",
		"3_texture": "block/iron_door_top"
	},
	"elements": [
		{
			"from": [0, 0, 0],
			"to": [3, 16, 3],
			"faces": {
				"north": {"uv": [0, 6.5, 8, 8], "rotation": 270, "texture": "#texture1", "cullface": "north"},
				"east": {"uv": [3, 0, 0, 16], "texture": "#texture"},
				"south": {"uv": [2.5, 0, 3, 16], "texture": "#texture"},
				"west": {"uv": [0, 0, 3, 16], "texture": "#texture", "cullface": "west"},
				"up": {"uv": [0, 0, 1.5, 1.5], "rotation": 90, "texture": "#texture1", "cullface": "up"},
				"down": {"uv": [0, 13.25, 1.5, 14.75], "rotation": 270, "texture": "#texture1", "cullface": "down"}
			}
		},
		{
			"from": [0, 0, 3],
			"to": [3, 3, 13],
			"faces": {
				"east": {"uv": [13, 13, 3, 16], "texture": "#texture"},
				"west": {"uv": [3, 13, 13, 16], "texture": "#texture", "cullface": "west"},
				"up": {"uv": [3, 13, 13, 13.5], "rotation": 90, "texture": "#texture"},
				"down": {"uv": [1.5, 13.25, 6.5, 14.75], "rotation": 270, "texture": "#texture1", "cullface": "down"}
			}
		},
		{
			"from": [0, 3, 7],
			"to": [3, 16, 9],
			"faces": {
				"north": {"uv": [7, 0, 7.5, 13], "texture": "#texture"},
				"east": {"uv": [9, 0, 7, 13], "texture": "#texture"},
				"south": {"uv": [8.5, 0, 9, 13], "texture": "#texture"},
				"west": {"uv": [7, 0, 9, 13], "texture": "#texture", "cullface": "west"},
				"up": {"uv": [3.5, 0, 4.5, 1.5], "rotation": 270, "texture": "#texture1", "cullface": "up"}
			}
		},
		{
			"from": [0, 6, 3],
			"to": [3, 9, 7],
			"faces": {
				"east": {"uv": [7, 7, 3, 10], "texture": "#texture"},
				"west": {"uv": [3, 7, 7, 10], "texture": "#texture", "cullface": "west"},
				"up": {"uv": [3, 7, 7, 7.5], "rotation": 90, "texture": "#texture"},
				"down": {"uv": [3, 9.5, 7, 10], "rotation": 270, "texture": "#texture"}
			}
		},
		{
			"from": [0, 6, 9],
			"to": [3, 9, 13],
			"faces": {
				"east": {"uv": [13, 7, 9, 10], "texture": "#texture"},
				"west": {"uv": [9, 7, 13, 10], "texture": "#texture", "cullface": "west"},
				"up": {"uv": [9, 7, 13, 7.5], "rotation": 90, "texture": "#texture"},
				"down": {"uv": [9, 9.5, 13, 10], "rotation": 270, "texture": "#texture"}
			}
		},
		{
			"from": [0, 12, 9],
			"to": [3, 15, 13],
			"faces": {
				"east": {"uv": [13, 1, 9, 4], "texture": "#texture"},
				"west": {"uv": [9, 1, 13, 4], "texture": "#texture", "cullface": "west"},
				"up": {"uv": [9, 1, 13, 1.5], "rotation": 90, "texture": "#texture"},
				"down": {"uv": [9, 3.5, 13, 4], "rotation": 270, "texture": "#texture"}
			}
		},
		{
			"from": [0, 12, 3],
			"to": [3, 15, 7],
			"faces": {
				"east": {"uv": [7, 1, 3, 4], "texture": "#texture"},
				"west": {"uv": [3, 1, 7, 4], "texture": "#texture", "cullface": "west"},
				"up": {"uv": [3, 1, 7, 1.5], "rotation": 90, "texture": "#texture"},
				"down": {"uv": [3, 3.5, 7, 4], "rotation": 270, "texture": "#texture"}
			}
		},
		{
			"from": [0.5, 3, 3],
			"to": [2.5, 16, 13],
			"faces": {
				"east": {"uv": [13, 0, 3, 13], "texture": "#texture"},
				"west": {"uv": [3, 0, 13, 13], "texture": "#texture", "cullface": "west"},
				"up": {"uv": [1.5, 0.25, 6.5, 1.25], "rotation": 270, "texture": "#texture1", "cullface": "up"}
			}
		},
		{
			"from": [0, 0, 13],
			"to": [3, 16, 16],
			"faces": {
				"north": {"uv": [13, 0, 13.5, 16], "texture": "#texture"},
				"east": {"uv": [16, 0, 13, 16], "texture": "#texture"},
				"south": {"uv": [0, 3.25, 8, 4.75], "rotation": 270, "texture": "#texture1", "cullface": "south"},
				"west": {"uv": [13, 0, 16, 16], "texture": "#texture", "cullface": "west"},
				"up": {"uv": [0, 0, 1.5, 1.5], "rotation": 270, "texture": "#texture1", "cullface": "up"},
				"down": {"uv": [6.5, 13.25, 8, 14.75], "rotation": 270, "texture": "#texture1", "cullface": "down"}
			}
		},
		{
			"from": [-0.5, 4.5, -0.5],
			"to": [0.5, 5.5, 0.5],
			"faces": {
				"north": {"uv": [0, 10.5, 0.5, 11.5], "texture": "#texture"},
				"east": {"uv": [0, 10.5, 0.5, 11.5], "texture": "#texture"},
				"south": {"uv": [0.5, 10.5, 0, 11.5], "texture": "#texture"},
				"west": {"uv": [0, 10.5, 0.5, 11.5], "texture": "#texture"},
				"up": {"uv": [0, 10.5, 0.5, 11], "texture": "#texture"},
				"down": {"uv": [0, 11, 0.5, 11.5], "texture": "#texture"}
			}
		},
		{
			"from": [2.5, 4.5, -0.5],
			"to": [3.5, 5.5, 0.5],
			"faces": {
				"north": {"uv": [0, 10.5, 0.5, 11.5], "texture": "#texture"},
				"east": {"uv": [0, 10.5, 0.5, 11.5], "texture": "#texture"},
				"south": {"uv": [0.5, 10.5, 0, 11.5], "texture": "#texture"},
				"west": {"uv": [0, 10.5, 0.5, 11.5], "texture": "#texture"},
				"up": {"uv": [0, 10.5, 0.5, 11], "texture": "#texture"},
				"down": {"uv": [0, 11, 0.5, 11.5], "texture": "#texture"}
			}
		},
		{
			"from": [2.5, 15.5, -0.5],
			"to": [3.5, 16.5, 0.5],
			"faces": {
				"north": {"uv": [0, 10.5, 0.5, 11.5], "texture": "#texture"},
				"east": {"uv": [0, 10.5, 0.5, 11.5], "texture": "#texture"},
				"south": {"uv": [0.5, 10.5, 0, 11.5], "texture": "#texture"},
				"west": {"uv": [0, 10.5, 0.5, 11.5], "texture": "#texture"},
				"up": {"uv": [0, 10.5, 0.5, 11], "texture": "#texture"},
				"down": {"uv": [0, 11, 0.5, 11.5], "texture": "#texture"}
			}
		},
		{
			"from": [-0.5, 15.5, -0.5],
			"to": [0.5, 16.5, 0.5],
			"faces": {
				"north": {"uv": [0, 10.5, 0.5, 11.5], "texture": "#texture"},
				"east": {"uv": [0, 10.5, 0.5, 11.5], "texture": "#texture"},
				"south": {"uv": [0.5, 10.5, 0, 11.5], "texture": "#texture"},
				"west": {"uv": [0, 10.5, 0.5, 11.5], "texture": "#texture"},
				"up": {"uv": [0, 10.5, 0.5, 11], "texture": "#texture"},
				"down": {"uv": [0, 11, 0.5, 11.5], "texture": "#texture"}
			}
		},
		{
			"from": [0, 16, 0],
			"to": [3, 32, 3],
			"rotation": {"angle": 0, "axis": "y", "origin": [8, 24, 8]},
			"faces": {
				"north": {"uv": [0, 5, 8, 6.5], "rotation": 270, "texture": "#texture1", "cullface": "north"},
				"east": {"uv": [3, 0, 0, 16], "texture": "#3_texture"},
				"south": {"uv": [8.5, 0, 10, 8], "texture": "#texture1"},
				"west": {"uv": [0, 0, 3, 16], "texture": "#3_texture", "cullface": "west"},
				"up": {"uv": [0, 0, 1.5, 1.5], "rotation": 90, "texture": "#texture1", "cullface": "up"},
				"down": {"uv": [0, 0, 1.5, 1.5], "rotation": 270, "texture": "#texture1", "cullface": "down"}
			}
		},
		{
			"from": [0, 16, 7],
			"to": [3, 29, 9],
			"rotation": {"angle": 0, "axis": "y", "origin": [8, 24, 8]},
			"faces": {
				"north": {"uv": [10.5, 1.5, 12, 8], "texture": "#texture1"},
				"east": {"uv": [9, 3, 7, 16], "texture": "#3_texture"},
				"south": {"uv": [8.5, 1.5, 10, 8], "texture": "#texture1"},
				"west": {"uv": [7, 3, 9, 16], "texture": "#3_texture", "cullface": "west"},
				"down": {"uv": [3.5, 0, 4.5, 1.5], "rotation": 270, "texture": "#texture1", "cullface": "down"}
			}
		},
		{
			"from": [0, 16, 13],
			"to": [3, 32, 16],
			"rotation": {"angle": 0, "axis": "y", "origin": [8, 24, 8]},
			"faces": {
				"north": {"uv": [12.25, 0, 13.75, 8], "texture": "#texture1"},
				"east": {"uv": [16, 0, 13, 16], "texture": "#3_texture"},
				"south": {"uv": [0, 1.75, 8, 3.25], "rotation": 270, "texture": "#texture1", "cullface": "south"},
				"west": {"uv": [13, 0, 16, 16], "texture": "#3_texture", "cullface": "west"},
				"up": {"uv": [6.5, 0, 8, 1.5], "rotation": 90, "texture": "#texture1", "cullface": "up"},
				"down": {"uv": [0, 0, 1.5, 1.5], "rotation": 90, "texture": "#texture1", "cullface": "down"}
			}
		},
		{
			"from": [0, 29, 3],
			"to": [3, 32, 13],
			"rotation": {"angle": 0, "axis": "y", "origin": [8, 24, 8]},
			"faces": {
				"east": {"uv": [13, 0, 3, 3], "texture": "#3_texture"},
				"west": {"uv": [3, 0, 13, 3], "texture": "#3_texture", "cullface": "west"},
				"up": {"uv": [1.5, 0, 6.5, 1.5], "rotation": 90, "texture": "#texture1", "cullface": "up"},
				"down": {"uv": [1.5, 10.25, 6.5, 11.75], "rotation": 90, "texture": "#texture1"}
			}
		},
		{
			"from": [0.5, 16, 3],
			"to": [2.5, 18, 13],
			"rotation": {"angle": 0, "axis": "y", "origin": [8, 24, 8]},
			"faces": {
				"east": {"uv": [6.5, 12, 1.5, 13], "texture": "#texture1"},
				"west": {"uv": [1.5, 12, 6.5, 13], "texture": "#texture1", "cullface": "west"},
				"down": {"uv": [1.5, 0.25, 6.5, 1.25], "rotation": 270, "texture": "#texture1", "cullface": "down"}
			}
		},
		{
			"from": [0, 24, 3],
			"to": [3, 26, 7],
			"rotation": {"angle": 0, "axis": "y", "origin": [8, 24, 8]},
			"faces": {
				"east": {"uv": [7, 6, 3, 8], "texture": "#3_texture"},
				"west": {"uv": [3, 6, 7, 8], "texture": "#3_texture", "cullface": "west"},
				"up": {"uv": [4.5, 8.5, 6.5, 10], "rotation": 90, "texture": "#texture1"},
				"down": {"uv": [1.5, 10.25, 3.5, 11.75], "rotation": 90, "texture": "#texture1"}
			}
		},
		{
			"from": [0, 24, 9],
			"to": [3, 26, 13],
			"rotation": {"angle": 0, "axis": "y", "origin": [8, 24, 8]},
			"faces": {
				"east": {"uv": [13, 6, 9, 8], "texture": "#3_texture"},
				"west": {"uv": [9, 6, 13, 8], "texture": "#3_texture", "cullface": "west"},
				"up": {"uv": [1.5, 8.5, 3.5, 10], "rotation": 90, "texture": "#texture1"},
				"down": {"uv": [4.5, 10.25, 6.5, 11.75], "rotation": 90, "texture": "#texture1"}
			}
		},
		{
			"from": [0, 18, 3],
			"to": [3, 21, 7],
			"rotation": {"angle": 0, "axis": "y", "origin": [8, 24, 8]},
			"faces": {
				"east": {"uv": [7, 11, 3, 14], "texture": "#3_texture"},
				"west": {"uv": [3, 11, 7, 14], "texture": "#3_texture", "cullface": "west"},
				"up": {"uv": [1.5, 8.5, 3.5, 10], "rotation": 90, "texture": "#texture1"},
				"down": {"uv": [3, 13.5, 7, 14], "rotation": 270, "texture": "#3_texture"}
			}
		},
		{
			"from": [0, 18, 9],
			"to": [3, 21, 13],
			"rotation": {"angle": 0, "axis": "y", "origin": [8, 24, 8]},
			"faces": {
				"east": {"uv": [13, 11, 9, 14], "texture": "#3_texture"},
				"west": {"uv": [9, 11, 13, 14], "texture": "#3_texture", "cullface": "west"},
				"up": {"uv": [4.5, 8.5, 6.5, 10], "rotation": 90, "texture": "#texture1"},
				"down": {"uv": [9, 13.5, 12, 14], "rotation": 270, "texture": "#3_texture"}
			}
		},
		{
			"from": [-0.5, 26.5, -0.5],
			"to": [0.5, 27.5, 0.5],
			"rotation": {"angle": 0, "axis": "y", "origin": [8, 24, 8]},
			"faces": {
				"north": {"uv": [0, 4.5, 0.5, 5.5], "texture": "#3_texture"},
				"east": {"uv": [0.5, 4.5, 0, 5.5], "texture": "#3_texture"},
				"south": {"uv": [0.5, 4.5, 0, 5.5], "texture": "#3_texture"},
				"west": {"uv": [0.5, 4.5, 0, 5.5], "texture": "#3_texture"},
				"up": {"uv": [0, 5, 0.5, 4.5], "texture": "#3_texture"},
				"down": {"uv": [0, 5.5, 0.5, 5], "texture": "#3_texture"}
			}
		},
		{
			"from": [2.5, 26.5, -0.5],
			"to": [3.5, 27.5, 0.5],
			"rotation": {"angle": 0, "axis": "y", "origin": [8, 24, 8]},
			"faces": {
				"north": {"uv": [0, 4.5, 0.5, 5.5], "texture": "#3_texture"},
				"east": {"uv": [0.5, 4.5, 0, 5.5], "texture": "#3_texture"},
				"south": {"uv": [0.5, 4.5, 0, 5.5], "texture": "#3_texture"},
				"west": {"uv": [0.5, 4.5, 0, 5.5], "texture": "#3_texture"},
				"up": {"uv": [0, 5, 0.5, 4.5], "texture": "#3_texture"},
				"down": {"uv": [0, 5.5, 0.5, 5], "texture": "#3_texture"}
			}
		},
		{
			"from": [-0.5, 17, 11.5],
			"to": [0, 17.5, 14],
			"rotation": {"angle": 0, "axis": "y", "origin": [8, 24, 8]},
			"faces": {
				"north": {"uv": [11.5, 14.5, 12, 15], "texture": "#3_texture"},
				"east": {"uv": [11.5, 14.5, 14, 15], "rotation": 180, "texture": "#3_texture", "cullface": "west"},
				"south": {"uv": [13, 14.5, 13.5, 15], "texture": "#3_texture", "cullface": "west"},
				"west": {"uv": [11.5, 14.5, 14, 15], "texture": "#3_texture", "cullface": "west"},
				"up": {"uv": [11.5, 14.5, 14, 15], "rotation": 90, "texture": "#3_texture", "cullface": "west"},
				"down": {"uv": [11.5, 14.5, 14, 15], "rotation": 270, "texture": "#3_texture", "cullface": "west"}
			}
		},
		{
			"from": [-0.5, 16.5, 11.5],
			"to": [0, 17, 12],
			"rotation": {"angle": 0, "axis": "y", "origin": [8, 24, 8]},
			"faces": {
				"north": {"uv": [11.5, 15, 12, 15.5], "texture": "#3_texture", "cullface": "west"},
				"east": {"uv": [11.5, 15, 12, 15.5], "texture": "#3_texture", "cullface": "west"},
				"south": {"uv": [11.5, 15, 12, 15.5], "texture": "#3_texture", "cullface": "west"},
				"west": {"uv": [11.5, 15, 12, 15.5], "texture": "#3_texture", "cullface": "west"},
				"down": {"uv": [11.5, 15, 12, 15.5], "texture": "#3_texture", "cullface": "west"}
			}
		},
		{
			"from": [3, 17, 11.5],
			"to": [3.5, 17.5, 14],
			"rotation": {"angle": 0, "axis": "y", "origin": [8, 24, 8]},
			"faces": {
				"north": {"uv": [11.5, 14.5, 12, 15], "texture": "#3_texture"},
				"east": {"uv": [11.5, 14.5, 14, 15], "rotation": 180, "texture": "#3_texture"},
				"south": {"uv": [13, 14.5, 13.5, 15], "texture": "#3_texture"},
				"west": {"uv": [11.5, 14.5, 14, 15], "texture": "#3_texture"},
				"up": {"uv": [11.5, 14.5, 14, 15], "rotation": 90, "texture": "#3_texture"},
				"down": {"uv": [11.5, 14.5, 14, 15], "rotation": 270, "texture": "#3_texture"}
			}
		},
		{
			"from": [3, 16.5, 11.5],
			"to": [3.5, 17, 12],
			"rotation": {"angle": 0, "axis": "y", "origin": [8, 24, 8]},
			"faces": {
				"north": {"uv": [11.5, 15, 12, 15.5], "texture": "#3_texture"},
				"east": {"uv": [11.5, 15, 12, 15.5], "texture": "#3_texture"},
				"south": {"uv": [11.5, 15, 12, 15.5], "texture": "#3_texture"},
				"west": {"uv": [11.5, 15, 12, 15.5], "texture": "#3_texture"},
				"down": {"uv": [11.5, 15, 12, 15.5], "texture": "#3_texture"}
			}
		}
	],
	"groups": [
		{
			"name": "iron_door_bottom",
			"origin": [8, 8, 8],
			"children": [0, 1, 2, 3, 4, 5, 6, 7, 8, 9, 10, 11, 12]
		},
		{
			"name": "iron_door_top",
			"origin": [8, 8, 8],
			"children": [13, 14, 15, 16, 17, 18, 19, 20, 21, 22, 23,
				{
					"name": "group",
					"origin": [8, 8, 8],
					"children": [24, 25]
				},
				{
					"name": "group2",
					"origin": [8, 8, 8],
					"children": [26, 27]
				}
			]
		}
	]
}