{
	"credit": "Made with Blockbench by Juknum",
	"parent": "item/doors_display",
	"ambientocclusion": false,
	"textures": {
		"texture": "block/jungle_door_bottom",
		"texture1": "block/jungle_door_special",
		"particle": "block/jungle_door_top",
		"5_texture": "block/jungle_door_top"
	},
	"elements": [
		{
			"from": [0, 0, 0],
			"to": [3, 16, 16],
			"faces": {
				"north": {"uv": [0, 6.5, 8, 8], "rotation": 270, "texture": "#texture1", "cullface": "north"},
				"east": {"uv": [16, 0, 0, 16], "texture": "#texture"},
				"south": {"uv": [0, 3.25, 8, 4.75], "rotation": 270, "texture": "#texture1", "cullface": "south"},
				"west": {"uv": [0, 0, 16, 16], "texture": "#texture", "cullface": "west"},
				"up": {"uv": [0, 0, 8, 1.5], "rotation": 90, "texture": "#texture1", "cullface": "up"},
				"down": {"uv": [0, 13.25, 8, 14.75], "rotation": 270, "texture": "#texture1", "cullface": "down"}
			}
		},
		{
			"from": [-0.5, 4.5, -0.5],
			"to": [0.5, 5.5, 0.5],
			"faces": {
				"north": {"uv": [0, 10.5, 0.5, 11.5], "texture": "#texture"},
				"east": {"uv": [0, 10.5, 0.5, 11.5], "texture": "#texture"},
				"south": {"uv": [0.5, 10.5, 0, 11.5], "texture": "#texture"},
				"west": {"uv": [0, 10.5, 0.5, 11.5], "texture": "#texture"},
				"up": {"uv": [0, 10.5, 0.5, 11], "texture": "#texture"},
				"down": {"uv": [0, 11, 0.5, 11.5], "texture": "#texture"}
			}
		},
		{
			"from": [2.5, 4.5, -0.5],
			"to": [3.5, 5.5, 0.5],
			"faces": {
				"north": {"uv": [0, 10.5, 0.5, 11.5], "texture": "#texture"},
				"east": {"uv": [0, 10.5, 0.5, 11.5], "texture": "#texture"},
				"south": {"uv": [0.5, 10.5, 0, 11.5], "texture": "#texture"},
				"west": {"uv": [0, 10.5, 0.5, 11.5], "texture": "#texture"},
				"up": {"uv": [0, 10.5, 0.5, 11], "texture": "#texture"},
				"down": {"uv": [0, 11, 0.5, 11.5], "texture": "#texture"}
			}
		},
		{
			"from": [2.5, 15.5, -0.5],
			"to": [3.5, 16.5, 0.5],
			"faces": {
				"north": {"uv": [0, 10.5, 0.5, 11.5], "texture": "#texture"},
				"east": {"uv": [0, 10.5, 0.5, 11.5], "texture": "#texture"},
				"south": {"uv": [0.5, 10.5, 0, 11.5], "texture": "#texture"},
				"west": {"uv": [0, 10.5, 0.5, 11.5], "texture": "#texture"},
				"up": {"uv": [0, 10.5, 0.5, 11], "texture": "#texture"},
				"down": {"uv": [0, 11, 0.5, 11.5], "texture": "#texture"}
			}
		},
		{
			"from": [-0.5, 15.5, -0.5],
			"to": [0.5, 16.5, 0.5],
			"faces": {
				"north": {"uv": [0, 10.5, 0.5, 11.5], "texture": "#texture"},
				"east": {"uv": [0, 10.5, 0.5, 11.5], "texture": "#texture"},
				"south": {"uv": [0.5, 10.5, 0, 11.5], "texture": "#texture"},
				"west": {"uv": [0, 10.5, 0.5, 11.5], "texture": "#texture"},
				"up": {"uv": [0, 10.5, 0.5, 11], "texture": "#texture"},
				"down": {"uv": [0, 11, 0.5, 11.5], "texture": "#texture"}
			}
		},
		{
			"from": [0, 16, 0],
			"to": [3, 32, 4.5],
			"rotation": {"angle": 0, "axis": "y", "origin": [8, 24, 8]},
			"faces": {
				"north": {"uv": [0, 5, 8, 6.5], "rotation": 270, "texture": "#texture1", "cullface": "north"},
				"east": {"uv": [4.5, 0, 0, 16], "texture": "#5_texture"},
				"south": {"uv": [8.5, 8, 10, 16], "texture": "#texture1"},
				"west": {"uv": [0, 0, 4.5, 16], "texture": "#5_texture", "cullface": "west"},
				"up": {"uv": [0, 0, 2.25, 1.5], "rotation": 90, "texture": "#texture1", "cullface": "up"},
				"down": {"uv": [0, 0, 2.25, 1.5], "rotation": 270, "texture": "#texture1", "cullface": "down"}
			}
		},
		{
			"from": [0, 16, 11.5],
			"to": [3, 32, 16],
			"rotation": {"angle": 0, "axis": "y", "origin": [8, 24, 8]},
			"faces": {
				"north": {"uv": [8.5, 0, 10, 8], "texture": "#texture1"},
				"east": {"uv": [16, 0, 11.5, 16], "texture": "#5_texture"},
				"south": {"uv": [0, 1.75, 8, 3.25], "rotation": 270, "texture": "#texture1", "cullface": "south"},
				"west": {"uv": [11.5, 0, 16, 16], "texture": "#5_texture", "cullface": "west"},
				"up": {"uv": [5.75, 0, 8, 1.5], "rotation": 90, "texture": "#texture1", "cullface": "up"},
				"down": {"uv": [5.75, 0, 8, 1.5], "rotation": 270, "texture": "#texture1", "cullface": "down"}
			}
		},
		{
			"from": [0, 22.5, 4.5],
			"to": [3, 25, 6.5],
			"rotation": {"angle": 0, "axis": "y", "origin": [8, 24, 8]},
			"faces": {
				"east": {"uv": [6.5, 7, 4.5, 9.5], "texture": "#5_texture"},
				"south": {"uv": [2.25, 8.5, 3.5, 10], "rotation": 90, "texture": "#texture1"},
				"west": {"uv": [4.5, 7, 6.5, 9.5], "texture": "#5_texture", "cullface": "west"},
				"up": {"uv": [2.25, 10.25, 3.25, 11.75], "rotation": 90, "texture": "#texture1"}
			}
		},
		{
			"from": [0, 22.5, 9.5],
			"to": [3, 25, 11.5],
			"rotation": {"angle": 0, "axis": "y", "origin": [8, 24, 8]},
			"faces": {
				"north": {"uv": [6, 8.5, 4.75, 10], "rotation": 90, "texture": "#texture1"},
				"east": {"uv": [11.5, 7, 9.5, 9.5], "texture": "#5_texture"},
				"west": {"uv": [9.5, 7, 11.5, 9.5], "texture": "#5_texture", "cullface": "west"},
				"up": {"uv": [4.75, 10.25, 5.75, 11.75], "rotation": 90, "texture": "#texture1"}
			}
		},
		{
			"from": [0, 24, 6.5],
			"to": [3, 25, 9.5],
			"rotation": {"angle": 0, "axis": "y", "origin": [8, 24, 8]},
			"faces": {
				"east": {"uv": [9.5, 7, 6.5, 8], "texture": "#5_texture"},
				"west": {"uv": [6.5, 7, 9.5, 8], "texture": "#5_texture", "cullface": "west"},
				"up": {"uv": [3.25, 10.25, 4.75, 11.75], "rotation": 90, "texture": "#texture1"},
				"down": {"uv": [13.75, 10.25, 11.75, 11.75], "rotation": 90, "texture": "#texture1", "cullface": "down"}
			}
		},
		{
			"from": [0, 22.5, 6.5],
			"to": [3, 23, 7],
			"rotation": {"angle": 0, "axis": "y", "origin": [8, 24, 8]},
			"faces": {
				"east": {"uv": [9.5, 9, 9, 9.5], "texture": "#5_texture"},
				"south": {"uv": [3, 8.5, 3.25, 10], "rotation": 90, "texture": "#texture1"},
				"west": {"uv": [6.5, 9, 7, 9.5], "texture": "#5_texture", "cullface": "west"},
				"up": {"uv": [3, 8.5, 3.25, 10], "rotation": 90, "texture": "#texture1"}
			}
		},
		{
			"from": [0, 22.5, 9],
			"to": [3, 23, 9.5],
			"rotation": {"angle": 0, "axis": "y", "origin": [8, 24, 8]},
			"faces": {
				"north": {"uv": [4.25, 8.5, 4.5, 10], "rotation": 270, "texture": "#texture1"},
				"east": {"uv": [9.5, 9, 9, 9.5], "texture": "#5_texture"},
				"west": {"uv": [9, 9, 9.5, 9.5], "texture": "#5_texture", "cullface": "west"},
				"up": {"uv": [4.5, 8.5, 4.75, 10], "rotation": 90, "texture": "#texture1"}
			}
		},
		{
			"from": [0, 16, 4.5],
			"to": [3, 22.5, 11.5],
			"rotation": {"angle": 0, "axis": "y", "origin": [8, 24, 8]},
			"faces": {
				"east": {"uv": [11.5, 9.5, 4.5, 16], "texture": "#5_texture"},
				"west": {"uv": [4.5, 9.5, 11.5, 16], "texture": "#5_texture", "cullface": "west"},
				"up": {"uv": [2.25, 8.5, 5.75, 10], "rotation": 90, "texture": "#texture1"},
				"down": {"uv": [2.25, 0, 5.75, 1.5], "rotation": 270, "texture": "#texture1", "cullface": "down"}
			}
		},
		{
			"from": [-0.5, 26.5, -0.5],
			"to": [0.5, 27.5, 0.5],
			"rotation": {"angle": 0, "axis": "y", "origin": [8, 24, 8]},
			"faces": {
				"north": {"uv": [0, 4.5, 0.5, 5.5], "texture": "#5_texture"},
				"east": {"uv": [0.5, 4.5, 0, 5.5], "texture": "#5_texture"},
				"south": {"uv": [0.5, 4.5, 0, 5.5], "texture": "#5_texture"},
				"west": {"uv": [0.5, 4.5, 0, 5.5], "texture": "#5_texture"},
				"up": {"uv": [0, 5, 0.5, 4.5], "texture": "#5_texture"},
				"down": {"uv": [0, 5.5, 0.5, 5], "texture": "#5_texture"}
			}
		},
		{
			"from": [2.5, 26.5, -0.5],
			"to": [3.5, 27.5, 0.5],
			"rotation": {"angle": 0, "axis": "y", "origin": [8, 24, 8]},
			"faces": {
				"north": {"uv": [0, 4.5, 0.5, 5.5], "texture": "#5_texture"},
				"east": {"uv": [0.5, 4.5, 0, 5.5], "texture": "#5_texture"},
				"south": {"uv": [0.5, 4.5, 0, 5.5], "texture": "#5_texture"},
				"west": {"uv": [0.5, 4.5, 0, 5.5], "texture": "#5_texture"},
				"up": {"uv": [0, 5, 0.5, 4.5], "texture": "#5_texture"},
				"down": {"uv": [0, 5.5, 0.5, 5], "texture": "#5_texture"}
			}
		},
		{
			"name": "jungle_door_top_0",
			"from": [0, 29, 4.5],
			"to": [3, 32, 11.5],
			"rotation": {"angle": 0, "axis": "y", "origin": [8, 24, 8]},
			"faces": {
				"east": {"uv": [4.5, 3, 11.5, 0], "rotation": 180, "texture": "#5_texture"},
				"west": {"uv": [4.5, 0, 11.5, 3], "texture": "#5_texture", "cullface": "west"},
				"up": {"uv": [5.75, 0, 2.25, 1.5], "rotation": 270, "texture": "#texture1", "cullface": "up"},
				"down": {"uv": [8.5, 4, 10, 7.5], "texture": "#texture1"}
			}
		},
		{
			"name": "jungle_door_top_1",
			"from": [0, 28, 4.5],
			"to": [3, 29, 5.5],
			"rotation": {"angle": 0, "axis": "y", "origin": [8, 24, 8]},
			"faces": {
				"east": {"uv": [4.5, 4, 5.5, 3], "rotation": 180, "texture": "#5_texture"},
				"south": {"uv": [8.5, 7.5, 10, 7.75], "texture": "#texture1"},
				"west": {"uv": [4.5, 3, 5.5, 4], "texture": "#5_texture", "cullface": "west"},
				"down": {"uv": [8.5, 7.75, 10, 8], "texture": "#texture1"}
			}
		},
		{
			"name": "jungle_door_top_2",
			"from": [0, 28.5, 5.5],
			"to": [3, 29, 6.5],
			"rotation": {"angle": 0, "axis": "y", "origin": [8, 24, 8]},
			"faces": {
				"east": {"uv": [5.5, 3.5, 6.5, 3], "rotation": 180, "texture": "#5_texture"},
				"south": {"uv": [8.5, 6.5, 10, 6.75], "texture": "#texture1"},
				"west": {"uv": [5.5, 3, 6.5, 3.5], "texture": "#5_texture", "cullface": "west"},
				"down": {"uv": [8.5, 6.75, 10, 7.25], "texture": "#texture1"}
			}
		},
		{
			"name": "jungle_door_top_3",
			"from": [0, 28.5, 9.5],
			"to": [3, 29, 11.5],
			"rotation": {"angle": 0, "axis": "y", "origin": [8, 24, 8]},
			"faces": {
				"north": {"uv": [8.5, 5, 10, 5.25], "texture": "#texture1"},
				"east": {"uv": [9.5, 3.5, 11.5, 3], "rotation": 180, "texture": "#5_texture"},
				"west": {"uv": [9.5, 3, 11.5, 3.5], "texture": "#5_texture", "cullface": "west"},
				"down": {"uv": [8.5, 3.5, 10, 4], "texture": "#texture1"}
			}
		},
		{
			"name": "jungle_door_top_4",
			"from": [1, 25, 6],
			"to": [2, 28.5, 6.5],
			"rotation": {"angle": 0, "axis": "y", "origin": [8, 24, 8]},
			"faces": {
				"north": {"uv": [6, 3.5, 6.5, 7], "texture": "#5_texture"},
				"east": {"uv": [6, 7, 6.5, 3.5], "rotation": 180, "texture": "#5_texture"},
				"south": {"uv": [6, 3.5, 6.5, 7], "texture": "#5_texture"},
				"west": {"uv": [6, 3.5, 6.5, 7], "texture": "#5_texture"}
			}
		},
		{
			"name": "jungle_door_top_5",
			"from": [1, 25, 9.5],
			"to": [2, 28.5, 10],
			"rotation": {"angle": 0, "axis": "y", "origin": [8, 24, 8]},
			"faces": {
				"north": {"uv": [9.5, 3.5, 10, 7], "texture": "#5_texture"},
				"east": {"uv": [9.5, 7, 10, 3.5], "rotation": 180, "texture": "#5_texture"},
				"south": {"uv": [9.5, 3.5, 10, 7], "texture": "#5_texture"},
				"west": {"uv": [9.5, 3.5, 10, 7], "texture": "#5_texture"}
			}
		},
		{
			"name": "jungle_door_top_6",
			"from": [0, 28, 10.5],
			"to": [3, 28.5, 11.5],
			"rotation": {"angle": 0, "axis": "y", "origin": [8, 24, 8]},
			"faces": {
				"north": {"uv": [8.5, 3.75, 10, 4], "texture": "#texture1"},
				"east": {"uv": [10.5, 4, 11.5, 3.5], "rotation": 180, "texture": "#5_texture"},
				"west": {"uv": [10.5, 3.5, 11.5, 4], "texture": "#5_texture", "cullface": "west"},
				"down": {"uv": [8.5, 3.75, 10, 4], "texture": "#texture1"}
			}
		},
		{
			"name": "jungle_door_top_7",
			"from": [0, 27, 4.5],
			"to": [3, 28, 5],
			"rotation": {"angle": 0, "axis": "y", "origin": [8, 24, 8]},
			"faces": {
				"east": {"uv": [4.5, 5, 5, 4], "rotation": 180, "texture": "#5_texture"},
				"south": {"uv": [8.5, 8, 10, 8.5], "texture": "#texture1"},
				"west": {"uv": [4.5, 4, 5, 5], "texture": "#5_texture", "cullface": "west"},
				"down": {"uv": [8.5, 8.5, 10, 8.75], "texture": "#texture1"}
			}
		},
		{
			"name": "jungle_door_top_8",
			"from": [0, 27, 11],
			"to": [3, 28, 11.5],
			"rotation": {"angle": 0, "axis": "y", "origin": [8, 24, 8]},
			"faces": {
				"north": {"uv": [8.5, 3.25, 10, 3.75], "texture": "#texture1"},
				"east": {"uv": [11, 5, 11.5, 4], "rotation": 180, "texture": "#5_texture"},
				"west": {"uv": [11, 4, 11.5, 5], "texture": "#5_texture", "cullface": "west"},
				"down": {"uv": [8.5, 3.25, 10, 3.5], "texture": "#texture1"}
			}
		},
		{
			"from": [-0.5, 16, 11.5],
			"to": [0, 17, 12],
			"rotation": {"angle": 0, "axis": "y", "origin": [8, 24, 8]},
			"faces": {
				"north": {"uv": [11.5, 15, 12, 16], "texture": "#5_texture", "cullface": "west"},
				"south": {"uv": [11.5, 15, 12, 16], "texture": "#5_texture", "cullface": "west"},
				"west": {"uv": [11.5, 15, 12, 16], "texture": "#5_texture", "cullface": "west"},
				"up": {"uv": [11.5, 15, 12, 15.5], "texture": "#5_texture", "cullface": "west"},
				"down": {"uv": [11.5, 15.5, 12, 16], "texture": "#5_texture", "cullface": "west"}
			}
		},
		{
			"from": [3, 16, 11.5],
			"to": [3.5, 17, 12],
			"rotation": {"angle": 0, "axis": "y", "origin": [8, 24, 8]},
			"faces": {
				"north": {"uv": [11.5, 15, 12, 16], "texture": "#5_texture"},
				"east": {"uv": [11.5, 15, 12, 16], "texture": "#5_texture"},
				"south": {"uv": [11.5, 15, 12, 16], "texture": "#5_texture"},
				"up": {"uv": [11.5, 15, 12, 15.5], "texture": "#5_texture"},
				"down": {"uv": [11.5, 15.5, 12, 16], "texture": "#5_texture"}
			}
		},
		{
			"from": [-0.5, 16.5, 12],
			"to": [0, 17.5, 12.5],
			"rotation": {"angle": 0, "axis": "y", "origin": [8, 24, 8]},
			"faces": {
				"north": {"uv": [12, 14.5, 12.5, 15.5], "texture": "#5_texture", "cullface": "west"},
				"south": {"uv": [12, 14.5, 12.5, 15.5], "texture": "#5_texture", "cullface": "west"},
				"west": {"uv": [12, 14.5, 12.5, 15.5], "texture": "#5_texture", "cullface": "west"},
				"up": {"uv": [12, 14.5, 12.5, 15], "texture": "#5_texture", "cullface": "west"},
				"down": {"uv": [12, 15, 12.5, 15.5], "texture": "#5_texture", "cullface": "west"}
			}
		},
		{
			"from": [3, 16.5, 12],
			"to": [3.5, 17.5, 12.5],
			"rotation": {"angle": 0, "axis": "y", "origin": [8, 24, 8]},
			"faces": {
				"north": {"uv": [12, 14.5, 12.5, 15.5], "texture": "#5_texture"},
				"east": {"uv": [12, 14.5, 12.5, 15.5], "texture": "#5_texture"},
				"south": {"uv": [12, 14.5, 12.5, 15.5], "texture": "#5_texture"},
				"up": {"uv": [12, 14.5, 12.5, 15], "texture": "#5_texture"},
				"down": {"uv": [12, 15, 12.5, 15.5], "texture": "#5_texture"}
			}
		},
		{
			"from": [-0.5, 17, 12.5],
			"to": [0, 17.5, 14],
			"rotation": {"angle": 0, "axis": "y", "origin": [8, 24, 8]},
			"faces": {
				"south": {"uv": [13.5, 14.5, 14, 15], "texture": "#5_texture", "cullface": "west"},
				"west": {"uv": [12.5, 14.5, 14, 15], "texture": "#5_texture", "cullface": "west"},
				"up": {"uv": [12.5, 14.5, 14, 15], "rotation": 90, "texture": "#5_texture", "cullface": "west"},
				"down": {"uv": [12.5, 14.5, 14, 15], "rotation": 270, "texture": "#5_texture", "cullface": "west"}
			}
		},
		{
			"from": [3, 17, 12.5],
			"to": [3.5, 17.5, 14],
			"rotation": {"angle": 0, "axis": "y", "origin": [8, 24, 8]},
			"faces": {
				"east": {"uv": [12.5, 14.5, 14, 15], "rotation": 180, "texture": "#5_texture"},
				"south": {"uv": [13.5, 14.5, 14, 15], "texture": "#5_texture"},
				"up": {"uv": [12.5, 14.5, 14, 15], "rotation": 90, "texture": "#5_texture"},
				"down": {"uv": [12.5, 14.5, 14, 15], "rotation": 270, "texture": "#5_texture"}
			}
		}
	],
	"groups": [
		{
			"name": "jungle_door_bottom",
			"origin": [8, 8, 8],
			"children": [0, 1, 2, 3, 4]
		},
		{
			"name": "jungle_door_top",
			"origin": [8, 8, 8],
			"children": [5, 6, 7, 8, 9, 10, 11, 12, 13, 14,
				{
					"name": "jungle_door_top",
					"origin": [8, 8, 8],
					"children": [15, 16, 17, 18, 19, 20, 21, 22, 23]
				},
				{
					"name": "doorknobs",
					"origin": [8, 8, 8],
					"children": [24, 25, 26, 27, 28, 29]
				}
			]
		}
	]
}