{
	"credit": "Made with Blockbench",
	"textures": {
		"shield": "entity/shield_base_nopattern",
		"0": "item/shield_rim",
		"1": "item/shield_handle",
		"pattern": "entity/shield_base",
		"particle": "block/dark_oak_planks"
	},
	"elements": [
		{
			"name": "rim_bottom",
			"from": [3, -3, 7.5],
			"to": [13, -2, 8.5],
			"faces": {
				"north": {"uv": [0.025, 2.025, 9.975, 2.975], "texture": "#0"},
				"south": {"uv": [6.025, 14.025, 15.975, 14.975], "texture": "#0"},
				"up": {"uv": [0.025, 0.025, 9.975, 0.975], "texture": "#0"},
				"down": {"uv": [6.025, 15.025, 15.975, 15.975], "texture": "#0"}
			}
		},
		{
			"name": "rim_top",
			"from": [3, 18, 7.5],
			"to": [13, 19, 8.5],
			"faces": {
				"north": {"uv": [0.025, 1.025, 9.975, 1.975], "texture": "#0"},
				"south": {"uv": [6.025, 13.025, 15.975, 13.975], "texture": "#0"},
				"up": {"uv": [0.025, 0.025, 9.975, 0.975], "texture": "#0"},
				"down": {"uv": [6.025, 15.025, 15.975, 15.975], "texture": "#0"}
			}
		},
		{
			"name": "rim_bottom_right",
			"from": [2, -3, 7.5],
			"to": [3, 8, 8.5],
			"faces": {
				"north": {"uv": [2.025, 3.025, 2.975, 13.975], "texture": "#0"},
				"east": {"uv": [5.025, 3.025, 5.975, 13.975], "texture": "#0"},
				"south": {"uv": [13.025, 2.025, 13.975, 12.975], "texture": "#0"},
				"west": {"uv": [10.025, 2.025, 10.975, 12.975], "texture": "#0"},
				"down": {"uv": [15.025, 1.025, 15.975, 1.975], "texture": "#0"}
			}
		},
		{
			"name": "rim_bottom_left",
			"from": [13, -3, 7.5],
			"to": [14, 8, 8.5],
			"faces": {
				"north": {"uv": [1.025, 3.025, 1.975, 13.975], "texture": "#0"},
				"east": {"uv": [5.025, 3.025, 5.975, 13.975], "texture": "#0"},
				"south": {"uv": [14.025, 2.025, 14.975, 12.975], "texture": "#0"},
				"west": {"uv": [10.025, 2.025, 10.975, 12.975], "texture": "#0"},
				"down": {"uv": [12.025, 1.025, 12.975, 1.975], "texture": "#0"}
			}
		},
		{
			"name": "rim_top_right",
			"from": [2, 8, 7.5],
			"to": [3, 19, 8.5],
			"faces": {
				"north": {"uv": [3.025, 3.025, 3.975, 13.975], "texture": "#0"},
				"east": {"uv": [4.025, 3.025, 4.975, 13.975], "texture": "#0"},
				"south": {"uv": [12.025, 2.025, 12.975, 12.975], "texture": "#0"},
				"west": {"uv": [11.025, 2.025, 11.975, 12.975], "texture": "#0"},
				"up": {"uv": [3.025, 14.025, 3.975, 14.975], "texture": "#0"}
			}
		},
		{
			"name": "rim_top_left",
			"from": [13, 8, 7.5],
			"to": [14, 19, 8.5],
			"faces": {
				"north": {"uv": [0.025, 3.025, 0.975, 13.975], "texture": "#0"},
				"east": {"uv": [4.025, 3.025, 4.975, 13.975], "texture": "#0"},
				"south": {"uv": [15.025, 2.025, 15.975, 12.975], "texture": "#0"},
				"west": {"uv": [11.025, 2.025, 11.975, 12.975], "texture": "#0"},
				"up": {"uv": [0.025, 14.025, 0.975, 14.975], "texture": "#0"}
			}
		},
		{
			"name": "wood",
			"from": [3, -2, 7.75],
			"to": [13, 18, 8.25],
			"faces": {
				"north": {"uv": [0.50156, 0.50156, 2.99844, 5.49844], "texture": "#shield"},
				"south": {"uv": [3.75156, 0.50156, 6.24844, 5.49844], "texture": "#shield"}
			}
		},
		{
			"name": "handle_back",
			"from": [7, 5, 13.25],
			"to": [9, 11, 14.25],
			"faces": {
				"north": {"uv": [14.025, 6.025, 15.975, 11.975], "texture": "#1"},
				"east": {"uv": [8.025, 6.025, 8.975, 11.975], "texture": "#1"},
				"south": {"uv": [6.025, 6.025, 7.975, 11.975], "texture": "#1"},
				"west": {"uv": [5.025, 6.025, 5.975, 11.975], "texture": "#1"},
				"up": {"uv": [6.025, 5.025, 7.975, 5.975], "texture": "#1"},
				"down": {"uv": [8.025, 0.025, 9.975, 0.975], "texture": "#1"}
			}
		},
		{
			"name": "handle_front",
			"from": [7, 5, 8.25],
			"to": [9, 11, 9.25],
			"faces": {
				"east": {"uv": [13.025, 6.025, 13.975, 11.975], "texture": "#1"},
				"south": {"uv": [6.025, 6.025, 7.975, 11.975], "texture": "#1"},
				"west": {"uv": [0.025, 6.025, 0.975, 11.975], "texture": "#1"},
				"up": {"uv": [6.025, 0.025, 7.975, 0.975], "texture": "#1"},
				"down": {"uv": [8, 5, 9.95, 5.95], "texture": "#1"}
			}
		},
		{
			"name": "handle_bottom",
			"from": [7, 5, 9.25],
			"to": [9, 6, 13.25],
			"faces": {
				"east": {"uv": [9.025, 11.025, 12.975, 11.975], "texture": "#1"},
				"west": {"uv": [1.025, 11.025, 4.975, 11.975], "texture": "#1"},
				"up": {"uv": [6.025, 1.025, 7.975, 4.975], "texture": "#1"},
				"down": {"uv": [8.025, 1.025, 9.975, 4.975], "texture": "#1"}
			}
		},
		{
			"name": "handle_top",
			"from": [7, 10, 9.25],
			"to": [9, 11, 13.25],
			"faces": {
				"east": {"uv": [9.025, 6.025, 12.975, 6.975], "texture": "#1"},
				"west": {"uv": [1.025, 6.025, 4.975, 6.975], "texture": "#1"},
				"up": {"uv": [6.025, 1.025, 7.975, 4.975], "texture": "#1"},
				"down": {"uv": [8.025, 1.025, 9.975, 4.975], "texture": "#1"}
			}
		},
		{
			"name": "middle",
			"from": [10.5, 15, 7.5],
			"to": [12.5, 16, 7.75],
			"faces": {
				"north": {"uv": [0.625, 1, 1.125, 1.25], "texture": "#shield"},
				"east": {"uv": [0.625, 1, 0.75, 1.25], "texture": "#shield"},
				"west": {"uv": [1, 1, 1.125, 1.25], "texture": "#shield"},
				"up": {"uv": [0.625, 1, 1.125, 1.125], "texture": "#shield"},
				"down": {"uv": [0.625, 1.125, 1.125, 1.25], "texture": "#shield"}
			}
		},
		{
			"name": "top",
			"from": [11, 16, 7.5],
			"to": [12, 16.5, 7.75],
			"faces": {
				"north": {"uv": [0.75, 0.875, 1, 1], "texture": "#shield"},
				"east": {"uv": [0.75, 0.875, 0.875, 1], "texture": "#shield"},
				"west": {"uv": [0.875, 0.875, 1, 1], "texture": "#shield"},
				"up": {"uv": [0.75, 0.875, 1, 1], "texture": "#shield"}
			}
		},
		{
			"name": "bottom",
			"from": [11, 14.5, 7.5],
			"to": [12, 15, 7.75],
			"faces": {
				"north": {"uv": [0.75, 1.25, 1, 1.375], "texture": "#shield"},
				"east": {"uv": [0.75, 1.25, 0.875, 1.375], "texture": "#shield"},
				"west": {"uv": [0.875, 1.25, 1, 1.375], "texture": "#shield"},
				"down": {"uv": [0.75, 1.25, 1, 1.375], "texture": "#shield"}
			}
		},
		{
			"name": "middle",
			"from": [3.5, 15, 7.5],
			"to": [5.5, 16, 7.75],
			"faces": {
				"north": {"uv": [2.375, 1, 2.875, 1.25], "texture": "#shield"},
				"east": {"uv": [2.375, 1, 2.5, 1.25], "texture": "#shield"},
				"west": {"uv": [2.75, 1, 2.875, 1.25], "texture": "#shield"},
				"up": {"uv": [2.375, 1, 2.875, 1.125], "texture": "#shield"},
				"down": {"uv": [2.375, 1.125, 2.875, 1.25], "texture": "#shield"}
			}
		},
		{
			"name": "top",
			"from": [4, 16, 7.5],
			"to": [5, 16.5, 7.75],
			"faces": {
				"north": {"uv": [2.5, 0.875, 2.75, 1], "texture": "#shield"},
				"east": {"uv": [2.5, 0.875, 2.625, 1], "texture": "#shield"},
				"west": {"uv": [2.625, 0.875, 2.75, 1], "texture": "#shield"},
				"up": {"uv": [2.5, 0.875, 2.75, 1], "texture": "#shield"}
			}
		},
		{
			"name": "bottom",
			"from": [4, 14.5, 7.5],
			"to": [5, 15, 7.75],
			"faces": {
				"north": {"uv": [2.5, 1.25, 2.75, 1.375], "texture": "#shield"},
				"east": {"uv": [2.5, 1.25, 2.625, 1.375], "texture": "#shield"},
				"west": {"uv": [2.625, 1.25, 2.75, 1.375], "texture": "#shield"},
				"down": {"uv": [2.5, 1.25, 2.75, 1.375], "texture": "#shield"}
			}
		},
		{
			"name": "middle",
			"from": [10.5, 10, 7.5],
			"to": [12.5, 11, 7.75],
			"faces": {
				"north": {"uv": [0.625, 2.25, 1.125, 2.5], "texture": "#shield"},
				"east": {"uv": [0.625, 2.25, 0.75, 2.5], "texture": "#shield"},
				"west": {"uv": [1, 2.25, 1.125, 2.5], "texture": "#shield"},
				"up": {"uv": [0.625, 2.25, 1.125, 2.375], "texture": "#shield"},
				"down": {"uv": [0.625, 2.375, 1.125, 2.5], "texture": "#shield"}
			}
		},
		{
			"name": "top",
			"from": [11, 11, 7.5],
			"to": [12, 11.5, 7.75],
			"faces": {
				"north": {"uv": [0.75, 2.125, 1, 2.25], "texture": "#shield"},
				"east": {"uv": [0.75, 2.125, 0.875, 2.25], "texture": "#shield"},
				"west": {"uv": [0.875, 2.125, 1, 2.25], "texture": "#shield"},
				"up": {"uv": [0.75, 2.125, 1, 2.25], "texture": "#shield"}
			}
		},
		{
			"name": "bottom",
			"from": [11, 9.5, 7.5],
			"to": [12, 10, 7.75],
			"faces": {
				"north": {"uv": [0.75, 2.5, 1, 2.625], "texture": "#shield"},
				"east": {"uv": [0.75, 2.5, 0.875, 2.625], "texture": "#shield"},
				"west": {"uv": [0.875, 2.5, 1, 2.625], "texture": "#shield"},
				"down": {"uv": [0.75, 2.5, 1, 2.625], "texture": "#shield"}
			}
		},
		{
			"name": "middle",
			"from": [3.5, 10, 7.5],
			"to": [5.5, 11, 7.75],
			"faces": {
				"north": {"uv": [2.375, 2.25, 2.875, 2.5], "texture": "#shield"},
				"east": {"uv": [2.375, 2.25, 2.5, 2.5], "texture": "#shield"},
				"west": {"uv": [2.75, 2.25, 2.875, 2.5], "texture": "#shield"},
				"up": {"uv": [2.375, 2.25, 2.875, 2.375], "texture": "#shield"},
				"down": {"uv": [2.375, 2.375, 2.875, 2.5], "texture": "#shield"}
			}
		},
		{
			"name": "top",
			"from": [4, 11, 7.5],
			"to": [5, 11.5, 7.75],
			"faces": {
				"north": {"uv": [2.5, 2.125, 2.75, 2.25], "texture": "#shield"},
				"east": {"uv": [2.5, 2.125, 2.625, 2.25], "texture": "#shield"},
				"west": {"uv": [2.625, 2.125, 2.75, 2.25], "texture": "#shield"},
				"up": {"uv": [2.5, 2.125, 2.75, 2.25], "texture": "#shield"}
			}
		},
		{
			"name": "bottom",
			"from": [4, 9.5, 7.5],
			"to": [5, 10, 7.75],
			"faces": {
				"north": {"uv": [2.5, 2.5, 2.75, 2.625], "texture": "#shield"},
				"east": {"uv": [2.5, 2.5, 2.625, 2.625], "texture": "#shield"},
				"west": {"uv": [2.625, 2.5, 2.75, 2.625], "texture": "#shield"},
				"down": {"uv": [2.5, 2.5, 2.75, 2.625], "texture": "#shield"}
			}
		},
		{
			"name": "middle",
			"from": [10.5, 5, 7.5],
			"to": [12.5, 6, 7.75],
			"faces": {
				"north": {"uv": [0.625, 3.5, 1.125, 3.75], "texture": "#shield"},
				"east": {"uv": [0.625, 3.5, 0.75, 3.75], "texture": "#shield"},
				"west": {"uv": [1, 3.5, 1.125, 3.75], "texture": "#shield"},
				"up": {"uv": [0.625, 3.5, 1.125, 3.625], "texture": "#shield"},
				"down": {"uv": [0.625, 3.625, 1.125, 3.75], "texture": "#shield"}
			}
		},
		{
			"name": "top",
			"from": [11, 6, 7.5],
			"to": [12, 6.5, 7.75],
			"faces": {
				"north": {"uv": [0.75, 3.375, 1, 3.5], "texture": "#shield"},
				"east": {"uv": [0.75, 3.375, 0.875, 3.5], "texture": "#shield"},
				"west": {"uv": [0.875, 3.375, 1, 3.5], "texture": "#shield"},
				"up": {"uv": [0.75, 3.375, 1, 3.5], "texture": "#shield"}
			}
		},
		{
			"name": "bottom",
			"from": [11, 4.5, 7.5],
			"to": [12, 5, 7.75],
			"faces": {
				"north": {"uv": [0.75, 3.75, 1, 3.875], "texture": "#shield"},
				"east": {"uv": [0.75, 3.75, 0.875, 3.875], "texture": "#shield"},
				"west": {"uv": [0.875, 3.75, 1, 3.875], "texture": "#shield"},
				"down": {"uv": [0.75, 3.75, 1, 3.875], "texture": "#shield"}
			}
		},
		{
			"name": "middle",
			"from": [3.5, 5, 7.5],
			"to": [5.5, 6, 7.75],
			"faces": {
				"north": {"uv": [2.375, 3.5, 2.875, 3.75], "texture": "#shield"},
				"east": {"uv": [2.375, 3.5, 2.5, 3.75], "texture": "#shield"},
				"west": {"uv": [2.75, 3.5, 2.875, 3.75], "texture": "#shield"},
				"up": {"uv": [2.375, 3.5, 2.875, 3.625], "texture": "#shield"},
				"down": {"uv": [2.375, 3.625, 2.875, 3.75], "texture": "#shield"}
			}
		},
		{
			"name": "top",
			"from": [4, 6, 7.5],
			"to": [5, 6.5, 7.75],
			"faces": {
				"north": {"uv": [2.5, 3.375, 2.75, 3.5], "texture": "#shield"},
				"east": {"uv": [2.5, 3.375, 2.625, 3.5], "texture": "#shield"},
				"west": {"uv": [2.625, 3.375, 2.75, 3.5], "texture": "#shield"},
				"up": {"uv": [2.5, 3.375, 2.75, 3.5], "texture": "#shield"}
			}
		},
		{
			"name": "bottom",
			"from": [4, 4.5, 7.5],
			"to": [5, 5, 7.75],
			"faces": {
				"north": {"uv": [2.5, 3.75, 2.75, 3.875], "texture": "#shield"},
				"east": {"uv": [2.5, 3.75, 2.625, 3.875], "texture": "#shield"},
				"west": {"uv": [2.625, 3.75, 2.75, 3.875], "texture": "#shield"},
				"down": {"uv": [2.5, 3.75, 2.75, 3.875], "texture": "#shield"}
			}
		},
		{
			"name": "middle",
			"from": [10.5, 0, 7.5],
			"to": [12.5, 1, 7.75],
			"faces": {
				"north": {"uv": [0.625, 4.75, 1.125, 5], "texture": "#shield"},
				"east": {"uv": [0.625, 4.75, 0.75, 5], "texture": "#shield"},
				"west": {"uv": [1, 4.75, 1.125, 5], "texture": "#shield"},
				"up": {"uv": [0.625, 4.75, 1.125, 4.875], "texture": "#shield"},
				"down": {"uv": [0.625, 4.875, 1.125, 5], "texture": "#shield"}
			}
		},
		{
			"name": "top",
			"from": [11, 1, 7.5],
			"to": [12, 1.5, 7.75],
			"faces": {
				"north": {"uv": [0.75, 4.625, 1, 4.75], "texture": "#shield"},
				"east": {"uv": [0.75, 4.625, 0.875, 4.75], "texture": "#shield"},
				"west": {"uv": [0.875, 4.625, 1, 4.75], "texture": "#shield"},
				"up": {"uv": [0.75, 4.625, 1, 4.75], "texture": "#shield"}
			}
		},
		{
			"name": "bottom",
			"from": [11, -0.5, 7.5],
			"to": [12, 0, 7.75],
			"faces": {
				"north": {"uv": [0.75, 5, 1, 5.125], "texture": "#shield"},
				"east": {"uv": [0.75, 5, 0.875, 5.125], "texture": "#shield"},
				"west": {"uv": [0.875, 5, 1, 5.125], "texture": "#shield"},
				"down": {"uv": [0.75, 5, 1, 5.125], "texture": "#shield"}
			}
		},
		{
			"name": "middle",
			"from": [3.5, 0, 7.5],
			"to": [5.5, 1, 7.75],
			"faces": {
				"north": {"uv": [2.375, 4.75, 2.875, 5], "texture": "#shield"},
				"east": {"uv": [2.375, 4.75, 2.5, 5], "texture": "#shield"},
				"west": {"uv": [2.75, 4.75, 2.875, 5], "texture": "#shield"},
				"up": {"uv": [2.375, 4.75, 2.875, 4.875], "texture": "#shield"},
				"down": {"uv": [2.375, 4.875, 2.875, 5], "texture": "#shield"}
			}
		},
		{
			"name": "top",
			"from": [4, 1, 7.5],
			"to": [5, 1.5, 7.75],
			"faces": {
				"north": {"uv": [2.5, 4.625, 2.75, 4.75], "texture": "#shield"},
				"east": {"uv": [2.5, 4.625, 2.625, 4.75], "texture": "#shield"},
				"west": {"uv": [2.625, 4.625, 2.75, 4.75], "texture": "#shield"},
				"up": {"uv": [2.5, 4.625, 2.75, 4.75], "texture": "#shield"}
			}
		},
		{
			"name": "bottom",
			"from": [4, -0.5, 7.5],
			"to": [5, 0, 7.75],
			"faces": {
				"north": {"uv": [2.5, 5, 2.75, 5.125], "texture": "#shield"},
				"east": {"uv": [2.5, 5, 2.625, 5.125], "texture": "#shield"},
				"west": {"uv": [2.625, 5, 2.75, 5.125], "texture": "#shield"},
				"down": {"uv": [2.5, 5, 2.75, 5.125], "texture": "#shield"}
			}
		}
	],
	"display": {
		"thirdperson_righthand": {
			"rotation": [45, -45, 0],
			"translation": [2, -0.5, -0.5]
		},
		"thirdperson_lefthand": {
			"rotation": [45, -45, 0],
			"translation": [2, -0.5, -0.5]
		},
		"firstperson_righthand": {
			"rotation": [0, 0, 5],
			"translation": [0.25, -6.25, -2],
			"scale": [1.25, 1.25, 1.25]
		},
		"firstperson_lefthand": {
			"rotation": [0, 0, 5],
			"translation": [0.25, -6.25, -2],
			"scale": [1.25, 1.25, 1.25]
		},
		"ground": {
			"translation": [0, 3, 0],
			"scale": [0.25, 0.25, 0.25]
		},
		"gui": {
			"rotation": [5, 145, 5],
			"scale": [0.65, 0.65, 0.65]
		},
		"head": {
			"translation": [0, 12, 3],
			"scale": [0.5, 0.5, 0.5]
		},
		"fixed": {
			"scale": [0.5, 0.5, 0.5]
		}
	},
	"groups": [0, 1, 2, 3, 4, 5, 6, 7, 8, 9, 10,
		{
			"name": "bolt_1",
			"origin": [8, 8, 8],
			"children": [11, 12, 13]
		},
		{
			"name": "bolt_2",
			"origin": [8, 8, 8],
			"children": [14, 15, 16]
		},
		{
			"name": "bolt_3",
			"origin": [8, 8, 8],
			"children": [17, 18, 19]
		},
		{
			"name": "bolt_4",
			"origin": [8, 8, 8],
			"children": [20, 21, 22]
		},
		{
			"name": "bolt_5",
			"origin": [8, 8, 8],
			"children": [23, 24, 25]
		},
		{
			"name": "bolt_6",
			"origin": [8, 8, 8],
			"children": [26, 27, 28]
		},
		{
			"name": "bolt_7",
			"origin": [8, 8, 8],
			"children": [29, 30, 31]
		},
		{
			"name": "bolt_8",
			"origin": [8, 8, 8],
			"children": [32, 33, 34]
		}
	]
}
