{
	"credit": "Made with Blockbench",
	"parent": "block/block",
	"textures": {
		"4": "block/stonecutter_top_alternative",
		"bottom": "block/stonecutter_bottom",
		"particle": "block/stonecutter_bottom",
		"top": "block/stonecutter_top",
		"side": "block/stonecutter_side",
		"saw": "block/stonecutter_saw"
	},
	"elements": [
		{
			"name": "base",
			"from": [0, 5, 0],
			"to": [16, 7, 7.5],
			"faces": {
				"north": {"uv": [0, 9, 16, 11], "texture": "#side"},
				"east": {"uv": [8.5, 9, 16, 11], "texture": "#side"},
				"south": {"uv": [0, 2, 16, 9], "texture": "#bottom"},
				"west": {"uv": [0, 9, 7.5, 11], "texture": "#side"},
				"up": {"uv": [0, 0, 16, 7.5], "texture": "#4"},
				"down": {"uv": [0, 8.5, 16, 16], "texture": "#4", "cullface": "south"}
			}
		},
		{
			"name": "top post",
			"from": [0, 7, 0],
			"to": [3, 9, 3],
			"faces": {
				"north": {"uv": [13, 7, 16, 9], "texture": "#side"},
				"east": {"uv": [0, 1, 3, 3], "texture": "#top"},
				"south": {"uv": [13, 1, 16, 3], "texture": "#top"},
				"west": {"uv": [0, 7, 3, 9], "texture": "#side"},
				"up": {"uv": [13, 13, 16, 16], "texture": "#top"}
			}
		},
		{
			"name": "bottom post",
			"from": [0, 0, 0],
			"to": [3, 5, 3],
			"faces": {
				"north": {"uv": [13, 11, 16, 16], "texture": "#side"},
				"east": {"uv": [13, 11, 16, 16], "texture": "#side"},
				"south": {"uv": [0, 11, 3, 16], "texture": "#side"},
				"west": {"uv": [0, 11, 3, 16], "texture": "#side"},
				"down": {"uv": [13, 0, 16, 3], "texture": "#top"}
			}
		},
		{
			"name": "bottom post",
			"from": [0, 0, 13],
			"to": [3, 5, 16],
			"faces": {
				"north": {"uv": [13, 11, 16, 16], "texture": "#side"},
				"east": {"uv": [0, 11, 3, 16], "texture": "#side"},
				"south": {"uv": [0, 11, 3, 16], "texture": "#side"},
				"west": {"uv": [13, 11, 16, 16], "texture": "#side"},
				"down": {"uv": [13, 13, 16, 16], "texture": "#top"}
			}
		},
		{
			"name": "bottom post",
			"from": [13, 0, 13],
			"to": [16, 5, 16],
			"faces": {
				"north": {"uv": [0, 11, 3, 16], "texture": "#side"},
				"east": {"uv": [0, 11, 3, 16], "texture": "#side"},
				"south": {"uv": [13, 11, 16, 16], "texture": "#side"},
				"west": {"uv": [13, 11, 16, 16], "texture": "#side"},
				"down": {"uv": [0, 13, 3, 16], "texture": "#top"}
			}
		},
		{
			"name": "bottom post",
			"from": [13, 0, 0],
			"to": [16, 5, 3],
			"faces": {
				"north": {"uv": [0, 11, 3, 16], "texture": "#side"},
				"east": {"uv": [13, 11, 16, 16], "texture": "#side"},
				"south": {"uv": [13, 11, 16, 16], "texture": "#side"},
				"west": {"uv": [0, 11, 3, 16], "texture": "#side"},
				"down": {"uv": [0, 0, 3, 3], "texture": "#top"}
			}
		},
		{
			"name": "top post",
			"from": [0, 7, 13],
			"to": [3, 9, 16],
			"faces": {
				"north": {"uv": [0, 1, 3, 3], "texture": "#top"},
				"east": {"uv": [13, 1, 16, 3], "texture": "#top"},
				"south": {"uv": [0, 7, 3, 9], "texture": "#side"},
				"west": {"uv": [13, 7, 16, 9], "texture": "#side"},
				"up": {"uv": [13, 0, 16, 3], "texture": "#top"}
			}
		},
		{
			"name": "top post",
			"from": [13, 7, 13],
			"to": [16, 9, 16],
			"faces": {
				"north": {"uv": [13, 1, 16, 3], "texture": "#top"},
				"east": {"uv": [0, 7, 3, 9], "texture": "#side"},
				"south": {"uv": [13, 7, 16, 9], "texture": "#side"},
				"west": {"uv": [0, 1, 3, 3], "texture": "#top"},
				"up": {"uv": [0, 0, 3, 3], "texture": "#top"}
			}
		},
		{
			"name": "top_stone",
			"from": [0.5, 7, 8.5],
			"to": [15.5, 8.5, 15.5],
			"faces": {
				"north": {"uv": [0.5, 0, 15.5, 1.5], "texture": "#bottom"},
				"east": {"uv": [0.5, 7, 7.5, 8.5], "texture": "#side"},
				"south": {"uv": [0.5, 7, 15.5, 8.5], "texture": "#side"},
				"west": {"uv": [8.5, 7, 15.5, 8.5], "texture": "#side"},
				"up": {"uv": [0.5, 8.5, 15.5, 15.5], "texture": "#top"}
			}
		},
		{
			"name": "top_stone",
			"from": [0.5, 7, 0.5],
			"to": [15.5, 8.5, 7.5],
			"faces": {
				"north": {"uv": [0.5, 7, 15.5, 8.5], "texture": "#side"},
				"east": {"uv": [8.5, 7, 15.5, 8.5], "texture": "#side"},
				"south": {"uv": [0.5, 0, 15.5, 1.5], "texture": "#bottom"},
				"west": {"uv": [0.5, 7, 7.5, 8.5], "texture": "#side"},
				"up": {"uv": [0.5, 0.5, 15.5, 7.5], "texture": "#top"}
			}
		},
		{
			"name": "top post",
			"from": [13, 7, 0],
			"to": [16, 9, 3],
			"faces": {
				"north": {"uv": [0, 7, 3, 9], "texture": "#side"},
				"east": {"uv": [13, 7, 16, 9], "texture": "#side"},
				"south": {"uv": [0, 1, 3, 3], "texture": "#top"},
				"west": {"uv": [13, 1, 16, 3], "texture": "#top"},
				"up": {"uv": [0, 13, 3, 16], "texture": "#top"}
			}
		},
		{
			"name": "east bottom stone",
			"from": [14.5, 0, 3],
			"to": [15.5, 5, 13],
			"faces": {
				"east": {"uv": [3, 11, 13, 16], "texture": "#side"},
				"west": {"uv": [3, 11, 13, 16], "texture": "#side"},
				"up": {"uv": [0.5, 7.5, 1.5, 8.5], "texture": "#bottom"},
				"down": {"uv": [14.5, 3, 15.5, 13], "texture": "#bottom", "cullface": "south"}
			}
		},
		{
			"name": "west bottom stone",
			"from": [0.5, 0, 3],
			"to": [1.5, 5, 13],
			"faces": {
				"east": {"uv": [3, 11, 13, 16], "texture": "#side"},
				"west": {"uv": [3, 11, 13, 16], "texture": "#side"},
				"up": {"uv": [14.5, 7.5, 15.5, 8.5], "texture": "#bottom"},
				"down": {"uv": [0.5, 3, 1.5, 13], "texture": "#bottom", "cullface": "south"}
			}
		},
		{
			"name": "south bottom stone",
			"from": [1.5, 0.001, 8.5],
			"to": [14.5, 5.001, 15.5],
			"faces": {
				"north": {"uv": [1.5, 11, 14.5, 16], "texture": "#bottom"},
				"south": {"uv": [1.5, 11, 14.5, 16], "texture": "#side"},
				"down": {"uv": [1.5, 0.5, 14.5, 7.5], "texture": "#bottom", "cullface": "south"}
			}
		},
		{
			"name": "north bottom stone",
			"from": [1.5, 0.001, 0.5],
			"to": [14.5, 5.001, 7.5],
			"faces": {
				"north": {"uv": [1.5, 11, 14.5, 16], "texture": "#side"},
				"south": {"uv": [1.5, 11, 14.5, 16], "texture": "#bottom"},
				"down": {"uv": [1.5, 8.5, 14.5, 15.5], "texture": "#bottom", "cullface": "south"}
			}
		},
		{
			"name": "middle post 1",
			"from": [15.5, 5, 7.5],
			"to": [16, 7, 8.5],
			"faces": {
				"east": {"uv": [7.5, 9, 8.5, 11], "texture": "#side"},
				"west": {"uv": [7.5, 9, 8.5, 11], "texture": "#side"},
				"up": {"uv": [7.5, 0, 8, 1], "texture": "#4"},
				"down": {"uv": [0, 0, 0.5, 1], "texture": "#4", "cullface": "south"}
			}
		},
		{
			"name": "middle post 2",
			"from": [0, 5, 7.5],
			"to": [0.5, 7, 8.5],
			"faces": {
				"east": {"uv": [7.5, 9, 8.5, 11], "texture": "#side"},
				"west": {"uv": [7.5, 9, 8.5, 11], "texture": "#side"},
				"up": {"uv": [7.5, 0, 8, 1], "texture": "#4"},
				"down": {"uv": [0, 0, 0.5, 1], "texture": "#4", "cullface": "south"}
			}
		},
		{
			"name": "base",
			"from": [0, 5, 8.5],
			"to": [16, 7, 16],
			"faces": {
				"north": {"uv": [0, 2, 16, 9], "texture": "#bottom"},
				"east": {"uv": [0, 9, 7.5, 11], "texture": "#side"},
				"south": {"uv": [0, 9, 16, 11], "texture": "#side"},
				"west": {"uv": [8.5, 9, 16, 11], "texture": "#side"},
				"up": {"uv": [0, 8.5, 16, 16], "texture": "#4"},
				"down": {"uv": [0, 0, 16, 7.5], "texture": "#4", "cullface": "south"}
			}
		},
		{
			"name": "blade+",
			"from": [1, 8.25, 7.75],
			"to": [15, 10.25, 8.25],
			"faces": {
				"north": {"uv": [1, 14, 15, 16], "texture": "#saw", "tintindex": 0},
				"east": {"uv": [1, 14, 1.5, 16], "texture": "#saw"},
				"south": {"uv": [1, 14, 15, 16], "texture": "#saw", "tintindex": 0},
				"west": {"uv": [14.5, 14, 15, 16], "texture": "#saw"},
				"up": {"uv": [1, 14, 15, 14.5], "texture": "#saw"}
			}
		},
		{
			"name": "blade+1",
			"from": [1.5, 10.25, 7.75],
			"to": [14.5, 11.75, 8.25],
			"faces": {
				"north": {"uv": [1.5, 12.5, 14.5, 14], "texture": "#saw", "tintindex": 0},
				"east": {"uv": [1.5, 12.5, 2, 14], "texture": "#saw"},
				"south": {"uv": [1.5, 12.5, 14.5, 14], "texture": "#saw", "tintindex": 0},
				"west": {"uv": [14, 12.5, 14.5, 14], "texture": "#saw"},
				"up": {"uv": [1.5, 12.5, 14.5, 13], "texture": "#saw"}
			}
		},
		{
			"name": "blade+2",
			"from": [2, 11.75, 7.75],
			"to": [14, 12.75, 8.25],
			"faces": {
				"north": {"uv": [2, 11.5, 14, 12.5], "texture": "#saw", "tintindex": 0},
				"east": {"uv": [2, 11.5, 2.5, 12.5], "texture": "#saw"},
				"south": {"uv": [2, 11.5, 14, 12.5], "texture": "#saw", "tintindex": 0},
				"west": {"uv": [13.5, 11.5, 14, 12.5], "texture": "#saw"},
				"up": {"uv": [2, 11.5, 14, 12], "texture": "#saw"}
			}
		},
		{
			"name": "blade+3",
			"from": [2.5, 12.75, 7.75],
			"to": [13.5, 13.25, 8.25],
			"faces": {
				"north": {"uv": [2.5, 11, 13.5, 11.5], "texture": "#saw", "tintindex": 0},
				"east": {"uv": [2.5, 11, 3, 11.5], "texture": "#saw"},
				"south": {"uv": [2.5, 11, 13.5, 11.5], "texture": "#saw", "tintindex": 0},
				"west": {"uv": [13, 11, 13.5, 11.5], "texture": "#saw"},
				"up": {"uv": [2.5, 11, 13.5, 11.5], "texture": "#saw"}
			}
		},
		{
			"name": "blade+4",
			"from": [3, 13.25, 7.75],
			"to": [13, 13.75, 8.25],
			"faces": {
				"north": {"uv": [3, 10.5, 13, 11], "texture": "#saw", "tintindex": 0},
				"east": {"uv": [3, 10.5, 3.5, 11], "texture": "#saw"},
				"south": {"uv": [3, 10.5, 13, 11], "texture": "#saw", "tintindex": 0},
				"west": {"uv": [12.5, 10.5, 13, 11], "texture": "#saw"},
				"up": {"uv": [3, 10.5, 13, 11], "texture": "#saw"}
			}
		},
		{
			"name": "blade+5",
			"from": [3.5, 13.75, 7.75],
			"to": [12.5, 14.25, 8.25],
			"faces": {
				"north": {"uv": [3.5, 10, 12.5, 10.5], "texture": "#saw", "tintindex": 0},
				"east": {"uv": [3.5, 10, 4, 10.5], "texture": "#saw"},
				"south": {"uv": [3.5, 10, 12.5, 10.5], "texture": "#saw", "tintindex": 0},
				"west": {"uv": [12, 10, 12.5, 10.5], "texture": "#saw"},
				"up": {"uv": [3.5, 10, 12.5, 10.5], "texture": "#saw"}
			}
		},
		{
			"name": "blade+6",
			"from": [4.5, 14.25, 7.75],
			"to": [11.5, 14.75, 8.25],
			"faces": {
				"north": {"uv": [4.5, 9.5, 11.5, 10], "texture": "#saw", "tintindex": 0},
				"east": {"uv": [4.5, 9.5, 5, 10], "texture": "#saw"},
				"south": {"uv": [4.5, 9.5, 11.5, 10], "texture": "#saw", "tintindex": 0},
				"west": {"uv": [11, 9.5, 11.5, 10], "texture": "#saw"},
				"up": {"uv": [4.5, 9.5, 11.5, 10], "texture": "#saw"}
			}
		},
		{
			"name": "blade+7",
			"from": [6, 14.75, 7.75],
			"to": [10, 15.25, 8.25],
			"faces": {
				"north": {"uv": [6, 9, 10, 9.5], "texture": "#saw", "tintindex": 0},
				"east": {"uv": [6, 9, 6.5, 9.5], "texture": "#saw"},
				"south": {"uv": [6, 9, 10, 9.5], "texture": "#saw", "tintindex": 0},
				"west": {"uv": [9.5, 9, 10, 9.5], "texture": "#saw"},
				"up": {"uv": [6, 9, 10, 9.5], "texture": "#saw"}
			}
		},
		{
			"name": "blade-7",
			"from": [6, 1.25, 7.75],
			"to": [10, 1.75, 8.25],
			"faces": {
				"north": {"uv": [6, 9, 10, 9.5], "rotation": 180, "texture": "#saw", "tintindex": 0},
				"east": {"uv": [9.5, 9, 10, 9.5], "rotation": 180, "texture": "#saw"},
				"south": {"uv": [6, 9, 10, 9.5], "rotation": 180, "texture": "#saw", "tintindex": 0},
				"west": {"uv": [6, 9, 6.5, 9.5], "rotation": 180, "texture": "#saw"},
				"down": {"uv": [6, 9, 10, 9.5], "rotation": 180, "texture": "#saw"}
			}
		},
		{
			"name": "blade-6",
			"from": [4.5, 1.75, 7.75],
			"to": [11.5, 2.25, 8.25],
			"faces": {
				"north": {"uv": [4.5, 9.5, 11.5, 10], "rotation": 180, "texture": "#saw", "tintindex": 0},
				"east": {"uv": [11, 9.5, 11.5, 10], "rotation": 180, "texture": "#saw"},
				"south": {"uv": [4.5, 9.5, 11.5, 10], "rotation": 180, "texture": "#saw", "tintindex": 0},
				"west": {"uv": [4.5, 9.5, 5, 10], "rotation": 180, "texture": "#saw"},
				"down": {"uv": [4.5, 9.5, 11.5, 10], "rotation": 180, "texture": "#saw"}
			}
		},
		{
			"name": "blade-5",
			"from": [3.5, 2.25, 7.75],
			"to": [12.5, 2.75, 8.25],
			"faces": {
				"north": {"uv": [3.5, 10, 12.5, 10.5], "rotation": 180, "texture": "#saw", "tintindex": 0},
				"east": {"uv": [12, 10, 12.5, 10.5], "rotation": 180, "texture": "#saw"},
				"south": {"uv": [3.5, 10, 12.5, 10.5], "rotation": 180, "texture": "#saw", "tintindex": 0},
				"west": {"uv": [3.5, 10, 4, 10.5], "rotation": 180, "texture": "#saw"},
				"down": {"uv": [3.5, 10, 12.5, 10.5], "rotation": 180, "texture": "#saw"}
			}
		},
		{
			"name": "blade-4",
			"from": [3, 2.75, 7.75],
			"to": [13, 3.25, 8.25],
			"faces": {
				"north": {"uv": [3, 10.5, 13, 11], "rotation": 180, "texture": "#saw", "tintindex": 0},
				"east": {"uv": [12.5, 10.5, 13, 11], "rotation": 180, "texture": "#saw"},
				"south": {"uv": [3, 10.5, 13, 11], "rotation": 180, "texture": "#saw", "tintindex": 0},
				"west": {"uv": [3, 10.5, 3.5, 11], "rotation": 180, "texture": "#saw"},
				"down": {"uv": [3, 10.5, 13, 11], "rotation": 180, "texture": "#saw"}
			}
		},
		{
			"name": "blade-3",
			"from": [2.5, 3.25, 7.75],
			"to": [13.5, 3.75, 8.25],
			"faces": {
				"north": {"uv": [2.5, 11, 13.5, 11.5], "rotation": 180, "texture": "#saw", "tintindex": 0},
				"east": {"uv": [13, 11, 13.5, 11.5], "rotation": 180, "texture": "#saw"},
				"south": {"uv": [2.5, 11, 13.5, 11.5], "rotation": 180, "texture": "#saw", "tintindex": 0},
				"west": {"uv": [2.5, 11, 3, 11.5], "rotation": 180, "texture": "#saw"},
				"down": {"uv": [2.5, 11, 13.5, 11.5], "rotation": 180, "texture": "#saw"}
			}
		},
		{
			"name": "blade-2",
			"from": [2, 3.75, 7.75],
			"to": [14, 4.75, 8.25],
			"faces": {
				"north": {"uv": [2, 11.5, 14, 12.5], "rotation": 180, "texture": "#saw", "tintindex": 0},
				"east": {"uv": [13.5, 11.5, 14, 12.5], "rotation": 180, "texture": "#saw"},
				"south": {"uv": [2, 11.5, 14, 12.5], "rotation": 180, "texture": "#saw", "tintindex": 0},
				"west": {"uv": [2, 11.5, 2.5, 12.5], "rotation": 180, "texture": "#saw"},
				"down": {"uv": [2, 11.5, 14, 12], "rotation": 180, "texture": "#saw"}
			}
		},
		{
			"name": "blade-1",
			"from": [1.5, 4.75, 7.75],
			"to": [14.5, 6.25, 8.25],
			"faces": {
				"north": {"uv": [1.5, 12.5, 14.5, 14], "rotation": 180, "texture": "#saw", "tintindex": 0},
				"east": {"uv": [14, 12.5, 14.5, 14], "rotation": 180, "texture": "#saw"},
				"south": {"uv": [1.5, 12.5, 14.5, 14], "rotation": 180, "texture": "#saw", "tintindex": 0},
				"west": {"uv": [1.5, 12.5, 2, 14], "rotation": 180, "texture": "#saw"},
				"down": {"uv": [1.5, 12.5, 14.5, 13], "rotation": 180, "texture": "#saw"}
			}
		},
		{
			"name": "blade-",
			"from": [1, 6.25, 7.75],
			"to": [15, 8.25, 8.25],
			"faces": {
				"north": {"uv": [1, 14, 15, 16], "rotation": 180, "texture": "#saw", "tintindex": 0},
				"east": {"uv": [14.5, 14, 15, 16], "rotation": 180, "texture": "#saw"},
				"south": {"uv": [1, 14, 15, 16], "rotation": 180, "texture": "#saw", "tintindex": 0},
				"west": {"uv": [1, 14, 1.5, 16], "rotation": 180, "texture": "#saw"},
				"down": {"uv": [1, 14, 15, 14.5], "rotation": 180, "texture": "#saw"}
			}
		},
		{
			"name": "post",
			"from": [7.25, 7.5, 4.5],
			"to": [8.75, 9, 11.5],
			"faces": {
				"north": {"uv": [0, 0, 1.5, 1.5], "texture": "#4"},
				"east": {"uv": [3, 1, 10, 2], "texture": "#4"},
				"south": {"uv": [0, 0, 1.5, 1.5], "texture": "#4"},
				"west": {"uv": [3, 0, 10, 1], "texture": "#4"},
				"up": {"uv": [1.5, 0, 3, 7], "texture": "#4"},
				"down": {"uv": [0, 0, 1.5, 7], "texture": "#4"}
			}
		},
		{
			"from": [1.5, 0, 7.5],
			"to": [14.5, 1, 8.5],
			"faces": {
				"down": {"uv": [1.5, 7.5, 14.5, 8.5], "texture": "#bottom"}
			}
		}
	]
}