{
	"credit": "Made by Juknum",
	"textures": {
		"3": "block/tnt_top",
		"texture": "block/minecart",
		"down": "block/tnt_side",
		"north": "block/tnt_side",
		"particle": "block/tnt_top"
	},
	"elements": [
		{
			"from": [2, 2, 2],
			"to": [14, 14, 14],
			"faces": {
				"north": {"uv": [0, 0, 16, 16], "texture": "#down", "cullface": "north"},
				"east": {"uv": [0, 0, 16, 16], "texture": "#north", "cullface": "east"},
				"south": {"uv": [0, 0, 16, 16], "texture": "#down", "cullface": "south"},
				"west": {"uv": [0, 0, 16, 16], "texture": "#down", "cullface": "west"},
				"up": {"uv": [0, 0, 16, 16], "rotation": 90, "texture": "#3", "cullface": "up"}
			}
		},
		{
			"name": "minecart bottom",
			"from": [-2, 0, 0],
			"to": [18, 2, 16],
			"faces": {
				"north": {"uv": [0.5, 2.5, 5.5, 3], "texture": "#texture"},
				"east": {"uv": [0, 3, 0.5, 7], "rotation": 90, "texture": "#texture"},
				"south": {"uv": [0.5, 2.5, 5.5, 3], "texture": "#texture"},
				"west": {"uv": [5.5, 3, 6, 7], "rotation": 90, "texture": "#texture"},
				"up": {"uv": [6, 3, 11, 7], "texture": "#texture"},
				"down": {"uv": [0.5, 3, 5.5, 7], "texture": "#texture"}
			}
		},
		{
			"name": "minecart side left",
			"from": [-2, 2, 0],
			"to": [18, 10, 2],
			"faces": {
				"north": {"uv": [4.5, 0.5, 9.5, 2.5], "texture": "#texture"},
				"south": {"uv": [0, 0.5, 5, 2.5], "texture": "#texture"},
				"up": {"uv": [0, 0, 5, 0.5], "texture": "#texture"}
			}
		},
		{
			"name": "minecart side bottom",
			"from": [-2, 2, 0],
			"to": [0, 10, 16],
			"faces": {
				"north": {"uv": [0, 0.5, 0.5, 2.5], "texture": "#texture"},
				"east": {"uv": [0.75, 0.5, 4.25, 2.5], "texture": "#texture"},
				"west": {"uv": [5.25, 0.5, 8.75, 2.5], "texture": "#texture"},
				"up": {"uv": [0, 0.5, 0.5, 2.5], "texture": "#texture"}
			}
		},
		{
			"name": "minecart side bottom",
			"from": [16, 2, 0],
			"to": [18, 10, 16],
			"faces": {
				"east": {"uv": [5.25, 0.5, 8.75, 2.5], "texture": "#texture"},
				"south": {"uv": [0, 0.5, 0.5, 2.5], "texture": "#texture"},
				"west": {"uv": [0.75, 0.5, 4.25, 2.5], "texture": "#texture"},
				"up": {"uv": [4.5, 0.5, 5, 2.5], "rotation": 180, "texture": "#texture"}
			}
		},
		{
			"name": "minecart side right",
			"from": [-2, 2, 14],
			"to": [18, 10, 16],
			"faces": {
				"north": {"uv": [0, 0.5, 5, 2.5], "texture": "#texture"},
				"south": {"uv": [4.5, 0.5, 9.5, 2.5], "texture": "#texture"},
				"up": {"uv": [0, 0, 5, 0.5], "rotation": 180, "texture": "#texture"}
			}
		}
	],
	"display": {
		"thirdperson_righthand": {
			"rotation": [0, 90, 45],
			"translation": [0, 3, 1],
			"scale": [0.325, 0.325, 0.325]
		},
		"thirdperson_lefthand": {
			"rotation": [0, 90, 45],
			"translation": [0, 3, 1],
			"scale": [0.325, 0.325, 0.325]
		},
		"firstperson_righthand": {
			"rotation": [0, 45, 0],
			"translation": [0, 1, 0],
			"scale": [0.4, 0.4, 0.4]
		},
		"firstperson_lefthand": {
			"rotation": [0, 45, 0],
			"translation": [0, 1, 0],
			"scale": [0.4, 0.4, 0.4]
		},
		"ground": {
			"translation": [0, -1, 0],
			"scale": [0.25, 0.25, 0.25]
		},
		"gui": {
			"rotation": [30, 225, 0],
			"scale": [0.585, 0.585, 0.585]
		},
		"fixed": {
			"scale": [0.5, 0.5, 0.5]
		}
	}
}