{
	"credit": "Made with Blockbench by bentogambin, tweaked by Juknum",
	"parent": "block/block",
	"ambientocclusion": true,
	"textures": {
		"3": "block/bookshelf_empty",
		"4": "block/bookshelf_3d",
		"end": "block/oak_planks",
		"particle": "block/oak_planks"
	},
	"elements": [
		{
			"from": [0, 0, 0],
			"to": [16, 0.5, 16],
			"faces": {
				"north": {"uv": [0, 15.5, 16, 16], "texture": "#end"},
				"east": {"uv": [0, 15.5, 16, 16], "texture": "#end"},
				"south": {"uv": [0, 15.5, 16, 16], "texture": "#end"},
				"west": {"uv": [0, 15.5, 16, 16], "texture": "#end"},
				"up": {"uv": [0, 0, 16, 16], "texture": "#end"},
				"down": {"uv": [0, 0, 16, 16], "texture": "#end"}
			}
		},
		{
			"from": [0, 15.5, 0],
			"to": [16, 16, 16],
			"faces": {
				"north": {"uv": [0, 4.75, 16, 5.25], "texture": "#end"},
				"east": {"uv": [0, 6.5, 16, 7], "texture": "#end"},
				"south": {"uv": [0, 5, 16, 5.5], "texture": "#end"},
				"west": {"uv": [0, 0.5, 16, 1], "texture": "#end"},
				"up": {"uv": [0, 0, 16, 16], "texture": "#end"},
				"down": {"uv": [0, 0, 16, 16], "texture": "#end"}
			}
		},
		{
			"from": [0.0625, 7.5625, 0.0625],
			"to": [15.9375, 8.4375, 15.9375],
			"faces": {
				"north": {"uv": [0, 5.5, 16, 6.5], "texture": "#end"},
				"east": {"uv": [0, 5.5, 16, 6.5], "texture": "#end"},
				"south": {"uv": [0, 5.5, 16, 6.5], "texture": "#end"},
				"west": {"uv": [0, 5.5, 16, 6.5], "texture": "#end"},
				"up": {"uv": [0, 5.5, 16, 6.5], "texture": "#end"},
				"down": {"uv": [0, 5.5, 16, 6.5], "texture": "#end"}
			}
		},
		{
			"from": [5, 0.5, 5],
			"to": [11, 15.5, 11],
			"faces": {
				"north": {"uv": [5, 0.5, 11, 15.5], "texture": "#3"},
				"east": {"uv": [5, 0.5, 11, 15.5], "texture": "#3"},
				"south": {"uv": [5, 0.5, 11, 15.5], "texture": "#3"},
				"west": {"uv": [5, 0.5, 11, 15.5], "texture": "#3"},
				"up": {"uv": [0, 4.25, 16, 12], "rotation": 90, "texture": "#3"},
				"down": {"uv": [0, 4.25, 16, 12], "rotation": 90, "texture": "#3"}
			}
		},
		{
			"from": [0, 0.5, 13.5],
			"to": [4.25, 7.5, 15.5],
			"faces": {
				"north": {"uv": [4, 3.25, 5, 6.75], "texture": "#4"},
				"east": {"uv": [4, 6.75, 7.375, 7.75], "rotation": 90, "texture": "#4"},
				"south": {"uv": [5, 3.25, 7.125, 6.75], "texture": "#4"},
				"west": {"uv": [4, 3.25, 5, 6.75], "texture": "#4"},
				"up": {"uv": [4, 3.25, 5, 6.75], "texture": "#4"},
				"down": {"uv": [4, 3.25, 5, 6.75], "texture": "#4"}
			}
		},
		{
			"from": [1, 0.5, 10.5],
			"to": [5, 5, 12],
			"faces": {
				"north": {"uv": [5.5, 7.75, 6.25, 10], "texture": "#4"},
				"east": {"uv": [5.5, 7.75, 6.25, 10], "texture": "#4"},
				"south": {"uv": [6.25, 7.75, 8.25, 10], "texture": "#4"},
				"west": {"uv": [5.5, 7.75, 6.25, 10], "texture": "#4"},
				"up": {"uv": [6.25, 10, 8.25, 10.75], "rotation": 180, "texture": "#4"},
				"down": {"uv": [5.5, 7.75, 6.25, 10], "texture": "#4"}
			}
		},
		{
			"from": [0, 0.5, 8.5],
			"to": [5, 6.5, 10.5],
			"faces": {
				"north": {"uv": [3.25, 7.75, 5.5, 10.75], "texture": "#4"},
				"east": {"uv": [2.25, 7.75, 3.25, 10.75], "texture": "#4"},
				"south": {"uv": [3.25, 7.75, 5.5, 10.75], "texture": "#4"},
				"west": {"uv": [2.25, 7.75, 3.25, 10.75], "texture": "#4"},
				"up": {"uv": [3.25, 10.75, 5.5, 11.625], "rotation": 180, "texture": "#4"},
				"down": {"uv": [2.25, 7.75, 3.25, 10.75], "texture": "#4"}
			}
		},
		{
			"from": [1, 8.625, 8.5],
			"to": [5, 13.125, 9.5],
			"rotation": {"angle": -22.5, "axis": "x", "origin": [2.5, 11.5, 9.5]},
			"faces": {
				"north": {"uv": [8, 4.5, 10, 6.75], "texture": "#4"},
				"east": {"uv": [7.5, 4.5, 8, 6.75], "texture": "#4"},
				"south": {"uv": [8, 4.5, 10, 6.75], "texture": "#4"},
				"west": {"uv": [7.5, 4.5, 8, 6.75], "texture": "#4"},
				"up": {"uv": [8.125, 6.75, 10, 7.25], "rotation": 180, "texture": "#4"},
				"down": {"uv": [7.875, 6.75, 10, 7.25], "rotation": 180, "texture": "#4"}
			}
		},
		{
			"from": [2, 0.5, 5.5],
			"to": [5, 4, 6.5],
			"faces": {
				"north": {"uv": [7.5, 4.5, 8, 6.75], "texture": "#4"},
				"east": {"uv": [7.5, 4.5, 8, 6.75], "texture": "#4"},
				"south": {"uv": [8, 4.5, 10, 6.75], "texture": "#4"},
				"west": {"uv": [7.5, 4.5, 8, 6.75], "texture": "#4"},
				"up": {"uv": [8.375, 6.75, 10, 7.25], "rotation": 180, "texture": "#4"},
				"down": {"uv": [7.5, 4.5, 8, 6.75], "texture": "#4"}
			}
		},
		{
			"from": [6, 8.5, 11],
			"to": [11, 9.5, 15.75],
			"rotation": {"angle": 0, "axis": "z", "origin": [17.5, 10.75, 6]},
			"faces": {
				"north": {"uv": [7.5, 4.5, 8, 6.75], "rotation": 90, "texture": "#4"},
				"east": {"uv": [7.5, 4.5, 8, 6.75], "rotation": 90, "texture": "#4"},
				"south": {"uv": [7.5, 4.5, 8, 6.75], "rotation": 90, "texture": "#4"},
				"west": {"uv": [7.5, 4.5, 8, 6.75], "rotation": 90, "texture": "#4"},
				"up": {"uv": [7.875, 4.5, 10, 6.75], "rotation": 90, "texture": "#4"},
				"down": {"uv": [7.5, 4.5, 8, 6.75], "rotation": 90, "texture": "#4"}
			}
		},
		{
			"from": [0, 0.5, 3.5],
			"to": [5, 7.5, 5.5],
			"faces": {
				"north": {"uv": [1, 11.625, 3.5, 15.125], "texture": "#4"},
				"east": {"uv": [0, 11.625, 1, 15.125], "texture": "#4"},
				"south": {"uv": [1, 11.625, 3.5, 15.125], "texture": "#4"},
				"west": {"uv": [0, 11.625, 1, 15.125], "texture": "#4"},
				"up": {"uv": [0, 11.625, 1, 15.125], "texture": "#4"},
				"down": {"uv": [0, 11.625, 1, 15.125], "texture": "#4"}
			}
		},
		{
			"from": [0, 0.5, 0.5],
			"to": [3.5, 7.5, 1.5],
			"faces": {
				"north": {"uv": [0.5, 7, 2.25, 10.5], "texture": "#4"},
				"east": {"uv": [0, 10.5, 2.125, 11], "rotation": 90, "texture": "#4"},
				"south": {"uv": [0.5, 7, 2.25, 10.5], "texture": "#4"},
				"west": {"uv": [0, 7, 0.5, 10.5], "texture": "#4"},
				"up": {"uv": [0, 7, 0.5, 10.5], "texture": "#4"},
				"down": {"uv": [0, 7, 0.5, 10.5], "texture": "#4"}
			}
		},
		{
			"from": [0, 0.875, 9.275],
			"to": [5, 4.125, 10.2],
			"rotation": {"angle": 22.5, "axis": "x", "origin": [8, 8, 8]},
			"faces": {
				"north": {"uv": [8.5, 4.5, 10, 6.75], "rotation": 90, "texture": "#4"},
				"east": {"uv": [8.5, 4.5, 10, 6.75], "rotation": 90, "texture": "#4"},
				"south": {"uv": [8.5, 4.5, 10, 6.75], "rotation": 90, "texture": "#4"},
				"west": {"uv": [8, 6.75, 10, 7.25], "rotation": 90, "texture": "#4"},
				"up": {"uv": [7.5, 6.75, 9.875, 7.25], "texture": "#4"},
				"down": {"uv": [8.5, 4.5, 10, 6.75], "rotation": 90, "texture": "#4"}
			}
		},
		{
			"from": [11, 0.5, 0.5],
			"to": [16, 7.5, 2.5],
			"faces": {
				"north": {"uv": [5, 3.25, 7.5, 6.75], "texture": "#4"},
				"east": {"uv": [4, 3.25, 5, 6.75], "texture": "#4"},
				"south": {"uv": [5, 3.25, 7.5, 6.75], "rotation": 180, "texture": "#4"},
				"west": {"uv": [4, 6.75, 7.375, 7.75], "rotation": 90, "texture": "#4"},
				"up": {"uv": [4, 3.25, 5, 6.75], "texture": "#4"},
				"down": {"uv": [4, 3.25, 5, 6.75], "texture": "#4"}
			}
		},
		{
			"from": [3.5, 0.5, 0],
			"to": [5, 5, 3.5],
			"faces": {
				"north": {"uv": [5.5, 7.75, 6.25, 10], "texture": "#4"},
				"east": {"uv": [5.5, 7.75, 6.25, 10], "texture": "#4"},
				"south": {"uv": [5.5, 7.75, 6.25, 10], "texture": "#4"},
				"west": {"uv": [6.5, 7.75, 8.25, 10], "rotation": 180, "texture": "#4"},
				"up": {"uv": [6.5, 10, 8.25, 10.75], "rotation": 270, "texture": "#4"},
				"down": {"uv": [5.5, 7.75, 6.25, 10], "texture": "#4"}
			}
		},
		{
			"from": [11, 0.5, 7.5],
			"to": [15.75, 7.5, 9.5],
			"faces": {
				"north": {"uv": [4, 3.25, 5, 6.75], "texture": "#4"},
				"east": {"uv": [4, 3.25, 5, 6.75], "texture": "#4"},
				"south": {"uv": [4, 3.25, 5, 6.75], "texture": "#4"},
				"west": {"uv": [4, 3.25, 5, 6.75], "texture": "#4"},
				"up": {"uv": [4, 3.25, 5, 6.75], "texture": "#4"},
				"down": {"uv": [4, 3.25, 5, 6.75], "texture": "#4"}
			}
		},
		{
			"from": [11, 0.5, 3.5],
			"to": [15, 5, 5],
			"faces": {
				"north": {"uv": [6.25, 7.75, 8.25, 10], "texture": "#4"},
				"east": {"uv": [5.5, 7.75, 6.25, 10], "texture": "#4"},
				"south": {"uv": [6.25, 7.75, 8.25, 10], "texture": "#4"},
				"west": {"uv": [5.5, 7.75, 6.25, 10], "texture": "#4"},
				"up": {"uv": [6.25, 10, 8.25, 10.75], "texture": "#4"},
				"down": {"uv": [5.5, 7.75, 6.25, 10], "texture": "#4"}
			}
		},
		{
			"from": [5, 0.5, 0.5],
			"to": [7, 7.5, 5],
			"faces": {
				"north": {"uv": [2.25, 7.75, 3.125, 10.75], "texture": "#4"},
				"east": {"uv": [3.25, 7.75, 5.125, 10.625], "rotation": 180, "texture": "#4"},
				"south": {"uv": [3.625, 7.75, 5.5, 10.75], "texture": "#4"},
				"west": {"uv": [3.25, 7.75, 5.125, 10.75], "texture": "#4"},
				"up": {"uv": [3.625, 7.75, 5.5, 10.75], "texture": "#4"},
				"down": {"uv": [3.625, 7.75, 5.5, 10.75], "texture": "#4"}
			}
		},
		{
			"from": [11, 0.5, 5.5],
			"to": [15.5, 6.5, 7.5],
			"faces": {
				"north": {"uv": [3.25, 7.75, 5.5, 10.75], "texture": "#4"},
				"east": {"uv": [2.25, 7.75, 3.25, 10.625], "texture": "#4"},
				"south": {"uv": [2.25, 7.75, 3.25, 10.625], "texture": "#4"},
				"west": {"uv": [2.25, 7.75, 3.25, 10.625], "texture": "#4"},
				"up": {"uv": [3.5, 10.75, 5.5, 11.625], "texture": "#4"},
				"down": {"uv": [2.25, 7.75, 3.25, 10.625], "texture": "#4"}
			}
		},
		{
			"from": [7.9, 1.825, 2],
			"to": [8.925, 5.825, 5],
			"rotation": {"angle": 22.5, "axis": "z", "origin": [9, 3.25, 3.5]},
			"faces": {
				"north": {"uv": [7.5, 4.5, 8.025, 6.75], "texture": "#4"},
				"east": {"uv": [8, 4.5, 9.625, 6.75], "texture": "#4"},
				"south": {"uv": [8, 4.5, 9.625, 6.75], "texture": "#4"},
				"west": {"uv": [8, 4.5, 9.625, 6.75], "texture": "#4"},
				"up": {"uv": [8.75, 6.75, 10, 7.25], "rotation": 270, "texture": "#4"},
				"down": {"uv": [8.625, 6.75, 10, 7.25], "texture": "#4"}
			}
		},
		{
			"from": [11, 0.5, 9.5],
			"to": [14, 4, 10.5],
			"faces": {
				"north": {"uv": [7.5, 4.5, 8.125, 6.75], "texture": "#4"},
				"east": {"uv": [7.5, 4.5, 8.125, 6.75], "texture": "#4"},
				"south": {"uv": [7.5, 4.5, 8.125, 6.75], "texture": "#4"},
				"west": {"uv": [7.5, 4.5, 8.125, 6.75], "texture": "#4"},
				"up": {"uv": [8.625, 6.75, 10, 7.25], "texture": "#4"},
				"down": {"uv": [7.5, 4.5, 8.125, 6.75], "texture": "#4"}
			}
		},
		{
			"from": [6, 8.9375, 1],
			"to": [7.5, 13.1875, 5],
			"rotation": {"angle": -22.5, "axis": "z", "origin": [5.75, 11.5, 2.75]},
			"faces": {
				"north": {"uv": [5.5, 7.75, 6.25, 10], "texture": "#4"},
				"east": {"uv": [6.125, 7.75, 8.25, 10], "texture": "#4"},
				"south": {"uv": [6.125, 7.75, 8.25, 10], "texture": "#4"},
				"west": {"uv": [6.125, 7.75, 8.25, 10], "rotation": 180, "texture": "#4"},
				"up": {"uv": [6.25, 10, 8.25, 10.75], "rotation": 270, "texture": "#4"},
				"down": {"uv": [6.25, 10, 8.25, 10.75], "rotation": 90, "texture": "#4"}
			}
		},
		{
			"from": [9.5, 1.5, 0],
			"to": [11, 7.5, 5],
			"faces": {
				"north": {"uv": [0, 12.625, 0.75, 15.125], "texture": "#4"},
				"east": {"uv": [0, 12.625, 0.75, 15.125], "texture": "#4"},
				"south": {"uv": [0, 12.625, 0.75, 15.125], "texture": "#4"},
				"west": {"uv": [1.375, 12.625, 3.5, 15.125], "texture": "#4"},
				"up": {"uv": [0, 12.625, 0.75, 15.125], "texture": "#4"},
				"down": {"uv": [0.375, 15, 3.5, 16], "rotation": 90, "texture": "#4"}
			}
		},
		{
			"from": [11, 0.5, 10.5],
			"to": [16, 7.5, 12],
			"faces": {
				"north": {"uv": [1, 11.625, 3.5, 15.125], "texture": "#4"},
				"east": {"uv": [0, 11.625, 0.75, 15.125], "texture": "#4"},
				"south": {"uv": [1, 11.625, 3.5, 15.125], "texture": "#4"},
				"west": {"uv": [0, 15, 3.375, 16], "rotation": 90, "texture": "#4"},
				"up": {"uv": [1, 11.625, 3.5, 15.125], "texture": "#4"},
				"down": {"uv": [1, 11.625, 3.5, 15.125], "texture": "#4"}
			}
		},
		{
			"from": [6.5, 0.5, 11],
			"to": [8.5, 7.25, 15.75],
			"faces": {
				"north": {"uv": [4, 3.375, 5, 6.75], "texture": "#4"},
				"east": {"uv": [5.125, 3.375, 7.5, 6.75], "texture": "#4"},
				"south": {"uv": [4, 3.375, 5, 6.75], "texture": "#4"},
				"west": {"uv": [4, 3.375, 5, 6.75], "texture": "#4"},
				"up": {"uv": [5.125, 6.75, 7.5, 7.75], "rotation": 90, "texture": "#4"},
				"down": {"uv": [4, 3.375, 5, 6.75], "texture": "#4"}
			}
		},
		{
			"from": [13.5, 0.5, 12],
			"to": [15.5, 7.5, 16],
			"faces": {
				"north": {"uv": [4, 3.25, 5, 6.75], "texture": "#4"},
				"east": {"uv": [5, 3.25, 7, 6.75], "texture": "#4"},
				"south": {"uv": [4, 3.25, 5, 6.75], "texture": "#4"},
				"west": {"uv": [5, 3.25, 7, 6.75], "texture": "#4"},
				"up": {"uv": [4, 3.25, 5, 6.75], "texture": "#4"},
				"down": {"uv": [4, 3.25, 5, 6.75], "texture": "#4"}
			}
		},
		{
			"from": [11.125, 1, 12],
			"to": [12.625, 5.5, 15],
			"rotation": {"angle": -22.5, "axis": "z", "origin": [11.25, 2.75, 13.5]},
			"faces": {
				"north": {"uv": [5.5, 7.75, 6.25, 10], "texture": "#4"},
				"east": {"uv": [6.75, 7.75, 8.25, 10], "texture": "#4"},
				"south": {"uv": [5.5, 7.75, 6.25, 10], "texture": "#4"},
				"west": {"uv": [6.75, 7.75, 8.25, 10], "texture": "#4"},
				"up": {"uv": [6.75, 10, 8.25, 10.75], "rotation": 90, "texture": "#4"},
				"down": {"uv": [6.625, 10, 8.25, 10.75], "rotation": 270, "texture": "#4"}
			}
		},
		{
			"from": [5.5, 0.5, 11],
			"to": [6.5, 7.5, 16.25],
			"faces": {
				"north": {"uv": [9.75, 0, 10.25, 3.5], "texture": "#4"},
				"east": {"uv": [10.5, 0, 13.125, 3.5], "texture": "#4"},
				"south": {"uv": [9.75, 0, 10.25, 3.5], "texture": "#4"},
				"west": {"uv": [10.5, 0, 13.125, 3.5], "texture": "#4"},
				"up": {"uv": [8.75, 3.5, 13.125, 4.5], "rotation": 90, "texture": "#4"},
				"down": {"uv": [7.875, 3.5, 13.125, 4.5], "rotation": 270, "texture": "#4"}
			}
		},
		{
			"from": [8.5, 0.5, 11],
			"to": [10.5, 6.5, 15.5],
			"faces": {
				"north": {"uv": [2.25, 7.75, 3.25, 10.75], "texture": "#4"},
				"east": {"uv": [3.25, 7.75, 5.5, 10.75], "texture": "#4"},
				"south": {"uv": [2.25, 7.75, 3.25, 10.75], "texture": "#4"},
				"west": {"uv": [2.25, 7.75, 3.25, 10.75], "texture": "#4"},
				"up": {"uv": [3.5, 10.75, 5.5, 11.625], "rotation": 90, "texture": "#4"},
				"down": {"uv": [2.25, 7.75, 3.25, 10.75], "texture": "#4"}
			}
		},
		{
			"from": [4.25, 0.5, 12],
			"to": [5.5, 5.5, 15.75],
			"faces": {
				"north": {"uv": [5.5, 10, 8.125, 10.75], "rotation": 90, "texture": "#4"},
				"east": {"uv": [5.5, 7.75, 6.125, 10], "texture": "#4"},
				"south": {"uv": [5.5, 7.75, 6.125, 10], "texture": "#4"},
				"west": {"uv": [6.5, 7.75, 8.25, 10], "texture": "#4"},
				"up": {"uv": [6.125, 10, 8.25, 10.75], "rotation": 90, "texture": "#4"},
				"down": {"uv": [5.5, 7.75, 6.125, 10], "texture": "#4"}
			}
		},
		{
			"name": "supports",
			"from": [0, 0.5, 0],
			"to": [0.5, 15.5, 0.5],
			"rotation": {"angle": 0, "axis": "y", "origin": [0.25, 8, 0.25]},
			"faces": {
				"north": {"uv": [0, 9, 15, 9.5], "rotation": 90, "texture": "#end"},
				"east": {"uv": [0, 10.25, 15, 10.75], "rotation": 90, "texture": "#end"},
				"south": {"uv": [0.75, 6, 15.75, 6.5], "rotation": 90, "texture": "#end"},
				"west": {"uv": [0.5, 13.25, 15.5, 13.75], "rotation": 90, "texture": "#end"},
				"up": {"uv": [0, 9, 15, 9.5], "rotation": 90, "texture": "#end"},
				"down": {"uv": [0, 9, 15, 9.5], "rotation": 90, "texture": "#end"}
			}
		},
		{
			"name": "supports",
			"from": [15.5, 0.5, 0],
			"to": [16, 15.5, 0.5],
			"rotation": {"angle": 0, "axis": "y", "origin": [15.75, 8, 0.25]},
			"faces": {
				"north": {"uv": [0, 9, 15, 9.5], "rotation": 90, "texture": "#end"},
				"east": {"uv": [0, 10.25, 15, 10.75], "rotation": 90, "texture": "#end"},
				"south": {"uv": [0.75, 6, 15.75, 6.5], "rotation": 90, "texture": "#end"},
				"west": {"uv": [0.5, 13.25, 15.5, 13.75], "rotation": 90, "texture": "#end"},
				"up": {"uv": [0, 9, 15, 9.5], "rotation": 90, "texture": "#end"},
				"down": {"uv": [0, 9, 15, 9.5], "rotation": 90, "texture": "#end"}
			}
		},
		{
			"name": "supports",
			"from": [0, 0.5, 15.5],
			"to": [0.5, 15.5, 16],
			"rotation": {"angle": 0, "axis": "y", "origin": [0.25, 8, 15.75]},
			"faces": {
				"north": {"uv": [0, 9, 15, 9.5], "rotation": 90, "texture": "#end"},
				"east": {"uv": [0, 10.25, 15, 10.75], "rotation": 90, "texture": "#end"},
				"south": {"uv": [0.75, 6, 15.75, 6.5], "rotation": 90, "texture": "#end"},
				"west": {"uv": [0.5, 13.25, 15.5, 13.75], "rotation": 90, "texture": "#end"},
				"up": {"uv": [0, 9, 15, 9.5], "rotation": 90, "texture": "#end"},
				"down": {"uv": [0, 9, 15, 9.5], "rotation": 90, "texture": "#end"}
			}
		},
		{
			"name": "supports",
			"from": [15.5, 0.5, 15.5],
			"to": [16, 15.5, 16],
			"rotation": {"angle": 0, "axis": "y", "origin": [15.75, 8, 15.75]},
			"faces": {
				"north": {"uv": [0, 9, 15, 9.5], "rotation": 90, "texture": "#end"},
				"east": {"uv": [0, 10.25, 15, 10.75], "rotation": 90, "texture": "#end"},
				"south": {"uv": [0.75, 6, 15.75, 6.5], "rotation": 90, "texture": "#end"},
				"west": {"uv": [0.5, 13.25, 15.5, 13.75], "rotation": 90, "texture": "#end"},
				"up": {"uv": [0, 9, 15, 9.5], "rotation": 90, "texture": "#end"},
				"down": {"uv": [0, 9, 15, 9.5], "rotation": 90, "texture": "#end"}
			}
		},
		{
			"from": [13, 8.5, 12.5],
			"to": [15.5, 15.5, 15.75],
			"faces": {
				"north": {"uv": [6.5, 0, 7.375, 2.25], "texture": "#4"},
				"east": {"uv": [8.125, 0, 9.125, 2.25], "texture": "#4"},
				"south": {"uv": [6.5, 0, 7.375, 2.25], "texture": "#4"},
				"west": {"uv": [7.75, 0, 9, 2.25], "rotation": 180, "texture": "#4"},
				"up": {"uv": [6.5, 0, 7.375, 2.25], "texture": "#4"},
				"down": {"uv": [6.5, 0, 7.375, 2.25], "texture": "#4"}
			}
		},
		{
			"from": [11, 8.5, 11],
			"to": [13, 14.5, 16],
			"faces": {
				"north": {"uv": [3, 0.125, 4, 3], "texture": "#4"},
				"east": {"uv": [0.5, 0, 3, 3], "texture": "#4"},
				"south": {"uv": [0, 0, 1, 3], "texture": "#4"},
				"west": {"uv": [1, 0, 3, 3], "texture": "#4"},
				"up": {"uv": [3, 0, 4, 2.5], "rotation": 180, "texture": "#4"},
				"down": {"uv": [0, 0, 1, 3], "texture": "#4"}
			}
		},
		{
			"from": [4, 8.5, 11.125],
			"to": [6, 15.5, 16.125],
			"faces": {
				"north": {"uv": [9.5, 0, 10.5, 3.5], "texture": "#4"},
				"east": {"uv": [10.5, 0, 13.125, 3.5], "texture": "#4"},
				"south": {"uv": [9.5, 0, 10.5, 3.5], "texture": "#4"},
				"west": {"uv": [10.5, 0, 13.125, 3.5], "texture": "#4"},
				"up": {"uv": [10.625, 3.5, 13.125, 4.5], "rotation": 90, "texture": "#4"},
				"down": {"uv": [10.75, 3.5, 13.125, 4.5], "rotation": 270, "texture": "#4"}
			}
		},
		{
			"from": [8, 9.5, 11],
			"to": [10, 15.5, 16],
			"faces": {
				"north": {"uv": [0, 6, 2.875, 7], "rotation": 90, "texture": "#4"},
				"east": {"uv": [1, 3, 4, 6], "texture": "#4"},
				"south": {"uv": [0, 3, 1, 6], "texture": "#4"},
				"west": {"uv": [1, 3, 4, 6], "texture": "#4"},
				"up": {"uv": [1, 6, 4, 7], "rotation": 90, "texture": "#4"},
				"down": {"uv": [1.375, 6, 4, 7], "rotation": 270, "texture": "#4"}
			}
		},
		{
			"from": [2.5, 8.5, 13],
			"to": [4, 13, 16],
			"faces": {
				"north": {"uv": [4.875, 0, 5.625, 2.25], "texture": "#4"},
				"east": {"uv": [4.875, 0, 5.625, 2.25], "texture": "#4"},
				"south": {"uv": [4.875, 0, 5.625, 2.25], "texture": "#4"},
				"west": {"uv": [4.875, 0, 5.625, 2.25], "texture": "#4"},
				"up": {"uv": [7.5, 2.25, 9.5, 3.25], "rotation": 90, "texture": "#4"},
				"down": {"uv": [4.875, 0, 5.625, 2.25], "texture": "#4"}
			}
		},
		{
			"from": [0.5, 8.5, 12.625],
			"to": [2.5, 15.5, 16.125],
			"faces": {
				"north": {"uv": [8.25, 10.75, 11.625, 11.75], "rotation": 90, "texture": "#4"},
				"east": {"uv": [9.25, 7.25, 11, 10.75], "texture": "#4"},
				"south": {"uv": [8.25, 7.25, 9.25, 10.75], "texture": "#4"},
				"west": {"uv": [10, 7.25, 11.75, 10.75], "texture": "#4"},
				"up": {"uv": [10, 10.75, 11.75, 11.75], "rotation": 90, "texture": "#4"},
				"down": {"uv": [10, 10.75, 11.75, 11.75], "rotation": 270, "texture": "#4"}
			}
		},
		{
			"from": [11, 8.5, 9],
			"to": [15, 13, 10.5],
			"rotation": {"angle": 0, "axis": "y", "origin": [8, 8, 5]},
			"faces": {
				"north": {"uv": [0, 0, 1, 4.5], "texture": "#4"},
				"east": {"uv": [4.5, 0, 5.25, 2.25], "texture": "#4"},
				"south": {"uv": [0, 0, 1, 4.5], "texture": "#4"},
				"west": {"uv": [0, 0, 1.5, 4.5], "texture": "#4"},
				"up": {"uv": [6.75, 2.25, 9.5, 3.25], "texture": "#4"},
				"down": {"uv": [0, 0, 1, 1.5], "rotation": 180, "texture": "#4"}
			}
		},
		{
			"from": [11, 8.5, 7],
			"to": [15.75, 14.5, 9],
			"rotation": {"angle": 0, "axis": "y", "origin": [8, 8, 5]},
			"faces": {
				"north": {"uv": [0, 0, 1, 6], "texture": "#4"},
				"east": {"uv": [0, 3, 1, 6], "texture": "#4"},
				"south": {"uv": [1, 3, 3.375, 6], "texture": "#4"},
				"west": {"uv": [0, 0, 2, 6], "texture": "#4"},
				"up": {"uv": [1.5, 6, 4, 7], "texture": "#4"},
				"down": {"uv": [0, 0, 1, 2], "rotation": 180, "texture": "#4"}
			}
		},
		{
			"from": [11, 8.5, 5],
			"to": [16.25, 15.5, 7],
			"rotation": {"angle": 0, "axis": "y", "origin": [8, 8, 5]},
			"faces": {
				"north": {"uv": [10.5, 0, 13.125, 3.5], "texture": "#4"},
				"east": {"uv": [9.5, 0, 10.5, 3.5], "texture": "#4"},
				"south": {"uv": [10.5, 0, 13.125, 3.5], "texture": "#4"},
				"west": {"uv": [0, 0, 2, 7], "texture": "#4"},
				"up": {"uv": [10.375, 3.5, 13.125, 4.5], "texture": "#4"},
				"down": {"uv": [10.5, 3.5, 13.125, 4.5], "texture": "#4"}
			}
		},
		{
			"from": [12, 8.5, 3],
			"to": [16, 14.5, 5],
			"faces": {
				"north": {"uv": [1, 0, 3, 3], "texture": "#4"},
				"east": {"uv": [0, 0, 1, 3], "texture": "#4"},
				"south": {"uv": [11, 1.5, 13, 7.5], "texture": "#4"},
				"west": {"uv": [0, 0, 2, 6], "texture": "#4"},
				"up": {"uv": [3, 0, 4, 2.125], "rotation": 90, "texture": "#4"},
				"down": {"uv": [0, 0, 1, 2], "rotation": 180, "texture": "#4"}
			}
		},
		{
			"from": [13, 8.5, 10.5],
			"to": [16, 15.5, 12.5],
			"rotation": {"angle": 0, "axis": "y", "origin": [8, 8, 5]},
			"faces": {
				"north": {"uv": [10.25, 7.25, 11.75, 10.75], "texture": "#4"},
				"east": {"uv": [8.25, 7.25, 9.25, 10.75], "texture": "#4"},
				"south": {"uv": [10.25, 7.25, 11.75, 10.75], "texture": "#4"},
				"west": {"uv": [8.25, 10.75, 11.625, 11.75], "rotation": 90, "texture": "#4"},
				"up": {"uv": [8.25, 7.25, 9.25, 10.75], "texture": "#4"},
				"down": {"uv": [9.375, 10.75, 11.75, 11.75], "texture": "#4"}
			}
		},
		{
			"from": [2.75, 8.5, 0.5],
			"to": [4.75, 13, 4.5],
			"faces": {
				"north": {"uv": [6.5, 0, 7.5, 2.25], "texture": "#4"},
				"east": {"uv": [7.5, 0, 9.5, 2.25], "rotation": 180, "texture": "#4"},
				"south": {"uv": [6.5, 2.25, 9.5, 3.25], "rotation": 90, "texture": "#4"},
				"west": {"uv": [7.5, 0, 9.5, 2.25], "texture": "#4"},
				"up": {"uv": [7.375, 2.25, 9.5, 3.25], "rotation": 270, "texture": "#4"},
				"down": {"uv": [0, 0, 4, 2], "rotation": 270, "texture": "#4"}
			}
		},
		{
			"from": [0.5, 8.5, 0],
			"to": [2.5, 14.5, 4],
			"faces": {
				"north": {"uv": [0, 0, 1, 3], "texture": "#4"},
				"east": {"uv": [1, 0, 3, 3], "texture": "#4"},
				"south": {"uv": [0, 0, 2, 6], "texture": "#4"},
				"west": {"uv": [1, 0, 3, 3], "texture": "#4"},
				"up": {"uv": [3, 0, 4, 2], "texture": "#4"},
				"down": {"uv": [0, 0, 1, 3], "rotation": 270, "texture": "#4"}
			}
		},
		{
			"from": [10, 8.5, 0.25],
			"to": [12, 15.5, 5],
			"faces": {
				"north": {"uv": [9.5, 0, 10.5, 3.5], "texture": "#4"},
				"east": {"uv": [10.5, 0, 12.875, 3.5], "texture": "#4"},
				"south": {"uv": [10.5, 0, 12.875, 3.5], "texture": "#4"},
				"west": {"uv": [10.5, 0, 12.875, 3.5], "texture": "#4"},
				"up": {"uv": [10.5, 0, 12.875, 3.5], "texture": "#4"},
				"down": {"uv": [10.5, 0, 12.875, 3.5], "texture": "#4"}
			}
		},
		{
			"from": [8, 8.5, 0],
			"to": [10, 14.5, 5],
			"faces": {
				"north": {"uv": [0, 3, 1, 6], "texture": "#4"},
				"east": {"uv": [1, 3, 4, 6], "texture": "#4"},
				"south": {"uv": [1, 3, 4, 6], "texture": "#4"},
				"west": {"uv": [1, 3, 4, 6], "texture": "#4"},
				"up": {"uv": [0, 6, 4, 7], "rotation": 270, "texture": "#4"},
				"down": {"uv": [0, 0, 1, 2], "rotation": 270, "texture": "#4"}
			}
		},
		{
			"from": [13, 8.5, 0.25],
			"to": [14.5, 13, 3],
			"faces": {
				"north": {"uv": [7.5, 0, 8.25, 2.25], "texture": "#4"},
				"east": {"uv": [7.5, 0, 8.25, 2.25], "texture": "#4"},
				"south": {"uv": [7.5, 0, 8.25, 2.25], "texture": "#4"},
				"west": {"uv": [7.875, 0, 9.25, 2.25], "texture": "#4"},
				"up": {"uv": [7.625, 2.25, 9.5, 3.25], "rotation": 270, "texture": "#4"},
				"down": {"uv": [7.5, 0, 8.25, 2.25], "texture": "#4"}
			}
		},
		{
			"from": [7, 0.5, 0.75],
			"to": [11, 1.5, 3.5],
			"rotation": {"angle": 0, "axis": "z", "origin": [13.75, 10.75, 1.625]},
			"faces": {
				"north": {"uv": [4, 0, 4.5, 2.25], "rotation": 90, "texture": "#4"},
				"east": {"uv": [4, 0, 4.5, 2.25], "rotation": 90, "texture": "#4"},
				"south": {"uv": [4, 0, 4.5, 2.25], "rotation": 90, "texture": "#4"},
				"west": {"uv": [4, 0, 4.5, 2.25], "rotation": 90, "texture": "#4"},
				"up": {"uv": [4.5, 0, 6, 2.25], "rotation": 270, "texture": "#4"},
				"down": {"uv": [4, 0, 4.5, 2.25], "rotation": 90, "texture": "#4"}
			}
		},
		{
			"from": [14.5, 8.5, 0],
			"to": [15.5, 15.5, 3],
			"faces": {
				"north": {"uv": [8.5, 7.25, 9, 10.75], "texture": "#4"},
				"east": {"uv": [10.25, 7.25, 11.75, 10.75], "texture": "#4"},
				"south": {"uv": [5.5, 10, 8.25, 10.75], "rotation": 90, "texture": "#4"},
				"west": {"uv": [10.25, 7.25, 11.75, 10.75], "texture": "#4"},
				"up": {"uv": [8.5, 7.25, 9, 10.75], "texture": "#4"},
				"down": {"uv": [8.5, 7.25, 9, 10.75], "texture": "#4"}
			}
		},
		{
			"from": [0.5, 14.5, 0.5],
			"to": [3.5, 15.5, 5],
			"faces": {
				"north": {"uv": [6, 0, 6.5, 1.5], "rotation": 270, "texture": "#4"},
				"east": {"uv": [4, 0, 4.5, 2.25], "rotation": 90, "texture": "#4"},
				"south": {"uv": [6, 0, 6.5, 1.5], "rotation": 90, "texture": "#4"},
				"west": {"uv": [6, 0.125, 6.5, 2.25], "rotation": 270, "texture": "#4"},
				"up": {"uv": [2.5, 3, 4, 7.5], "texture": "#4"},
				"down": {"uv": [4.5, 0, 6, 2.25], "rotation": 180, "texture": "#4"}
			}
		},
		{
			"from": [0.5, 8.5, 4],
			"to": [5, 14.5, 6],
			"faces": {
				"north": {"uv": [1, 3, 3.75, 6], "texture": "#4"},
				"east": {"uv": [0, 6, 3.75, 7], "rotation": 90, "texture": "#4"},
				"south": {"uv": [0, 0, 1, 6], "texture": "#4"},
				"west": {"uv": [0, 3, 1, 6], "texture": "#4"},
				"up": {"uv": [1.5, 6, 4, 7], "rotation": 180, "texture": "#4"},
				"down": {"uv": [0, 0, 1, 2], "texture": "#4"}
			}
		},
		{
			"from": [0, 8.5, 6],
			"to": [5, 15.5, 8],
			"faces": {
				"north": {"uv": [10.5, 0, 13, 3.5], "texture": "#4"},
				"east": {"uv": [9.5, 0, 10.5, 3.5], "texture": "#4"},
				"south": {"uv": [10.5, 0, 13, 3.5], "texture": "#4"},
				"west": {"uv": [9.5, 0, 10.5, 3.5], "texture": "#4"},
				"up": {"uv": [9.5, 0, 10.5, 3.5], "texture": "#4"},
				"down": {"uv": [9.5, 0, 10.5, 1.375], "texture": "#4"}
			}
		},
		{
			"from": [0, 8.5, 10.625],
			"to": [4, 14.5, 12.625],
			"faces": {
				"north": {"uv": [1, 0, 3, 3], "texture": "#4"},
				"east": {"uv": [0, 0, 2, 6], "texture": "#4"},
				"south": {"uv": [1, 0, 3, 3], "texture": "#4"},
				"west": {"uv": [0, 0, 1, 3], "texture": "#4"},
				"up": {"uv": [3, 0, 4, 2], "rotation": 270, "texture": "#4"},
				"down": {"uv": [0, 0, 1, 2], "texture": "#4"}
			}
		}
	]
}