{
	"credit": "Made with Blockbench by Howler & rewrote by Juknum",
	"parent": "block/block",
	"ambientocclusion": false,
	"textures": {
		"2": "block/jukebox_inside",
		"3": "item/disc",
		"texture": "block/jukebox_top",
		"particle": "block/jukebox_side"
	},
	"elements": [
		{
			"from": [0, 0, 0],
			"to": [7, 16, 16],
			"faces": {
				"north": {"uv": [9, 0, 16, 16], "texture": "#particle", "cullface": "north"},
				"east": {"uv": [0, 0, 16, 16], "texture": "#2", "cullface": "up"},
				"south": {"uv": [0, 0, 7, 16], "texture": "#particle", "cullface": "south"},
				"west": {"uv": [0, 0, 16, 16], "texture": "#particle", "cullface": "west"},
				"up": {"uv": [9, 0, 16, 16], "rotation": 180, "texture": "#texture", "cullface": "up"},
				"down": {"uv": [0, 0, 7, 16], "texture": "#particle", "cullface": "down"}
			}
		},
		{
			"from": [9, 0, 0],
			"to": [16, 16, 16],
			"faces": {
				"north": {"uv": [0, 0, 7, 16], "texture": "#particle", "cullface": "north"},
				"east": {"uv": [0, 0, 16, 16], "texture": "#particle", "cullface": "east"},
				"south": {"uv": [9, 0, 16, 16], "texture": "#particle", "cullface": "south"},
				"west": {"uv": [0, 0, 16, 16], "texture": "#2", "cullface": "up"},
				"up": {"uv": [0, 0, 7, 16], "rotation": 180, "texture": "#texture", "cullface": "up"},
				"down": {"uv": [9, 0, 16, 16], "texture": "#particle", "cullface": "down"}
			}
		},
		{
			"from": [7, 6, 0],
			"to": [9, 16, 3],
			"faces": {
				"north": {"uv": [7, 0, 9, 10], "texture": "#particle", "cullface": "north"},
				"south": {"uv": [7, 0, 9, 10], "texture": "#2", "cullface": "up"},
				"up": {"uv": [7, 13, 9, 16], "rotation": 180, "texture": "#texture", "cullface": "up"}
			}
		},
		{
			"from": [7, 0, 0],
			"to": [9, 6, 16],
			"faces": {
				"north": {"uv": [7, 10, 9, 16], "texture": "#particle", "cullface": "north"},
				"south": {"uv": [7, 10, 9, 16], "texture": "#particle", "cullface": "south"},
				"up": {"uv": [7, 0, 9, 16], "rotation": 180, "texture": "#texture", "cullface": "up"},
				"down": {"uv": [7, 0, 9, 16], "texture": "#particle", "cullface": "down"}
			}
		},
		{
			"from": [7, 10.25, 7],
			"to": [7.5, 12.25, 9],
			"faces": {
				"north": {"uv": [7, 3, 7.5, 3.5], "texture": "#texture", "cullface": "up"},
				"east": {"uv": [7, 3, 9, 3.5], "rotation": 90, "texture": "#texture", "cullface": "up"},
				"south": {"uv": [7, 3, 7.5, 3.5], "texture": "#texture", "cullface": "up"},
				"up": {"uv": [7, 3, 7.5, 3.5], "rotation": 180, "texture": "#texture", "cullface": "up"},
				"down": {"uv": [7, 3, 7.5, 3.5], "texture": "#texture", "cullface": "up"}
			}
		},
		{
			"from": [7, 6, 13],
			"to": [9, 16, 16],
			"faces": {
				"north": {"uv": [7, 0, 9, 10], "texture": "#2", "cullface": "up"},
				"south": {"uv": [7, 0, 9, 10], "texture": "#particle", "cullface": "south"},
				"up": {"uv": [7, 0, 9, 3], "rotation": 180, "texture": "#texture", "cullface": "up"}
			}
		},
		{
			"name": "disc_0",
			"from": [7.5, 6.75, 5.5],
			"to": [8.5, 15.75, 10.5],
			"rotation": {"angle": 0, "axis": "y", "origin": [15.75, 11.25, 8]},
			"faces": {
				"north": {"uv": [10, 3.5, 10.5, 12.5], "texture": "#3", "cullface": "up"},
				"east": {"uv": [5.5, 3.5, 10.5, 12.5], "texture": "#3", "cullface": "up"},
				"south": {"uv": [5.5, 3.5, 6, 12.5], "texture": "#3", "cullface": "up"},
				"west": {"uv": [5.5, 12.5, 10.5, 3.5], "rotation": 180, "texture": "#3", "cullface": "up"},
				"up": {"uv": [10.5, 3.5, 5.5, 4], "rotation": 90, "texture": "#3", "cullface": "up"},
				"down": {"uv": [5.5, 12, 10.5, 12.5], "rotation": 90, "texture": "#3", "cullface": "up"}
			}
		},
		{
			"name": "disc_1",
			"from": [7.5, 7.25, 10.5],
			"to": [8.5, 15.25, 11.5],
			"rotation": {"angle": 0, "axis": "y", "origin": [15.75, 11.25, 8]},
			"faces": {
				"east": {"uv": [4.5, 4, 5.5, 12], "texture": "#3", "cullface": "up"},
				"south": {"uv": [4.5, 4, 5, 12], "texture": "#3", "cullface": "up"},
				"west": {"uv": [4.5, 12, 5.5, 4], "rotation": 180, "texture": "#3", "cullface": "up"},
				"up": {"uv": [5.5, 4, 4.5, 4.5], "rotation": 90, "texture": "#3", "cullface": "up"},
				"down": {"uv": [4.5, 11.5, 5.5, 12], "rotation": 90, "texture": "#3", "cullface": "up"}
			}
		},
		{
			"name": "disc_2",
			"from": [7.5, 7.25, 4.5],
			"to": [8.5, 15.25, 5.5],
			"rotation": {"angle": 0, "axis": "y", "origin": [15.75, 11.25, 8]},
			"faces": {
				"north": {"uv": [11, 4, 11.5, 12], "texture": "#3", "cullface": "up"},
				"east": {"uv": [10.5, 4, 11.5, 12], "texture": "#3", "cullface": "up"},
				"west": {"uv": [10.5, 12, 11.5, 4], "rotation": 180, "texture": "#3", "cullface": "up"},
				"up": {"uv": [11.5, 4, 10.5, 4.5], "rotation": 90, "texture": "#3", "cullface": "up"},
				"down": {"uv": [10.5, 11.5, 11.5, 12], "rotation": 90, "texture": "#3", "cullface": "up"}
			}
		},
		{
			"name": "disc_3",
			"from": [7.5, 7.75, 11.5],
			"to": [8.5, 14.75, 12],
			"rotation": {"angle": 0, "axis": "y", "origin": [15.75, 11.25, 8]},
			"faces": {
				"east": {"uv": [4, 4.5, 4.5, 11.5], "texture": "#3", "cullface": "up"},
				"south": {"uv": [4, 4.5, 4.5, 11.5], "texture": "#3", "cullface": "up"},
				"west": {"uv": [4, 11.5, 4.5, 4.5], "rotation": 180, "texture": "#3", "cullface": "up"},
				"up": {"uv": [4.5, 4.5, 4, 5], "rotation": 90, "texture": "#3", "cullface": "up"},
				"down": {"uv": [4, 11, 4.5, 11.5], "rotation": 90, "texture": "#3", "cullface": "up"}
			}
		},
		{
			"name": "disc_4",
			"from": [7.5, 7.75, 4],
			"to": [8.5, 14.75, 4.5],
			"rotation": {"angle": 0, "axis": "y", "origin": [15.75, 11.25, 8]},
			"faces": {
				"north": {"uv": [11.5, 4.5, 12, 11.5], "texture": "#3", "cullface": "up"},
				"east": {"uv": [11.5, 4.5, 12, 11.5], "texture": "#3", "cullface": "up"},
				"west": {"uv": [11.5, 11.5, 12, 4.5], "rotation": 180, "texture": "#3", "cullface": "up"},
				"up": {"uv": [12, 4.5, 11.5, 5], "rotation": 90, "texture": "#3", "cullface": "up"},
				"down": {"uv": [11.5, 11, 12, 11.5], "rotation": 90, "texture": "#3", "cullface": "up"}
			}
		},
		{
			"name": "disc_5",
			"from": [7.5, 8.75, 12],
			"to": [8.5, 13.75, 12.5],
			"rotation": {"angle": 0, "axis": "y", "origin": [15.75, 11.25, 8]},
			"faces": {
				"east": {"uv": [3.5, 5.5, 4, 10.5], "texture": "#3", "cullface": "up"},
				"south": {"uv": [3.5, 5.5, 4, 10.5], "texture": "#3", "cullface": "up"},
				"west": {"uv": [3.5, 10.5, 4, 5.5], "rotation": 180, "texture": "#3", "cullface": "up"},
				"up": {"uv": [4, 5.5, 3.5, 6], "rotation": 90, "texture": "#3", "cullface": "up"},
				"down": {"uv": [3.5, 10, 4, 10.5], "rotation": 90, "texture": "#3", "cullface": "up"}
			}
		},
		{
			"name": "disc_6",
			"from": [7.5, 8.75, 3.5],
			"to": [8.5, 13.75, 4],
			"rotation": {"angle": 0, "axis": "y", "origin": [15.75, 11.25, 8]},
			"faces": {
				"north": {"uv": [12, 5.5, 12.5, 10.5], "texture": "#3", "cullface": "up"},
				"east": {"uv": [12, 5.5, 12.5, 10.5], "texture": "#3", "cullface": "up"},
				"west": {"uv": [12, 10.5, 12.5, 5.5], "rotation": 180, "texture": "#3", "cullface": "up"},
				"up": {"uv": [12.5, 5.5, 12, 6], "rotation": 90, "texture": "#3", "cullface": "up"},
				"down": {"uv": [12, 10, 12.5, 10.5], "rotation": 90, "texture": "#3", "cullface": "up"}
			}
		}
	],
	"groups": [0, 1, 2, 3, 4, 5,
		{
			"name": "disc",
			"origin": [8, 8, 8],
			"children": [6, 7, 8, 9, 10, 11, 12]
		}
	]
}
